ticker,company,sector,industry_code,exchange,state,ipo_date,fiscal_year_end,employees,sales,cogs,sga,r_and_d,ebitda,ebit,interest_expense,net_income,dividends,capex,cfo,total_assets,total_liabilities,total_debt,cash,book_equity,shares_out,price,market_cap,ret_2025,vol_2025,beta_2025
NVDA,Nvidia Corp,Information Technology,453010,NASDAQ,CA,1999-01-22,2026-01-31,42.0,215938.0,55274.0,23076.0,18497.0,137588.0,134745.0,259.0,120067.0,974.0,6042.0,102718.0,206803.0,49510.0,11412.0,62556.0,157293.0,24304.0,191.13,4645223.52,0.3892,0.4962,1.873
GOOGL,Alphabet Inc,Communication Services,502030,NASDAQ,CA,2004-08-19,2025-12-31,190.82,402836.0,141399.0,106405.0,61087.0,155032.0,133896.0,1183.0,132170.0,10315.0,91447.0,164713.0,595281.0,180016.0,66996.0,126843.0,412706.0,12088.0,313.0,3783544.0,0.66,0.3235,1.0332
AAPL,Apple Inc,Information Technology,452020,NASDAQ,CA,1980-12-12,2025-09-30,166.0,416161.0,212960.0,62151.0,34550.0,141050.0,133050.0,,112010.0,15413.0,12715.0,111482.0,359241.0,285508.0,112377.0,54697.0,73733.0,14773.26,254.63,3761715.194,0.0904,0.3251,1.255
MSFT,Microsoft Corp,Information Technology,451030,NASDAQ,WA,1986-03-13,2025-06-30,228.0,281724.0,59831.0,65365.0,32488.0,156528.0,128528.0,2425.0,101832.0,24677.0,64551.0,136162.0,619003.0,275524.0,112184.0,94565.0,343479.0,7434.0,497.41,3697745.94,0.1559,0.2426,0.8762
AMZN,Amazon.Com Inc,Consumer Discretionary,255030,NASDAQ,WA,1997-05-15,2025-12-31,1576.0,716924.0,314554.0,273196.0,108521.0,129174.0,86497.0,2274.0,77670.0,0.0,131819.0,139514.0,818042.0,406977.0,178547.0,123329.0,411065.0,10731.0,230.82,2476929.42,0.0521,0.3442,1.3252
AVGO,Broadcom Inc,Information Technology,453010,NASDAQ,CA,2009-08-06,2025-10-31,33.0,63887.0,13912.0,14972.0,10977.0,35003.0,26367.0,3072.0,23126.0,11142.0,623.0,27537.0,171092.0,89800.0,66461.0,16178.0,81292.0,4741.0,369.63,1752415.83,0.5065,0.5306,1.808
TSLA,Tesla Inc,Consumer Discretionary,251020,NASDAQ,TX,2010-06-29,2025-12-31,134.785,94827.0,71585.0,12245.0,6411.0,10997.0,4849.0,338.0,3794.0,0.0,8527.0,14747.0,137806.0,54941.0,14719.0,44448.0,82137.0,3751.0,449.72,1686899.72,0.1136,0.6349,2.2344
META,Meta Platforms Inc,Communication Services,502030,NASDAQ,CA,2012-05-18,2025-12-31,78.865,200966.0,17559.0,81515.0,57372.0,101892.0,83276.0,1700.0,60458.0,5421.0,69691.0,115800.0,366021.0,148778.0,85081.0,82429.0,217243.0,2530.0,660.09,1670027.7,0.1309,0.3802,1.3853
BRK.B,Berkshire Hathaway,Financials,402010,NYSE,NE,,2025-12-31,387.815,410522.0,299828.0,,,110694.0,97218.0,5069.0,66968.0,0.0,20927.0,45969.0,1222176.0,502473.0,135371.0,386952.0,717419.0,2157.335,502.65,1084384.438,0.1089,0.1871,0.4675
LLY,Lilly (Eli) & Co,Health Care,352020,NYSE,IN,,2025-12-31,50.0,65179.0,9250.0,24431.0,16247.0,31498.0,29696.0,895.0,20640.0,5586.0,7841.0,16813.0,112476.0,85941.0,43865.0,7373.0,26535.0,894.8,1074.68,961623.664,0.4024,0.4037,0.6242
WMT,Walmart Inc,Consumer Staples,301010,NASDAQ,AR,,2026-01-31,2100.0,710813.0,521112.0,147588.0,0.0,42113.0,27910.0,2724.0,21893.0,7507.0,26642.0,41565.0,284668.0,178488.0,67095.0,10727.0,99617.0,7969.0,119.14,949426.66,0.2449,0.251,0.5545
JPM,Jpmorgan Chase & Co,Financials,401010,NYSE,NY,,2025-12-31,318.512,279717.0,112110.0,59948.0,,107659.0,98838.0,,57048.0,16060.0,0.0,-147782.0,4424900.0,4062462.0,951715.0,679764.0,342393.0,2696.273,322.22,868793.086,0.3732,0.2484,0.9474
V,Visa Inc,Financials,402010,NYSE,CA,2008-03-19,2025-09-30,34.1,40000.0,11875.0,,,28125.0,26905.0,589.0,20058.0,4634.0,1482.0,23059.0,99627.0,61718.0,26084.0,26820.0,37164.0,1918.0,341.38,654766.84,0.1176,0.2254,0.7505
ORCL,Oracle Corp,Information Technology,451030,NYSE,TX,,2026-05-31,141.0,67357.0,15398.0,20221.0,10272.0,31738.0,22444.0,4599.0,17087.0,5725.0,55663.0,31977.0,261759.0,218703.0,167432.0,31894.0,37554.0,2880.0,225.78,650246.4,0.1816,0.6169,1.4501
MA,Mastercard Inc,Financials,402010,NYSE,NY,2006-05-25,2025-12-31,39.8,32791.0,12247.0,,,20544.0,19401.0,722.0,14968.0,2840.0,489.0,17648.0,54157.0,46411.0,19833.0,11459.0,7737.0,894.0,570.88,510366.72,0.0903,0.2275,0.7534
XOM,Exxonmobil Holdings Corp,Energy,101020,NYSE,TX,,2025-12-31,57.9,323905.0,251939.0,12135.0,1200.0,59831.0,33938.0,2137.0,28844.0,17231.0,28358.0,51970.0,448980.0,182354.0,50487.0,10681.0,259386.0,4179.0,120.34,502900.86,0.1598,0.2341,0.5169
JNJ,Johnson & Johnson,Health Care,352020,NYSE,NJ,,2025-12-31,140.8,94193.0,22575.0,38378.0,14746.0,33240.0,25737.0,1085.0,26804.0,12381.0,4832.0,24530.0,199210.0,117666.0,47933.0,20102.0,81544.0,2407.939,206.95,498322.976,0.4746,0.1956,0.052
PLTR,Palantir Technolog Inc,Information Technology,451030,NASDAQ,FL,2020-09-30,2025-12-31,4.429,4475.446,763.032,2272.254,557.677,1440.16,1414.015,,1625.033,0.0,33.882,2134.473,8900.392,1412.381,229.338,7179.561,7387.268,2391.192,177.75,425034.378,1.3503,0.672,2.0616
COST,Costco Wholesale Corp,Consumer Staples,301010,NASDAQ,WA,1993-09-22,2025-08-31,341.0,275235.0,237460.0,24966.0,0.0,12809.0,10383.0,154.0,8099.0,2183.0,5498.0,13335.0,77099.0,47935.0,9935.0,15284.0,29164.0,443.237,943.32,418114.327,-0.054,0.2161,0.4563
ASML,Asml Holding Nv,Information Technology,453010,NASDAQ,,1995-03-15,2025-12-31,44.209,38355.508,17357.097,5241.531,4249.864,15756.88,14152.907,138.899,11991.343,2994.372,1847.604,16234.046,65254.135,36857.911,5450.643,15641.582,28396.224,385.418,1069.86,412343.301,0.5584,0.3996,1.3955
ABBV,Abbvie Inc,Health Care,352010,NYSE,IL,,2025-12-31,57.0,61160.0,9203.0,22845.0,14112.0,29112.0,20973.0,2893.0,4226.0,11819.0,1214.0,19030.0,133960.0,137188.0,68379.0,5257.0,-3270.0,1767.876,228.49,403941.987,0.3313,0.2585,0.4003
BAC,Bank Of America Corp,Financials,401010,NYSE,NC,,2025-12-31,213.207,191567.0,84145.0,49794.0,,57628.0,55314.0,,30509.0,8083.0,0.0,12613.0,3411738.0,3108495.0,719706.0,555897.0,277251.0,7212.464,55.0,396685.52,0.2803,0.2672,0.9565
NFLX,Netflix Inc,Communication Services,502020,NASDAQ,CA,2002-05-23,2025-12-31,16.0,45183.036,22322.94,8581.104,3391.39,14278.992,13945.603,776.51,10981.201,0.0,688.22,10149.273,55596.993,28981.505,16975.837,9067.728,26615.488,4222.162,93.76,395869.909,0.0519,0.3395,0.8134
PG,Procter & Gamble Co,Consumer Staples,303010,NYSE,OH,,2025-06-30,109.0,84284.0,38167.0,22498.0,2100.0,23619.0,20772.0,907.0,15974.0,9606.0,3773.0,17817.0,125231.0,72947.0,35464.0,9556.0,51907.0,2341.994,159.32,373126.484,-0.1225,0.1892,0.1414
HD,Home Depot Inc,Consumer Discretionary,255040,NYSE,GA,,2026-01-31,472.4,164683.0,109032.0,30702.0,0.0,24949.0,20890.0,2412.0,14156.0,9152.0,3679.0,16325.0,105095.0,92282.0,65350.0,1848.0,12813.0,996.0,374.59,373091.64,-0.0931,0.2315,0.5993
AMD,Advanced Micro Devices,Information Technology,453010,NASDAQ,CA,,2025-12-31,31.0,34639.0,15539.0,12011.0,8091.0,7089.0,4314.0,131.0,4335.0,0.0,974.0,7709.0,76926.0,13927.0,4006.0,10569.0,62999.0,1630.0,214.16,349080.8,0.773,0.6061,2.0549
GE,Ge Aerospace,Industrials,201010,NYSE,OH,,2025-12-31,57.0,45179.0,30191.0,5758.0,1580.0,9230.0,8010.0,843.0,8704.0,,1273.0,8537.0,130169.0,111271.0,21557.0,12392.0,18677.0,1048.767,308.03,323051.699,0.8574,0.304,1.0803
CVX,Chevron Corp,Energy,101020,NYSE,TX,,2025-12-31,43.039,184432.0,141397.0,6063.0,427.0,36972.0,16840.0,1392.0,12299.0,12751.0,17347.0,33939.0,324012.0,131836.0,46743.0,6471.0,186450.0,1994.416,152.41,303968.943,0.1012,0.2426,0.6419
KO,Coca-Cola Co,Consumer Staples,302010,NYSE,GA,,2025-12-31,65.9,47941.0,17347.0,14593.0,,16001.0,14951.0,1654.0,13107.0,8779.0,2112.0,7408.0,104816.0,70541.0,47214.0,15806.0,32169.0,4302.0,69.91,300752.82,0.1562,0.1751,0.0471
UNH,Unitedhealth Group Inc,Health Care,351020,NYSE,MN,,2025-12-31,390.0,448086.0,364027.0,57982.0,0.0,26077.0,21716.0,4002.0,12056.0,7916.0,3622.0,19697.0,309581.0,207883.0,78389.0,28121.0,94110.0,906.0,330.11,299079.66,-0.3311,0.4746,0.3064
WFC,Wells Fargo & Co,Financials,401010,NYSE,CA,,2025-12-31,205.198,123013.0,43488.0,39432.0,,40093.0,40093.0,,21338.0,5543.0,0.0,-19001.0,2148631.0,1965593.0,429884.0,368139.0,164509.0,3092.618,93.2,288231.998,0.3556,0.2908,1.012
MS,Morgan Stanley,Financials,402030,NYSE,NY,,2025-12-31,82.992,119662.0,54659.0,,,65003.0,60345.0,38391.0,16861.0,6147.0,2898.0,-17889.0,1420270.0,1307618.0,594710.0,231938.0,101882.0,1582.834,177.53,281000.52,0.4518,0.3061,1.2988
IBM,Intl Business Machines Corp,Information Technology,451020,NYSE,NY,,2025-12-31,286.8,67535.0,25032.0,27017.0,8316.0,15486.0,11365.0,2304.0,10593.0,6255.0,1091.0,13193.0,151880.0,119139.0,64607.0,14471.0,32648.0,936.952,296.21,277534.552,0.3826,0.3016,0.711
GS,Goldman Sachs Group Inc,Financials,402030,NYSE,NY,1999-05-03,2025-12-31,47.4,125097.0,52392.0,,,72705.0,70707.0,48421.0,17176.0,4424.0,2064.0,-45154.0,1809320.0,1683902.0,787681.0,305308.0,109819.0,307.1,879.0,269940.9,0.5661,0.3119,1.326
CSCO,Cisco Systems Inc,Information Technology,452010,NASDAQ,CA,1990-02-16,2025-07-31,86.2,56654.0,17635.0,23246.0,9300.0,15773.0,12911.0,1593.0,10180.0,6437.0,905.0,14193.0,122291.0,75448.0,29643.0,16674.0,46843.0,3960.0,68.08,269596.8,0.3352,0.2373,0.8546
CAT,Caterpillar Inc,Industrials,201060,NYSE,TX,,2025-12-31,118.0,67589.0,42898.0,9133.0,2148.0,15558.0,13296.0,1861.0,8884.0,2788.0,4286.0,11739.0,98585.0,77267.0,44058.0,10728.0,21318.0,465.287,572.87,266548.964,0.603,0.3199,1.1301
MRK,Merck & Co Inc,Health Care,352020,NYSE,NJ,,2025-12-31,75.0,65011.0,10134.0,26344.0,15789.0,28533.0,23852.0,1357.0,18254.0,8248.0,4112.0,16472.0,136866.0,84204.0,50534.0,14690.0,52606.0,2474.627,105.26,260479.238,0.0978,0.3034,0.384
AXP,American Express Co,Financials,402020,NYSE,NY,,2025-12-31,76.8,80463.0,60629.0,,,19834.0,18057.0,2589.0,10833.0,2271.0,2426.0,18428.0,300052.0,266578.0,62948.0,48618.0,33474.0,686.0,369.95,253785.7,0.2602,0.3147,1.3161
PM,Philip Morris International,Consumer Staples,302030,NYSE,CT,,2025-12-31,84.9,40648.0,11370.0,11857.0,756.0,17421.0,15425.0,1587.0,11348.0,8817.0,1569.0,12233.0,69185.0,77213.0,49568.0,4892.0,-9994.0,1556.657,160.4,249687.783,0.3801,0.2647,0.0878
RTX,Rtx Corp,Industrials,201010,NYSE,VA,,2025-12-31,180.0,88603.0,66814.0,8902.0,2807.0,12887.0,8887.0,1835.0,6732.0,3419.0,2627.0,10567.0,171079.0,103941.0,39956.0,7435.0,65245.0,1342.287,183.4,246175.436,0.6146,0.2721,0.5546
APP,Applovin Corp,Communication Services,502010,NASDAQ,CA,2021-04-15,2025-12-31,0.898,5480.717,597.14,580.98,226.51,4302.597,4179.493,207.016,3333.751,0.0,0.0,4015.475,7259.61,5124.939,3667.394,2487.096,2134.671,338.313,673.82,227962.066,1.0808,0.7881,2.1384
TMUS,T-Mobile Us Inc,Communication Services,501020,NASDAQ,WA,,2025-12-31,75.0,88309.0,32380.0,22764.0,,33165.0,19657.0,3817.0,10992.0,4240.0,9955.0,27950.0,219237.0,160034.0,122269.0,5894.0,59203.0,1106.931,203.04,224751.27,-0.066,0.2732,0.2348
INTU,Intuit Inc,Information Technology,451030,NASDAQ,CA,1993-03-12,2025-07-31,18.2,18831.0,3520.0,9564.0,2928.0,5747.0,4938.0,247.0,3869.0,1190.0,124.0,6207.0,36958.0,17248.0,6639.0,4552.0,19710.0,279.129,785.13,219152.552,0.0611,0.3051,0.8709
TMO,Thermo Fisher Scientific Inc,Health Care,352030,NYSE,MA,,2025-12-31,125.0,44557.0,24985.0,8462.0,1397.0,11110.0,8330.0,1419.0,6704.0,650.0,1525.0,7818.0,110343.0,56807.0,40855.0,10109.0,53407.0,376.221,579.45,218001.258,0.1178,0.3225,0.8527
ABT,Abbott Laboratories,Health Care,351010,NYSE,IL,,2025-12-31,115.0,44328.0,17754.0,14899.0,2942.0,11675.0,8559.0,493.0,6524.0,4189.0,2171.0,9566.0,86713.0,33942.0,14136.0,8939.0,52130.0,1736.599,125.29,217578.489,0.1289,0.2211,0.23
MCD,Mcdonald'S Corp,Consumer Discretionary,253010,NYSE,IL,,2025-12-31,150.0,26885.0,10308.0,2583.0,0.0,13994.0,12394.0,1611.0,8563.0,5115.0,3365.0,10551.0,59515.0,61306.0,54813.0,774.0,-1791.0,710.6,305.63,217180.678,0.079,0.1852,0.1587
SHOP,Shopify Inc,Information Technology,451020,NASDAQ,ON,2015-05-21,2025-12-31,7.6,11556.0,5992.0,4052.0,1536.0,1512.0,1481.0,3.0,1231.0,0.0,26.0,2033.0,15189.0,1716.0,188.0,5778.0,13473.0,1303.905,160.97,209889.588,0.5139,0.5938,2.2163
DIS,Disney (Walt) Co,Communication Services,502020,NYSE,CA,,2025-09-30,231.0,94425.0,58766.0,16501.0,,19158.0,13832.0,2134.0,12404.0,1820.0,8024.0,18101.0,197514.0,82902.0,45423.0,5695.0,109869.0,1791.0,114.5,205069.5,0.033,0.298,1.0555
C,Citigroup Inc,Financials,401010,NYSE,NY,,2025-12-31,226.0,169651.0,95127.0,,,74524.0,70151.0,48106.0,14306.0,4340.0,6520.0,-67632.0,2657202.0,2443380.0,803638.0,757556.0,192241.0,1747.547,116.69,203921.259,0.7037,0.3143,1.228
ISRG,Intuitive Surgical Inc,Health Care,351010,NASDAQ,CA,2000-06-13,2025-12-31,17.021,10064.7,2813.3,3680.1,1311.8,3571.3,2958.1,0.0,2856.0,0.0,539.8,3030.5,20458.7,2517.0,170.9,5959.3,17824.0,355.1,566.36,201114.436,0.0851,0.3611,1.2176
LIN,Linde Plc,Materials,151010,NASDAQ,,,2025-12-31,65.177,33986.0,17389.0,3580.0,147.0,13017.0,9254.0,575.0,6898.0,2811.0,5261.0,10350.0,86817.0,47076.0,28069.0,5056.0,38245.0,463.681,426.39,197708.942,0.0321,0.1918,0.5695
CRM,Salesforce Inc,Information Technology,451030,NYSE,CA,2004-06-23,2026-01-31,83.334,41525.0,7378.0,22343.0,5993.0,11804.0,8917.0,324.0,7457.0,1605.0,594.0,14996.0,112305.0,53163.0,17711.0,9565.0,59142.0,929.0,212.29,197217.41,-0.2024,0.319,0.9848
PEP,Pepsico Inc,Consumer Staples,302010,NASDAQ,NY,,2025-12-31,306.0,93925.0,39477.0,36209.0,839.0,18239.0,14943.0,1840.0,8240.0,7718.0,4415.0,12087.0,107399.0,86852.0,53028.0,9530.0,20406.0,1367.0,143.52,196191.84,-0.0186,0.2273,0.1446
AMAT,Applied Materials Inc,Information Technology,453010,NASDAQ,CA,,2025-10-31,36.5,28368.0,14125.0,5291.0,3570.0,8952.0,8517.0,269.0,6998.0,1422.0,2260.0,7958.0,36299.0,15884.0,7050.0,8573.0,20415.0,793.0,233.1,184848.3,0.5962,0.4554,1.6223
INTC,Intel Corp,Information Technology,453010,NASDAQ,CA,,2025-12-31,85.1,52853.0,21911.0,18309.0,13774.0,12633.0,927.0,2291.0,-267.0,0.0,14646.0,9697.0,211429.0,85069.0,46976.0,37416.0,114281.0,4994.0,36.9,184278.6,0.8404,0.6393,1.5337
QCOM,Qualcomm Inc,Information Technology,453010,NASDAQ,CA,1991-12-13,2025-09-30,52.0,44141.0,18136.0,12145.0,9042.0,13860.0,12258.0,659.0,5541.0,3913.0,1192.0,14012.0,50143.0,28937.0,15643.0,12478.0,21206.0,1074.0,166.36,178670.64,0.1383,0.3832,1.4657
AMGN,Amgen Inc,Health Care,352010,NASDAQ,CA,,2025-12-31,31.5,36751.0,5674.0,14212.0,7272.0,16865.0,11802.0,2755.0,7711.0,5228.0,1858.0,9958.0,90586.0,81928.0,55435.0,9129.0,8658.0,538.8,327.31,176354.628,0.2965,0.2751,0.4271
GEV,Ge Vernova Inc,Industrials,201040,NYSE,MA,,2025-12-31,78.0,38068.0,29570.0,5793.0,1197.0,2705.0,1852.0,,4884.0,341.0,1277.0,4985.0,63016.0,50720.0,1196.0,9314.0,11178.0,269.529,653.57,176156.069,0.9902,0.5845,1.7652
SCHW,Schwab (Charles) Corp,Financials,402030,NYSE,TX,1987-09-22,2025-12-31,33.0,27675.0,12561.0,,,15114.0,13752.0,2325.0,8852.0,1958.0,548.0,9311.0,490995.0,441570.0,31915.0,88961.0,42662.0,1758.325,99.91,175674.251,0.3665,0.2495,0.8436
T,At&T Inc,Communication Services,501010,NYSE,TX,,2025-12-31,133.03,125648.0,50820.0,28315.0,843.0,46513.0,25627.0,7025.0,21953.0,7952.0,20842.0,40284.0,420198.0,291706.0,158624.0,18404.0,110533.0,7037.502,24.84,174811.55,0.1398,0.2214,0.1186
VZ,Verizon Communications Inc,Communication Services,501010,NYSE,NY,,2025-12-31,89.9,138191.0,56560.0,33349.0,,48282.0,29933.0,7415.0,17174.0,11539.0,17011.0,37137.0,404258.0,298517.0,181643.0,19385.0,104460.0,4217.175,40.73,171765.538,0.0886,0.2108,0.1003
BKNG,Booking Holdings Inc,Consumer Discretionary,253010,NASDAQ,CT,1999-03-30,2025-12-31,24.3,26917.0,0.0,16718.0,,10199.0,9576.0,1617.0,5404.0,1259.0,322.0,9409.0,29264.0,34842.0,19414.0,17269.0,-5578.0,31.894,5355.33,170802.895,0.0858,0.2846,0.9447
BA,Boeing Co,Industrials,201010,NYSE,VA,,2025-12-31,182.0,89463.0,83527.0,9652.0,3615.0,-3716.0,-5333.0,2956.0,2235.0,0.0,2942.0,1065.0,168235.0,162778.0,56365.0,29400.0,5448.0,784.698,217.12,170373.63,0.2267,0.3768,1.2074
UBER,Uber Technologies Inc,Industrials,203040,NYSE,CA,2019-05-10,2025-12-31,34.0,52017.0,34190.0,10927.0,3402.0,6900.0,6181.0,440.0,10053.0,0.0,336.0,10099.0,61802.0,33719.0,12302.0,8264.0,27041.0,2067.905,81.71,168968.518,0.3546,0.3812,1.1128
NEE,Nextera Energy Inc,Utilities,551010,NYSE,FL,,2025-12-31,17.4,27412.0,12552.0,,,14860.0,8280.0,4572.0,6835.0,4680.0,9274.0,12485.0,212721.0,146242.0,95619.0,3006.0,54608.0,2083.0,80.28,167223.24,0.1547,0.2789,0.3637
BLK,Blackrock Inc,Financials,402030,NYSE,NY,1999-10-01,2025-12-31,24.9,24216.0,15109.0,,,9107.0,8035.0,614.0,5553.0,3265.0,375.0,3927.0,169998.0,108456.0,14996.0,11490.0,55888.0,155.069,1070.34,165976.553,0.0656,0.2765,1.0975
TJX,Tjx Cos Inc (The),Consumer Discretionary,255040,NYSE,MA,,2026-01-31,377.0,60372.0,40436.0,11934.0,0.0,8002.0,6759.0,79.0,5494.0,1893.0,1957.0,6874.0,35767.0,25577.0,13489.0,6230.0,10190.0,1107.088,149.81,165852.853,0.2872,0.179,0.4226
APH,Amphenol Corp,Information Technology,452030,NYSE,CT,1991-11-08,2025-12-31,170.0,23094.7,13695.3,2545.7,647.0,6853.7,6021.6,367.8,4270.3,909.3,996.6,5374.7,36236.9,22727.2,16067.7,11434.2,13413.1,1226.6,135.14,165762.724,0.9609,0.3669,1.2962
ANET,Arista Networks Inc,Information Technology,452010,NYSE,CA,2014-06-06,2025-12-31,5.115,9005.7,3186.4,1890.7,1237.3,3928.6,3856.1,0.0,3511.4,0.0,119.5,4371.9,19448.6,7078.1,90.5,10743.0,12370.5,1256.5,131.03,164639.195,0.1855,0.5729,1.6539
DHR,Danaher Corp,Health Care,352030,NYSE,DC,,2025-12-31,60.0,24568.0,9295.0,7714.0,1598.0,7559.0,5112.0,265.0,3614.0,911.0,1156.0,6416.0,83464.0,30923.0,19696.0,4615.0,52534.0,706.9,228.92,161823.548,0.0035,0.3285,0.9227
ACN,Accenture Plc,Information Technology,451020,NYSE,,2001-07-19,2025-08-31,779.273,69672.977,46143.749,11394.413,817.3,12134.815,10840.988,228.555,7678.433,3831.366,600.039,11474.399,65394.897,33153.93,8182.866,11484.674,31195.389,621.856,259.97,161663.904,-0.221,0.2805,0.7609
NOW,Servicenow Inc,Information Technology,451030,NYSE,CA,2012-06-29,2025-12-31,29.187,13278.0,2353.0,8223.0,2960.0,2702.0,2074.0,23.0,1748.0,0.0,868.0,5444.0,26038.0,13074.0,2403.0,6290.0,12964.0,1047.278,153.19,160432.517,-0.2775,0.403,1.2795
TXN,Texas Instruments Inc,Information Technology,453010,NASDAQ,TX,,2025-12-31,33.0,17682.0,5600.0,3943.0,2083.0,8139.0,6140.0,555.0,5001.0,4999.0,4550.0,7153.0,34585.0,18312.0,14779.0,4881.0,16273.0,907.0,173.49,157355.43,-0.0446,0.4006,1.3182
SPGI,S&P Global Inc,Financials,402030,NYSE,NY,,2025-12-31,44.5,15336.0,4563.0,3024.0,,7749.0,6570.0,333.0,4471.0,1170.0,195.0,5651.0,61200.0,25048.0,13706.0,1801.0,31127.0,298.8,522.59,156149.892,0.0571,0.2379,0.7252
GILD,Gilead Sciences Inc,Health Care,352010,NASDAQ,CA,1992-01-22,2025-12-31,17.0,29443.0,3470.0,11396.0,7413.0,14577.0,11817.0,1024.0,8510.0,3989.0,563.0,10018.0,59023.0,36405.0,25541.0,9613.0,22702.0,1241.0,122.74,152320.34,0.3662,0.2778,0.3489
COF,Capital One Financial Corp,Financials,402020,NYSE,VA,1994-11-15,2025-12-31,76.3,69252.0,50888.0,,,18364.0,15538.0,2893.0,2453.0,1520.0,1578.0,27718.0,669009.0,555393.0,52259.0,66367.0,108209.0,625.102,242.36,151499.721,0.3768,0.3647,1.4628
LOW,Lowe'S Cos Inc,Consumer Discretionary,255040,NYSE,NC,,2026-01-31,276.0,86286.0,57094.0,16679.0,0.0,12513.0,10319.0,1535.0,6654.0,2664.0,2213.0,9864.0,54144.0,64061.0,44677.0,1352.0,-9917.0,561.0,267.06,149820.66,-0.0032,0.2411,0.6119
UBS,Ubs Group Ag,Financials,402030,NYSE,,,2025-12-31,103.177,76744.0,33276.0,,,43468.0,40332.0,26545.0,7767.0,1433.0,2362.0,21851.0,1617427.0,1526943.0,336605.0,239682.0,90213.0,3091.699,46.31,143176.581,0.5768,0.2947,0.9402
PFE,Pfizer Inc,Health Care,352020,NYSE,NY,,2025-12-31,75.0,62579.0,14163.0,23925.0,15950.0,24491.0,17899.0,2837.0,7771.0,9779.0,2629.0,11704.0,208160.0,121385.0,67417.0,13595.0,86476.0,5686.0,24.9,141581.4,0.0067,0.2608,0.455
BSX,Boston Scientific Corp,Health Care,351010,NYSE,MA,1992-05-18,2025-12-31,59.0,20074.0,5474.0,8517.0,2052.0,6083.0,4715.0,380.0,2898.0,0.0,876.0,4534.0,43673.0,19201.0,11972.0,2045.0,24233.0,1483.0,95.35,141404.05,0.0675,0.2391,0.6772
UNP,Union Pacific Corp,Industrials,203040,NYSE,NE,,2025-12-31,29.287,24510.0,12072.0,,,12438.0,9941.0,1309.0,7138.0,3237.0,3791.0,9290.0,69698.0,51231.0,32822.0,1525.0,18467.0,593.246,231.32,137229.665,0.0384,0.2234,0.6641
SYK,Stryker Corp,Health Care,351010,NYSE,MI,,2025-12-31,56.0,25116.0,8264.0,9788.0,1623.0,7064.0,5871.0,607.0,3246.0,1302.0,761.0,5044.0,47844.0,25424.0,16360.0,4100.0,22420.0,382.5,351.47,134437.275,-0.0149,0.2167,0.6772
MU,Micron Technology Inc,Information Technology,453010,NASDAQ,ID,,2025-08-31,53.0,37378.0,14154.0,5003.0,3798.0,18221.0,9870.0,798.0,8539.0,527.0,15857.0,17525.0,82798.0,28633.0,15352.0,10311.0,54165.0,1122.0,119.01,133529.22,2.4025,0.626,2.1992
PGR,Progressive Corp-Ohio,Financials,403010,NYSE,OH,,2025-12-31,70.053,87637.0,72823.0,,,14814.0,14501.0,278.0,11308.0,8146.0,348.0,17548.0,123039.0,92716.0,7102.0,19849.0,30323.0,586.1,227.72,133466.692,-0.03,0.2444,0.276
ADBE,Adobe Inc,Information Technology,451030,NASDAQ,CA,,2025-11-30,31.36,23769.0,2162.0,12355.0,4294.0,9252.0,8706.0,263.0,7130.0,0.0,179.0,10031.0,29496.0,17873.0,6648.0,6595.0,11623.0,413.0,320.13,132213.69,-0.2129,0.3062,0.8271
WELL,Welltower Inc,Real Estate,601050,NYSE,OH,,2025-12-31,0.712,10823.737,8684.816,1748.435,0.0,,390.486,685.754,936.845,1877.289,0.0,2881.677,67303.047,24100.108,21380.295,5209.539,42129.498,696.507,185.61,129278.664,0.4986,0.218,0.2999
ADP,Automatic Data Processing,Industrials,202020,NASDAQ,NJ,,2025-06-30,67.0,20560.9,10514.9,4051.7,988.6,5994.3,5411.9,455.9,4079.7,2461.3,168.7,4939.7,53369.3,47181.3,9205.6,7846.6,6188.0,405.3,308.4,124994.52,-0.1018,0.1993,0.5321
DE,Deere & Co,Industrials,201060,NYSE,IL,,2025-10-31,73.146,45684.0,27468.0,6858.0,2311.0,11358.0,9129.0,3170.0,5027.0,1758.0,4228.0,7459.0,105996.0,79989.0,64250.0,8533.0,25950.0,270.352,461.63,124802.594,0.1139,0.2766,0.7409
HON,Honeywell International Inc,Industrials,201050,NASDAQ,NC,,2025-12-31,101.0,37442.0,22349.0,7218.0,1812.0,7875.0,6759.0,1344.0,4729.0,2934.0,986.0,6408.0,73681.0,58651.0,35563.0,12930.0,13904.0,635.3,195.09,123940.677,-0.0638,0.2474,0.7575
LRCX,Lam Research Corp,Information Technology,453010,NASDAQ,CA,,2025-06-30,19.0,18435.591,9072.561,3075.785,2096.387,6287.245,5900.968,178.203,5358.217,1180.618,759.186,6173.264,21345.26,11483.641,4756.555,6390.659,9861.619,1268.74,97.34,123499.152,1.3915,0.4867,1.9019
CB,Chubb Ltd,Financials,403010,NYSE,,1993-03-24,2025-12-31,45.0,60336.0,46844.0,,,,13492.0,764.0,10310.0,1520.0,0.0,12816.0,272327.0,192548.0,22187.0,12059.0,73757.0,391.101,312.12,122070.444,0.1445,0.2026,0.2363
SPOT,Spotify Technology Sa,Communication Services,502020,NYSE,,2018-04-03,2025-12-31,7.287,20178.52,13629.249,3848.783,1635.557,2700.488,2580.727,50.487,2597.165,0.0,71.622,3443.71,17629.494,7850.202,2296.589,11115.446,9779.292,205.833,580.71,119529.281,0.298,0.4405,1.0202
PLD,Prologis Inc,Real Estate,601025,NYSE,CA,1994-03-01,2025-12-31,2.802,9334.421,4906.711,469.114,0.0,,3958.596,1109.452,3328.231,,0.0,5008.434,98724.256,40970.248,35680.534,1145.647,53129.23,929.153,127.66,118615.672,0.251,0.2807,0.8466
KLAC,Kla Corp,Information Technology,453010,NASDAQ,CA,,2025-06-30,15.2,12156.162,4348.004,2374.403,1360.334,5433.755,5021.355,302.166,4061.643,906.023,335.259,4081.903,16067.926,11375.473,6088.282,4494.623,4692.453,132.023,895.74,118258.282,0.9449,0.4334,1.6878
SCCO,Southern Copper Corp,Materials,151040,NYSE,AZ,,2025-12-31,16.617,13420.0,5359.3,190.7,,7870.0,7001.6,416.7,4334.9,2485.1,1325.3,4752.1,21381.4,10276.5,7413.5,4909.3,11038.1,819.1,143.47,117516.277,0.681,0.3909,1.2338
PANW,Palo Alto Networks Inc,Information Technology,451030,NASDAQ,CA,2012-07-20,2025-07-31,16.068,9221.5,2163.2,5624.7,1984.1,1433.6,1090.2,3.0,1133.9,0.0,246.2,3716.0,23576.2,15751.8,417.4,2913.8,7824.4,667.9,173.6,115947.44,0.0123,0.3486,1.1478
BX,Blackstone Inc,Financials,402030,NYSE,NY,2007-06-22,2025-12-31,5.285,14450.265,7059.285,,,7390.98,7255.972,508.314,3019.214,2478.252,115.703,4663.161,47708.975,25827.803,13597.361,2854.682,8665.526,748.688,154.14,115402.768,-0.0785,0.3782,1.5096
VRTX,Vertex Pharmaceuticals Inc,Health Care,352010,NASDAQ,MA,1991-07-24,2025-12-31,6.4,12001.3,1475.3,5660.0,4421.5,4866.0,4687.4,13.3,3953.2,0.0,437.6,3631.4,25643.0,6977.2,2036.0,6611.1,18665.8,253.991,453.36,115149.36,0.1258,0.3338,0.4197
COP,Conocophillips,Energy,101020,NYSE,TX,,2025-12-31,9.9,58944.0,34802.0,718.0,78.0,23424.0,11429.0,1239.0,7988.0,3995.0,12553.0,19796.0,121939.0,57452.0,24394.0,6981.0,64487.0,1225.168,93.61,114687.976,-0.0231,0.3375,0.9658
ADI,Analog Devices Inc,Information Technology,453010,NASDAQ,MA,1972-04-03,2025-10-31,24.5,11019.707,2997.046,3021.34,1766.001,5001.321,3002.476,317.716,2267.342,1924.413,533.552,4812.202,47992.712,14176.957,8948.514,3652.321,33815.755,489.654,234.13,114642.691,0.2976,0.3934,1.5827
KKR,Kkr & Co Inc,Financials,402030,NYSE,NY,2010-07-15,2025-12-31,5.043,28888.421,18493.594,,,10394.827,10210.075,3071.915,2370.463,649.942,160.765,477.76,410144.072,328512.161,54672.544,17944.981,28359.157,891.452,127.48,113642.301,-0.1332,0.4535,1.7821
CRWD,Crowdstrike Holdings Inc,Information Technology,451030,NASDAQ,TX,2019-06-12,2026-01-31,10.698,4812.005,935.691,3711.612,1384.77,164.702,-116.749,28.021,-162.502,0.0,370.859,1612.349,11086.684,6614.079,820.077,5230.648,4428.39,253.363,441.405,111835.695,0.37,0.4546,1.5127
LMT,Lockheed Martin Corp,Industrials,201010,NYSE,MD,,2025-12-31,123.0,75048.0,65676.0,,2000.0,9372.0,7685.0,1118.0,5017.0,3126.0,1649.0,8557.0,59840.0,53119.0,22771.0,4121.0,6721.0,229.0,483.67,110760.43,0.0249,0.2637,0.1838
CEG,Constellation Ene Corp,Utilities,551010,NASDAQ,MD,,2025-12-31,15.339,25533.0,21359.0,,,4174.0,3189.0,511.0,2319.0,486.0,2949.0,4237.0,57249.0,42396.0,9497.0,3748.0,14517.0,312.355,353.27,110345.651,0.5878,0.6251,1.6929
BMY,Bristol-Myers Squibb Co,Health Care,352020,NYSE,NJ,,2025-12-31,32.5,48194.0,12998.0,16641.0,13672.0,18555.0,14478.0,1891.0,7054.0,5070.0,1311.0,14156.0,90038.0,71532.0,47139.0,10673.0,18473.0,2036.0,53.94,109821.84,0.0013,0.2881,0.301
NEM,Newmont Corp,Materials,151040,NYSE,CO,,2025-12-31,17.5,22669.0,8183.0,791.0,,13695.0,10925.0,373.0,7085.0,1108.0,3035.0,10334.0,57121.0,23079.0,5589.0,8244.0,33867.0,1089.0,99.85,108736.65,1.7278,0.407,0.5027
CMCSA,Comcast Corp,Communication Services,501010,NASDAQ,PA,,2025-12-31,179.0,123707.0,86341.0,,,37366.0,21155.0,4409.0,19998.0,4983.0,11761.0,33643.0,272631.0,175256.0,105033.0,9495.0,96903.0,3604.212,29.89,107729.897,-0.1735,0.2719,0.5897
HCA,Hca Healthcare Inc,Health Care,351020,NYSE,TN,,2025-12-31,320.0,75600.0,59564.0,548.0,0.0,15488.0,11965.0,2248.0,6784.0,684.0,4944.0,12636.0,60720.0,63491.0,48697.0,1143.0,-6027.0,224.605,466.86,104859.09,0.5671,0.2738,0.2708
MCK,Mckesson Corp,Health Care,351020,NYSE,TX,,2026-03-31,43.4,403430.0,388452.0,8088.0,103.0,6890.0,6163.0,230.0,4762.0,393.0,436.0,6155.0,82323.0,83157.0,8614.0,4068.0,-2172.0,120.0,865.36,103843.2,0.4454,0.2308,0.1283
MDT,Medtronic Plc,Health Care,351010,NYSE,,,2026-04-30,95.0,36325.0,11402.0,14477.0,2873.0,10446.0,7488.0,715.0,4801.0,3639.0,1904.0,7330.0,93028.0,42956.0,29148.0,9221.0,49463.0,1280.177,80.97,103655.932,0.2404,0.2195,0.4354
BN,Brookfield Corp,Financials,402030,NYSE,ON,,2025-12-31,257.3,77486.0,41435.0,5209.0,,30842.0,20435.0,17750.0,1307.0,552.0,21065.0,11029.0,518971.0,352777.0,272621.0,18928.0,43796.0,2244.704,45.89,103009.467,0.2054,0.3337,1.4378
MELI,Mercadolibre Inc,Consumer Discretionary,255030,NASDAQ,,2007-08-10,2025-12-31,123.67,28893.0,15766.0,9364.0,2269.0,3763.0,3201.0,160.0,1997.0,0.0,1343.0,12116.0,42667.0,35919.0,11392.0,16166.0,6748.0,50.697,2014.26,102116.939,0.1846,0.3746,0.8467
HOOD,Robinhood Markets Inc,Financials,402030,NASDAQ,CA,2021-07-29,2025-12-31,2.9,4505.0,2293.0,,355.0,2212.0,2126.0,32.0,1883.0,0.0,54.0,1638.0,38137.0,28986.0,4003.0,10778.0,9140.0,901.329,113.1,101940.31,2.0354,0.7535,2.597
CVS,Cvs Health Corp,Health Care,351020,NYSE,RI,,2025-12-31,300.0,402067.0,344075.0,41046.0,0.0,16946.0,12340.0,3119.0,1768.0,3409.0,2832.0,10639.0,253538.0,178156.0,79950.0,10657.0,75214.0,1271.0,79.36,100866.56,0.8426,0.3176,0.3144
FDX,Fedex Corp,Industrials,203010,NYSE,TN,,2026-05-31,452.0,94720.0,69729.0,14011.0,,10980.0,6611.0,1022.0,4433.0,1374.0,3809.0,8925.0,98937.0,67290.0,42943.0,13547.0,31647.0,239.507,411.75,98617.007,0.0511,0.3259,1.0282
DASH,Doordash Inc,Consumer Discretionary,253010,NASDAQ,CA,2020-12-09,2025-12-31,31.4,13717.0,6738.0,5267.0,1431.0,1712.0,965.0,,935.0,0.0,605.0,2431.0,19659.0,9613.0,3290.0,5779.0,10033.0,434.247,226.48,98348.261,0.3501,0.4458,1.3226
CME,Cme Group Inc,Financials,402030,NASDAQ,IL,2002-12-06,2025-12-31,3.875,6520.6,1902.4,,,4618.2,4287.3,173.4,4072.2,1824.8,83.5,4277.1,198424.2,169696.0,3757.2,4748.4,28728.2,358.953,273.08,98022.885,0.1983,0.1865,-0.0772
SO,Southern Co,Utilities,551010,NYSE,GA,,2025-12-31,29.8,29553.0,16767.0,,,12786.0,7285.0,3126.0,4341.0,3237.0,12737.0,9802.0,155720.0,116853.0,74075.0,1639.0,36016.0,1119.0,87.2,97576.8,0.0944,0.1766,0.0185
MO,Altria Group Inc,Consumer Staples,302030,NYSE,VA,,2025-12-31,5.9,20162.0,5419.0,2318.0,195.0,12425.0,12159.0,1177.0,6947.0,7011.0,216.0,9290.0,35017.0,38469.0,25709.0,4481.0,-3502.0,1674.318,57.66,96541.176,0.182,0.198,-0.0168
SBUX,Starbucks Corp,Consumer Discretionary,253010,NASDAQ,WA,1992-06-26,2025-09-30,381.0,37184.4,29446.9,2609.0,,5128.5,3443.8,542.6,1856.4,2785.0,2305.5,4747.5,32019.7,40108.9,26611.5,3504.9,-8096.6,1136.9,84.6,96181.74,-0.0524,0.3412,1.0135
ICE,Intercontinental Exchange,Financials,402030,NYSE,GA,2005-11-16,2025-12-31,12.844,12640.0,4760.0,1317.0,,6563.0,5003.0,803.0,3315.0,1105.0,791.0,4662.0,136887.0,107896.0,20316.0,2214.0,28915.0,567.0,161.96,91831.32,0.0992,0.1897,0.4221
DUK,Duke Energy Corp,Utilities,551010,NYSE,NC,,2025-12-31,26.441,32237.0,17287.0,,,14950.0,8626.0,3816.0,4968.0,3290.0,14024.0,12330.0,195736.0,142717.0,91107.0,329.0,50869.0,778.0,117.21,91189.38,0.1273,0.1692,-0.0441
GD,General Dynamics Corp,Industrials,201010,NYSE,VA,,2025-12-31,117.0,52550.0,43675.0,2595.0,486.0,6280.0,5356.0,402.0,4210.0,1617.0,1161.0,5110.0,57249.0,31627.0,9789.0,2333.0,25622.0,270.39,336.66,91029.497,0.3039,0.2123,0.5276
MCO,Moody'S Corp,Financials,402030,NYSE,NY,2000-10-03,2025-12-31,16.076,7718.0,1973.0,1803.0,,3942.0,3462.0,251.0,2459.0,677.0,326.0,2901.0,15830.0,11625.0,7351.0,2448.0,4054.0,177.543,510.85,90697.842,0.0874,0.2692,1.0185
MRSH,Marsh,Financials,403010,NYSE,NY,,2025-12-31,95.0,26968.0,19244.0,,,7724.0,6814.0,960.0,4160.0,1699.0,291.0,5292.0,58710.0,43395.0,21449.0,2687.0,15100.0,484.859,185.52,89951.042,-0.1127,0.2039,0.3316
WM,Waste Management Inc,Industrials,202010,NYSE,TX,1988-06-02,2025-12-31,60.5,25204.0,14861.0,2626.0,,7717.0,4712.0,1000.0,2708.0,1334.0,3227.0,6043.0,45835.0,35844.0,23917.0,310.0,9990.0,402.942,219.71,88530.387,0.105,0.1882,0.1813
PH,Parker-Hannifin Corp,Industrials,201060,NYSE,OH,,2025-06-30,57.95,19850.0,12062.0,2745.0,298.0,5043.0,4136.0,409.0,3531.0,861.0,435.0,3776.0,29494.0,15803.0,9486.0,467.0,13682.0,126.6,698.47,88426.302,0.3954,0.3176,1.2981
TT,Trane Technologies Plc,Industrials,201020,NYSE,,,2025-12-31,44.0,21321.9,13232.3,3773.1,347.6,4316.5,3944.6,226.7,2918.6,837.4,383.0,3194.5,21420.7,12819.8,5439.8,1763.3,8579.2,221.472,389.2,86196.902,0.0638,0.285,0.9335
CDNS,Cadence Design Systems Inc,Information Technology,451030,NASDAQ,CA,1987-06-10,2025-12-31,13.8,5296.759,541.218,2751.967,1768.772,2003.574,1786.842,116.541,1108.888,0.0,141.871,1728.781,10153.148,4678.967,2666.328,3155.53,5474.181,271.799,312.58,84958.931,0.0403,0.3868,1.3245
MMM,3M Co,Industrials,201050,NYSE,MN,1946-01-14,2025-12-31,60.5,24279.0,13682.0,5146.0,1169.0,5451.0,4143.0,946.0,3250.0,1562.0,910.0,2260.0,37733.0,32986.0,13132.0,5933.0,4702.0,530.279,160.1,84897.668,0.2638,0.2961,1.0262
AEM,Agnico Eagle Mines Ltd,Materials,151040,NYSE,ON,,2025-12-31,11.7,11907.851,3111.684,512.433,,8283.734,6556.961,48.843,4461.461,802.884,2433.172,6817.113,34471.291,9728.827,321.47,2874.909,24742.464,500.047,169.53,84772.968,1.195,0.3756,0.2395
SNPS,Synopsys Inc,Information Technology,451030,NASDAQ,CA,1992-02-26,2025-10-31,28.0,7054.178,1139.791,4323.177,2479.338,1591.21,914.927,446.729,1332.22,0.0,169.454,1518.608,48224.461,19897.446,14293.418,2965.639,28327.602,185.994,453.82,84407.797,-0.0322,0.5603,1.3739
BAM,Brookfield Asset Manag Ltd,Financials,402030,NYSE,NY,,2025-12-31,5.8,4817.0,1889.0,,,2928.0,2888.0,115.0,2485.0,2827.0,,2101.0,17047.0,6737.0,2940.0,1583.0,8118.0,1608.514,52.39,84270.048,-0.0028,0.3349,1.2591
UPS,United Parcel Service Inc,Industrials,203010,NYSE,GA,1999-11-10,2025-12-31,460.0,88661.0,76595.0,,,12066.0,8320.0,1133.0,5572.0,5565.0,3685.0,8450.0,73090.0,56835.0,28590.0,5887.0,16227.0,848.9,99.19,84202.391,-0.1593,0.3267,0.7633
APO,Apollo Global Mgmt Inc,Financials,402010,NYSE,NY,2011-03-30,2025-12-31,6.14,32049.0,24032.0,,,8017.0,7444.0,618.0,3492.0,1298.0,0.0,7246.0,460949.0,418434.0,19407.0,29636.0,21943.0,578.981,144.76,83813.29,-0.111,0.4193,1.633
CRH,Crh Plc,Materials,151020,NYSE,,,2025-12-31,83.032,37447.0,21752.0,8205.0,,7490.0,5323.0,810.0,3753.0,996.0,2713.0,5675.0,58329.0,32851.0,19705.0,4147.0,24003.0,668.63,124.8,83445.024,0.3684,0.3364,1.2036
USB,Us Bancorp,Financials,401010,NYSE,MN,,2025-12-31,68.52,42861.0,16507.0,11554.0,,14800.0,13925.0,,7570.0,3198.0,0.0,7970.0,692345.0,626694.0,79345.0,59249.0,58385.0,1555.398,53.36,82996.037,0.1648,0.2707,1.0108
MAR,Marriott Intl Inc,Consumer Discretionary,253010,NASDAQ,MD,1993-07-16,2025-12-31,148.0,26201.0,21566.0,,0.0,4635.0,4177.0,809.0,2601.0,718.0,604.0,3212.0,27540.0,31311.0,17182.0,358.0,-3771.0,265.865,310.24,82481.958,0.1231,0.2917,1.0326
HWM,Howmet Aerospace Inc,Industrials,201010,NYSE,PA,,2025-12-31,25.43,8252.0,5432.0,404.0,37.0,2416.0,2133.0,161.0,1508.0,179.0,453.0,1884.0,11179.0,5826.0,3213.0,743.0,5353.0,401.621,205.02,82340.337,0.8796,0.3409,1.1781
AMT,American Tower Corp,Real Estate,601080,NYSE,MA,1998-06-05,2025-12-31,4.866,10644.6,2864.7,940.7,,6839.2,4797.6,1359.4,2529.5,3191.4,1680.4,5464.0,63190.4,52835.1,44963.9,1605.2,3652.5,466.318,175.57,81871.451,-0.0094,0.2456,0.0107
ABNB,Airbnb Inc,Consumer Discretionary,253010,NASDAQ,CA,2020-12-10,2025-12-31,8.2,12241.0,3322.0,6283.0,2354.0,2636.0,2545.0,,2511.0,0.0,0.0,4646.0,22208.0,14009.0,2271.0,11039.0,8199.0,602.0,135.72,81703.44,0.0328,0.3758,1.2547
REGN,Regeneron Pharmaceuticals,Health Care,352010,NASDAQ,NY,1991-04-02,2025-12-31,15.41,14342.9,1547.0,8524.4,5974.3,4271.5,3727.8,43.8,4504.9,376.6,898.4,4978.9,40558.7,9301.8,2972.7,8610.8,31256.9,105.7,771.87,81586.659,0.0895,0.4143,0.5778
PNC,Pnc Financial Svcs Group Inc,Financials,401010,NYSE,PA,,2025-12-31,55.333,33996.0,11676.0,10350.0,,11970.0,10818.0,,6936.0,2635.0,0.0,4384.0,573572.0,512936.0,59034.0,39713.0,54827.0,390.414,208.73,81491.114,0.1222,0.2518,0.931
NU,Nu Holdings Ltd,Financials,401010,NYSE,,2021-12-09,2025-12-31,10.027,15771.052,8783.556,487.029,,6500.467,6402.499,,2868.892,0.0,7.215,3500.464,74893.877,63572.315,5211.25,24541.431,11290.948,4855.674,16.74,81283.983,0.6158,0.4445,1.1991
NOC,Northrop Grumman Corp,Industrials,201010,NYSE,VA,,2025-12-31,95.0,41954.0,32169.0,4013.0,1100.0,5772.0,4300.0,765.0,4182.0,1294.0,1450.0,4757.0,51377.0,34703.0,17884.0,4403.0,16674.0,141.997,570.21,80968.109,0.2362,0.2732,0.0488
SHW,Sherwin-Williams Co,Materials,151010,NYSE,OH,,2025-12-31,64.249,23574.3,11718.5,7358.4,224.8,4497.4,3820.5,511.1,2568.5,789.8,797.6,3451.6,25901.7,21303.4,13951.0,207.2,4598.3,247.701,324.03,80262.555,-0.0382,0.2414,0.68
BNY,Bank Of New York Mellon Corp,Financials,402030,NYSE,NY,,2025-12-31,48.1,40710.0,20650.0,7710.0,,12350.0,10498.0,,5549.0,1447.0,1553.0,6730.0,472300.0,427492.0,54733.0,176409.0,39477.0,688.236,116.09,79897.317,0.5445,0.2371,0.899
ELV,Elevance Health Inc,Health Care,351020,NYSE,IN,2001-10-30,2025-12-31,97.1,199125.0,168422.0,20745.0,,9958.0,8351.0,1402.0,5662.0,1535.0,1116.0,4290.0,121494.0,77468.0,32706.0,36115.0,43882.0,220.724,350.55,77374.798,-0.0312,0.3632,0.1657
ORLY,O'Reilly Automotive Inc,Consumer Discretionary,255040,NASDAQ,MO,1993-04-22,2025-12-31,93.072,17781.992,8096.621,5713.529,0.0,3971.842,3460.612,252.205,2538.209,0.0,1168.815,2761.993,16538.253,17301.605,8491.499,193.793,-763.352,841.909,91.21,76790.52,0.1538,0.2081,0.1441
AON,Aon Plc,Financials,403010,NYSE,,,2025-12-31,60.0,17181.0,11430.0,,,5751.0,4785.0,815.0,3695.0,629.0,263.0,3481.0,50784.0,41236.0,16071.0,2798.0,9352.0,214.5,352.88,75692.76,-0.0094,0.217,0.3217
RCL,Royal Caribbean Group,Consumer Discretionary,253010,NYSE,FL,,2025-12-31,108.0,17934.0,9083.0,2215.0,,6636.0,4918.0,1061.0,4268.0,955.0,5229.0,6465.0,41619.0,31374.0,22035.0,825.0,10037.0,270.423,278.92,75426.383,0.2247,0.4521,1.5354
EQIX,Equinix Inc,Real Estate,601080,NASDAQ,CA,2000-08-11,2025-12-31,13.716,9217.0,3088.0,2165.0,,3964.0,1898.0,606.0,1350.0,1835.0,5305.0,3911.0,40141.0,25963.0,22726.0,3287.0,14156.0,98.226,766.16,75256.832,-0.1688,0.2729,0.7303
DELL,Dell Technologies Inc,Information Technology,452020,NYSE,TX,1988-06-22,2026-01-31,97.0,113538.0,87995.0,13796.0,3142.0,11747.0,8718.0,1560.0,5936.0,1451.0,2633.0,11185.0,101286.0,103756.0,32230.0,11706.0,-2470.0,652.0,114.44,74614.88,0.112,0.5138,1.7758
TDG,Transdigm Group Inc,Industrials,201010,NYSE,OH,2006-03-15,2025-09-30,16.5,8831.0,3339.0,921.0,118.0,4571.0,4207.0,1572.0,2074.0,5232.0,222.0,2038.0,22909.0,32588.0,30081.0,2808.0,-9686.0,56.376,1318.02,74304.696,0.1218,0.2694,0.6566
ECL,Ecolab Inc,Materials,151010,NYSE,MN,,2025-12-31,48.0,16081.2,7946.7,4257.9,202.0,3876.6,2900.2,306.2,2075.6,758.7,1048.3,2952.6,24696.3,14891.8,8997.5,646.2,9770.8,282.023,262.52,74036.678,0.132,0.207,0.5377
EMR,Emerson Electric Co,Industrials,201040,NYSE,MO,,2025-09-30,71.0,18016.0,7863.0,5101.0,771.0,5052.0,3534.0,387.0,2293.0,1199.0,431.0,3098.0,41964.0,21666.0,13759.0,1544.0,20282.0,562.8,131.18,73828.104,0.0892,0.3011,1.2331
GM,General Motors Co,Consumer Discretionary,251020,NYSE,MI,,2025-12-31,156.0,185019.0,145155.0,8687.0,8500.0,31177.0,19240.0,7535.0,2697.0,538.0,25096.0,26867.0,281284.0,218116.0,131580.0,30581.0,61119.0,904.0,81.32,73513.28,0.5422,0.3691,0.8523
WMB,Williams Cos Inc,Energy,101020,NYSE,OK,,2025-12-31,5.987,11950.0,4481.0,717.0,,6752.0,4405.0,1504.0,2618.0,2442.0,4893.0,5898.0,58573.0,43578.0,29544.0,63.0,12772.0,1222.0,60.11,73454.42,0.1489,0.2713,0.6031
DB,Deutsche Bank Ag,Financials,402030,NYSE,,,2025-12-31,89.879,70682.352,35779.125,15587.69,,19315.537,19315.537,,7756.273,1543.975,520.138,55259.04,1690591.534,1593978.621,299504.139,359352.835,94778.929,1902.873,38.56,73374.783,1.3255,0.3661,1.1045
B,Barrick Mining Corp,Materials,151040,NYSE,ON,,2025-12-31,27.0,16956.0,6371.0,797.0,,9788.0,7785.0,420.0,4993.0,890.0,3821.0,7943.0,51577.0,15661.0,5211.0,6706.0,26557.0,1675.36,43.55,72961.928,1.8684,0.3877,0.4678
FCX,Freeport-Mcmoran Inc,Materials,151040,NYSE,AZ,,2025-12-31,29.0,25915.0,15516.0,737.0,,9662.0,7245.0,711.0,2204.0,865.0,4494.0,5610.0,58167.0,27401.0,10492.0,4054.0,18899.0,1436.0,50.79,72934.44,0.3542,0.4875,1.599
CI,Cigna Group (The),Health Care,351020,NYSE,CT,,2025-12-31,67.7,274627.0,248308.0,13691.0,0.0,12628.0,9853.0,1400.0,5957.0,1611.0,1212.0,9601.0,157919.0,116045.0,31463.0,8646.0,41713.0,263.464,275.23,72513.197,0.0171,0.3332,0.1732
WBD,Warner Bros Discovery Inc,Communication Services,502020,NASDAQ,NY,,2025-12-31,35.5,37296.0,20101.0,9252.0,,7943.0,2259.0,2085.0,727.0,0.0,1231.0,4319.0,100085.0,62919.0,36761.0,4601.0,35919.0,2480.0,28.82,71473.6,1.7266,0.615,1.7226
ITW,Illinois Tool Works,Industrials,201060,NYSE,IL,,2025-12-31,43.0,16044.0,8652.0,2779.0,302.0,4613.0,4216.0,292.0,3066.0,1809.0,419.0,3126.0,16148.0,12922.0,9211.0,851.0,3225.0,288.6,246.3,71082.18,-0.0043,0.2262,0.7503
GLW,Corning Inc,Information Technology,452030,NYSE,NY,,2025-12-31,67.2,15629.0,8768.0,3203.0,800.0,3658.0,2311.0,372.0,1596.0,971.0,1282.0,2695.0,30976.0,18669.0,9377.0,1526.0,11807.0,808.0,87.56,70748.48,0.8775,0.3636,1.2622
CMI,Cummins Inc,Industrials,201060,NYSE,IN,,2025-12-31,67.4,33670.0,24043.0,4521.0,1396.0,5106.0,4015.0,360.0,2843.0,1055.0,1235.0,3621.0,33992.0,20584.0,8114.0,3609.0,12349.0,138.1,510.45,70493.145,0.4936,0.3142,1.1999
AZO,Autozone Inc,Consumer Discretionary,255040,NYSE,TN,1991-04-01,2025-08-31,130.0,18938.717,8359.044,6356.318,0.0,4223.355,3610.156,490.025,2498.247,0.0,1327.257,3117.337,19355.324,22769.637,12577.215,293.164,-3414.313,16.665,4198.53,69968.502,0.0592,0.2281,0.1432
NET,Cloudflare Inc,Information Technology,451020,NYSE,CA,2019-09-13,2025-12-31,5.156,2167.937,371.853,1814.671,512.489,-18.587,-201.085,8.766,-102.267,0.0,342.552,603.114,6036.256,4577.133,3518.327,4110.615,1459.123,351.887,197.15,69374.522,0.8309,0.5165,1.6336
MDLZ,Mondelez International Inc,Consumer Staples,302020,NASDAQ,IL,2001-06-13,2025-12-31,91.0,38537.0,26593.0,7191.0,400.0,4753.0,3598.0,599.0,2451.0,2510.0,1279.0,4514.0,71487.0,45596.0,21968.0,2195.0,25838.0,1281.576,53.83,68987.236,-0.0703,0.2218,0.0848
NKE,Nike Inc  -Cl B,Consumer Discretionary,252030,NYSE,OR,,2026-05-31,73.0,46398.0,25740.0,16114.0,,4544.0,3797.0,228.0,3108.0,2430.0,684.0,2868.0,38410.0,23545.0,11033.0,9027.0,14865.0,1483.0,46.23,68559.09,-0.1383,0.4205,1.0159
CTAS,Cintas Corp,Industrials,202010,NASDAQ,OH,,2026-05-31,48.1,11264.761,5272.431,3052.045,,2940.285,2621.648,105.321,1999.968,724.42,395.105,2276.28,10529.14,5389.253,2705.957,289.018,5139.887,400.147,171.26,68529.175,0.0378,0.2184,0.6013
CSX,Csx Corp,Industrials,203040,NASDAQ,FL,,2025-12-31,22.935,14092.0,7844.0,,,6248.0,4568.0,844.0,2889.0,972.0,2902.0,4613.0,43682.0,30522.0,19419.0,675.0,13155.0,1859.659,36.25,67412.639,0.1413,0.2353,0.6788
JCI,Johnson Controls Intl Plc,Industrials,201020,NYSE,,,2025-09-30,87.0,23596.0,14139.0,5584.0,273.0,3873.0,3008.0,249.0,3291.0,975.0,434.0,1144.0,37939.0,24985.0,11190.0,398.0,12927.0,611.13,109.95,67193.744,0.54,0.308,1.1054
MRVL,Marvell Technology Inc,Information Technology,453010,NASDAQ,DE,2000-06-27,2026-01-31,7.48,8194.6,3028.0,2539.3,2075.2,2627.3,1338.9,202.6,2670.1,205.1,354.1,1750.5,22285.3,7976.9,4790.3,2638.8,14308.4,847.3,78.92,66868.916,-0.2282,0.6828,2.3323
AJG,Arthur J Gallagher & Co,Financials,403010,NYSE,IL,,2025-12-31,71.776,13942.0,9551.0,,,4391.0,3269.0,639.0,1494.0,674.0,145.0,1930.0,70665.0,47318.0,13616.0,1637.0,23321.0,256.976,258.79,66502.819,-0.0802,0.2513,0.2982
SNOW,Snowflake Inc,Information Technology,451020,NYSE,CA,2020-09-10,2026-01-31,9.06,4683.946,1371.503,4431.284,1969.472,-1118.841,-1339.284,8.298,-1331.616,0.0,101.628,1221.942,9132.495,7208.393,2741.114,4029.686,1924.102,343.918,192.7,66272.999,0.4206,0.4923,1.3738
HLT,Hilton Worldwide Holdings,Consumer Discretionary,253010,NYSE,VA,,2025-12-31,182.0,12039.0,8644.0,525.0,0.0,2870.0,2693.0,620.0,1457.0,143.0,101.0,2129.0,16774.0,22120.0,13214.0,970.0,-5388.0,230.433,287.25,66191.879,0.1649,0.2621,0.8894
RACE,Ferrari Nv,Consumer Discretionary,251020,NYSE,,2015-10-21,2025-12-31,5.718,8390.028,3659.991,1450.256,1078.858,3279.781,2502.584,55.179,1874.983,624.82,569.697,2758.38,11304.893,6708.495,3386.436,1728.468,4586.44,177.279,369.56,65515.227,-0.1234,0.3303,0.6928
RSG,Republic Services Inc,Industrials,202010,NYSE,AZ,1998-06-30,2025-12-31,42.0,16607.0,9701.0,1710.0,,5196.0,3361.0,510.0,2139.0,749.0,1887.0,4296.0,34366.0,22397.0,13806.0,76.0,11968.0,308.0,211.93,65274.44,0.0646,0.1867,0.256
NSC,Norfolk Southern Corp,Industrials,203040,NYSE,GA,,2025-12-31,19.3,12180.0,6836.0,,,5344.0,3951.0,821.0,2873.0,1215.0,2204.0,4361.0,45236.0,29689.0,17839.0,1530.0,15547.0,224.421,288.72,64794.831,0.2563,0.227,0.7362
TEL,Te Connectivity Plc,Information Technology,452030,NYSE,,2007-07-02,2025-09-30,80.0,17262.0,10345.0,2695.0,699.0,4222.0,3384.0,77.0,1842.0,628.0,936.0,4139.0,25081.0,12351.0,6185.0,1255.0,12585.0,294.558,219.53,64664.318,0.6159,0.308,1.1959
MSI,Motorola Solutions Inc,Information Technology,452010,NYSE,IL,,2025-12-31,23.0,11682.0,5440.0,2840.0,970.0,3402.0,2977.0,360.0,2154.0,746.0,265.0,2837.0,19389.0,16962.0,9766.0,1165.0,2410.0,165.7,383.32,63516.124,-0.1617,0.231,0.5062
CL,Colgate-Palmolive Co,Consumer Staples,303010,NYSE,NY,,2025-12-31,33.6,20382.0,7579.0,7798.0,366.0,5005.0,4375.0,267.0,2132.0,1681.0,564.0,4198.0,16330.0,15965.0,8554.0,1395.0,54.0,801.24,79.02,63313.985,-0.11,0.212,0.0355
PWR,Quanta Services Inc,Industrials,201030,NYSE,TX,1998-02-12,2025-12-31,69.5,28479.697,23793.075,2095.305,,2591.317,1680.981,261.445,1028.378,61.674,609.154,2229.97,24926.901,15899.027,6418.954,440.936,8938.249,149.578,422.06,63130.891,0.3371,0.4025,1.2209
TRV,Travelers Cos Inc,Financials,403010,NYSE,NY,1996-04-22,2025-12-31,34.0,48602.0,34487.0,5440.0,,8675.0,7995.0,425.0,6288.0,987.0,0.0,10606.0,143708.0,110814.0,9512.0,12451.0,32894.0,217.5,290.06,63088.05,0.2238,0.2227,0.4332
AEP,American Electric Power Co,Utilities,551010,NASDAQ,OH,,2025-12-31,17.581,21605.5,13057.9,,,8547.6,5167.6,2180.0,3580.0,2008.0,8583.0,6944.0,114460.0,82204.0,49663.0,488.0,31138.0,540.861,115.31,62366.682,0.2935,0.1941,0.0609
TFC,Truist Financial Corp,Financials,401010,NYSE,NC,,2025-12-31,38.711,30438.0,12013.0,7909.0,,10516.0,9679.0,,5307.0,2672.0,0.0,5739.0,547538.0,482349.0,71094.0,37690.0,60273.0,1262.47,49.21,62126.149,0.19,0.2856,1.0874
VRT,Vertiv Holdings Co,Industrials,201040,NYSE,OH,,2025-12-31,34.0,10229.9,6406.5,1612.6,441.7,2210.8,1902.2,79.9,1332.8,66.6,220.0,2113.8,12212.4,8271.1,3227.9,1889.3,3941.3,382.554,162.01,61977.574,0.428,0.6936,2.2827
KMI,Kinder Morgan Inc,Energy,101020,NYSE,TX,,2025-12-31,11.028,16937.0,9775.0,,,7162.0,4709.0,1801.0,3056.0,2604.0,3026.0,5917.0,72748.0,40299.0,32219.0,109.0,31162.0,2224.778,27.49,61159.147,0.0473,0.2507,0.5692
ROST,Ross Stores Inc,Consumer Discretionary,255040,NASDAQ,CA,,2026-01-31,111.0,22750.559,15937.865,3595.946,0.0,3216.748,2707.357,50.69,2145.044,528.085,819.275,3026.883,15548.737,9361.294,5212.338,4615.342,6187.443,322.333,188.65,60808.12,0.2042,0.2593,0.7054
APD,Air Products & Chemicals Inc,Materials,151010,NYSE,PA,1983-12-30,2025-09-30,21.3,12037.3,6691.8,1002.4,96.3,4343.1,2778.9,615.8,-394.5,1588.9,7022.6,3256.8,41059.5,23709.7,18406.2,1856.0,15024.9,222.588,272.72,60704.199,-0.1266,0.2776,0.7897
COR,Cencora Inc,Health Care,351020,NYSE,PA,1995-04-04,2025-09-30,51.0,321332.819,310033.912,6493.842,0.0,4805.065,3746.821,419.753,1554.169,437.081,667.981,3875.12,76590.112,74843.027,9331.176,4394.549,1508.019,193.938,312.53,60611.443,0.5149,0.2207,-0.0465
COIN,Coinbase Global Inc,Financials,402030,NASDAQ,NY,2021-04-14,2025-12-31,4.951,6883.438,898.928,4281.698,1670.605,1702.812,1514.384,85.413,1260.327,0.0,0.0,2426.383,29671.832,14878.774,7857.989,11929.535,14793.058,267.836,226.14,60568.433,-0.0893,0.7221,2.1453
SPG,Simon Property Group Inc,Real Estate,601070,NYSE,IN,1993-12-13,2025-12-31,3.6,6868.593,2720.647,468.462,0.0,,3679.484,1005.796,4627.612,,0.0,4136.551,40606.466,33901.073,29186.714,823.147,5167.817,325.224,185.11,60202.215,0.1296,0.2555,0.8623
CVNA,Carvana Co,Consumer Discretionary,255040,NYSE,AZ,2017-04-28,2025-12-31,23.1,20322.0,16019.0,2144.0,0.0,2159.0,1884.0,505.0,1407.0,0.0,147.0,1036.0,13201.0,8998.0,5659.0,2915.0,3441.0,142.23,422.02,60023.905,1.0753,0.7307,2.3459
FTNT,Fortinet Inc,Information Technology,451030,NASDAQ,CA,2009-11-18,2025-12-31,15.109,6799.6,1200.0,3373.3,815.5,2226.3,2074.3,20.1,1853.4,0.0,364.8,2590.6,10389.2,9151.7,1061.8,3582.5,1237.5,743.0,79.41,59001.63,-0.1595,0.4142,1.2139
TRI,Thomson Reuters Corp,Industrials,202020,NASDAQ,ON,,2025-12-31,27.1,7476.0,4578.0,,,2898.0,1968.0,157.0,1502.0,1069.0,634.0,2651.0,17940.0,6026.0,2372.0,511.0,11804.0,444.962,131.89,58686.038,-0.1658,0.2602,0.4352
SRE,Sempra Energy,Utilities,551030,NYSE,CA,,2025-12-31,15.938,13702.0,8710.0,,,4992.0,2429.0,2159.0,1837.0,1683.0,10612.0,4565.0,110878.0,68879.0,36287.0,31.0,31594.0,652.732,88.29,57629.708,0.0394,0.3046,0.6783
PCAR,Paccar Inc,Industrials,201060,NASDAQ,WA,,2025-12-31,25.9,28444.8,22566.9,1305.8,445.5,4572.1,3744.7,,2375.8,1430.7,1386.6,4415.8,44336.2,25072.2,15700.1,9515.6,19264.0,525.4,109.51,57536.554,0.0803,0.2892,0.8257
RBLX,Roblox Corp,Communication Services,502020,NYSE,CA,2021-03-10,2025-12-31,3.065,4890.551,3503.039,2394.034,1567.747,-1006.522,-1232.342,41.457,-1065.057,0.0,440.978,1796.358,9557.118,9182.138,1802.704,3055.142,394.484,708.359,81.03,57398.33,0.4004,0.4881,1.1642
SLB,Slb Ltd,Energy,101010,NYSE,TX,,2025-12-31,109.0,35708.0,26392.0,1049.0,709.0,8267.0,5624.0,558.0,3374.0,1625.0,2374.0,6489.0,54868.0,27577.0,12541.0,4212.0,26109.0,1495.331,38.38,57390.804,0.0327,0.3632,1.0965
AFL,Aflac Inc,Financials,403010,NYSE,GA,,2025-12-31,12.716,17336.0,12320.0,,,5016.0,4980.0,220.0,3646.0,1241.0,0.0,2555.0,116470.0,86980.0,8409.0,9393.0,29490.0,518.69,110.27,57195.946,0.0895,0.2095,0.4563
EOG,Eog Resources Inc,Energy,101020,NYSE,TX,,2025-12-31,3.4,22595.0,5752.0,5812.0,,11031.0,6509.0,315.0,4980.0,2156.0,6594.0,10044.0,51799.0,21966.0,9135.0,3396.0,29833.0,537.67,105.01,56460.727,-0.1138,0.287,0.775
NDAQ,Nasdaq Inc,Financials,402030,NASDAQ,NY,2002-07-01,2025-12-31,9.525,8262.0,5215.0,,,3047.0,2415.0,367.0,1788.0,601.0,266.0,2255.0,31053.0,18821.0,9526.0,6656.0,12227.0,569.894,97.13,55353.804,0.2719,0.2379,0.8642
NXPI,Nxp Semiconductors Nv,Information Technology,453010,NASDAQ,,2010-08-06,2025-12-31,32.169,12269.0,4759.0,3345.0,2360.0,4165.0,3333.0,466.0,2021.0,1025.0,397.0,2820.0,26560.0,16109.0,12496.0,3267.0,10056.0,252.855,217.06,54884.706,0.0638,0.4632,1.7649
LHX,L3Harris Technologies Inc,Industrials,201010,NYSE,FL,,2025-12-31,45.0,21865.0,15723.0,2387.0,536.0,3755.0,2531.0,597.0,1606.0,903.0,424.0,3106.0,41195.0,21560.0,11901.0,1069.0,19635.0,186.844,293.57,54851.793,0.4228,0.2213,0.3987
RKT,Rocket Cos Inc,Financials,402010,NYSE,MI,2020-08-06,2025-12-31,23.5,7071.0,5759.86,338.0,,973.14,683.14,814.0,-68.0,121.0,91.0,-3927.0,60685.0,37787.0,28693.0,2934.0,22898.0,2818.157,19.36,54559.52,0.8153,0.6081,0.6864
VST,Vistra Corp,Utilities,551050,NYSE,TX,,2025-12-31,6.39,17667.0,13771.0,,,3896.0,1910.0,1237.0,944.0,308.0,2752.0,4070.0,41550.0,36440.0,20395.0,816.0,2621.0,338.06,161.33,54539.22,0.1765,0.6614,1.9176
ALL,Allstate Corp,Financials,403010,NYSE,IL,1993-06-02,2025-12-31,53.3,67685.0,55217.0,,,12468.0,11978.0,399.0,10282.0,1060.0,228.0,10110.0,119758.0,89169.0,7675.0,7025.0,28609.0,260.136,208.15,54147.308,0.1011,0.2618,0.4604
IDXX,Idexx Labs Inc,Health Care,351010,NASDAQ,ME,1991-06-21,2025-12-31,11.0,4303.702,1498.976,1308.148,251.207,1496.578,1351.431,38.852,1059.464,0.0,124.676,1181.805,3350.759,1745.376,976.062,180.07,1605.383,79.712,676.53,53927.559,0.6364,0.4436,0.9617
PYPL,Paypal Holdings Inc,Financials,402010,NASDAQ,CA,,2025-12-31,23.8,33172.0,16728.0,9085.0,1500.0,7359.0,6396.0,441.0,5233.0,130.0,852.0,6416.0,80173.0,59917.0,12296.0,10578.0,20256.0,920.0,58.38,53709.6,-0.3144,0.3789,1.2316
ADSK,Autodesk Inc,Information Technology,451030,NASDAQ,CA,,2026-01-31,14.3,7206.0,510.0,4693.0,1643.0,2003.0,1810.0,,1124.0,0.0,43.0,2452.0,12467.0,9422.0,2734.0,2611.0,3045.0,212.0,252.87,53608.44,0.0015,0.2766,0.8911
ZTS,Zoetis Inc,Health Care,352020,NYSE,NJ,2013-02-01,2025-12-31,14.5,9469.0,2301.0,3053.0,698.0,4115.0,3628.0,269.0,2673.0,897.0,621.0,2904.0,15467.0,12136.0,9297.0,2312.0,3331.0,424.928,125.82,53464.441,-0.2175,0.2913,0.6148
BDX,Becton Dickinson & Co,Health Care,351010,NYSE,NJ,1962-04-23,2025-09-30,72.0,21840.0,9167.0,6512.0,1265.0,6161.0,3847.0,675.0,1678.0,1196.0,760.0,3430.0,55325.0,29935.0,20019.0,859.0,25390.0,285.402,187.17,53418.692,-0.126,0.3056,0.5236
TEAM,Atlassian Corp,Information Technology,451030,NASDAQ,,2015-12-10,2025-06-30,13.813,5215.304,817.485,4435.836,2669.312,-38.017,-130.392,30.55,-256.687,0.0,44.85,1460.393,6041.97,4696.316,1239.331,2937.142,1345.654,262.98,203.09,53408.608,-0.3338,0.4978,1.3837
WPM,Wheaton Precious Metals Corp,Materials,151040,NYSE,BC,1998-04-01,2025-12-31,0.047,2314.6,339.063,88.73,,1886.807,1581.641,5.76,1471.72,299.595,1341.369,1904.981,9125.781,435.273,7.905,1153.593,8690.508,454.034,117.52,53358.076,1.1053,0.3593,0.3019
DLR,Digital Realty Trust Inc,Real Estate,601080,NYSE,TX,2004-10-29,2025-12-31,4.282,6241.757,4703.628,750.572,0.0,,787.557,565.141,1308.589,1666.502,0.0,2412.136,49410.468,24564.494,19995.982,3458.29,22193.973,343.557,154.71,53151.703,-0.101,0.2729,0.7959
O,Realty Income Corp,Real Estate,601070,NYSE,CA,,2025-12-31,0.544,5792.124,3424.335,202.554,0.0,,2165.235,1151.913,1058.59,2938.015,0.0,3994.754,72795.612,32671.644,29345.846,521.192,39438.695,933.975,56.37,52648.171,0.122,0.1757,0.2051
ALNY,Alnylam Pharmaceuticals Inc,Health Care,352010,NASDAQ,MA,2004-05-28,2025-12-31,2.5,3713.937,627.071,2530.488,1319.775,556.378,501.578,252.627,313.747,0.0,58.697,524.08,4966.331,4177.155,2968.798,2908.484,789.176,132.376,397.65,52639.316,0.6899,0.4354,0.9051
F,Ford Motor Co,Consumer Discretionary,251020,NYSE,MI,,2025-12-31,169.0,187267.0,157366.0,12248.0,9400.0,17653.0,9819.0,8387.0,-8182.0,3050.0,8815.0,21282.0,289160.0,253180.0,165738.0,38487.0,35952.0,3989.475,13.12,52341.912,0.4221,0.3322,0.8401
PSX,Phillips 66,Energy,101020,NYSE,TX,,2025-12-31,12.6,132376.0,123272.0,2142.0,6.0,6962.0,3664.0,1060.0,4403.0,1922.0,2233.0,4962.0,73680.0,43439.0,21586.0,1116.0,29093.0,401.139,129.04,51762.977,0.1757,0.3556,1.1013
MET,Metlife Inc,Financials,403010,NYSE,NY,2000-04-05,2025-12-31,46.0,77084.0,65756.0,4853.0,,6475.0,5744.0,1077.0,3379.0,1509.0,0.0,17092.0,745166.0,716245.0,21673.0,40268.0,28398.0,655.334,78.94,51732.066,-0.0081,0.2798,1.0842
D,Dominion Energy Inc,Utilities,551030,NYSE,VA,,2025-12-31,15.2,16612.0,9705.0,,,6907.0,4520.0,2191.0,2998.0,2278.0,12641.0,5361.0,115857.0,82440.0,49677.0,343.0,28092.0,879.0,58.59,51500.61,0.1394,0.2267,0.3
EA,Electronic Arts Inc,Communication Services,502020,NASDAQ,CA,1989-09-22,2026-03-31,14.6,7531.0,1331.0,4691.0,2828.0,1509.0,1190.0,53.0,887.0,191.0,230.0,2553.0,13131.0,6367.0,1854.0,2980.0,6764.0,250.71,203.87,51112.248,0.4033,0.3221,0.2785
URI,United Rentals Inc,Industrials,201070,NYSE,CT,1997-12-18,2025-12-31,28.5,16099.0,7254.0,1720.0,0.0,7125.0,4017.0,703.0,2494.0,464.0,4528.0,5190.0,29866.0,20898.0,15670.0,459.0,8968.0,63.096,809.32,51064.855,0.1592,0.3631,1.2521
DHI,D R Horton Inc,Consumer Discretionary,252010,NYSE,TX,1992-06-05,2025-09-30,14.341,34339.3,26043.3,3692.0,,4604.0,4513.1,241.7,3585.2,494.8,137.4,3420.9,35471.2,10729.0,6031.1,3033.3,24190.4,294.475,169.47,49904.678,0.0425,0.3806,0.5364
EW,Edwards Lifesciences Corp,Health Care,351010,NYSE,CA,2000-03-27,2025-12-31,16.0,6067.6,1177.6,3422.6,1079.2,1467.4,1310.8,20.4,1073.5,0.0,260.2,1595.2,13697.2,3359.6,705.4,4226.8,10337.6,580.7,85.25,49504.675,0.1516,0.2374,0.5173
VLO,Valero Energy Corp,Energy,101020,NYSE,TX,,2025-12-31,9.811,115939.0,108183.0,1057.0,,6699.0,4399.0,576.0,2348.0,1405.0,796.0,5826.0,57988.0,31383.0,11703.0,4784.0,23725.0,298.941,162.79,48664.605,0.3706,0.3725,0.9933
CMG,Chipotle Mexican Grill Inc,Consumer Discretionary,253010,NYSE,CA,2006-01-26,2025-12-31,130.301,11925.601,8899.394,671.152,0.0,2355.055,1993.673,,1535.761,0.0,666.336,2113.926,8994.531,6163.924,5075.814,1049.136,2830.607,1304.36,37.0,48261.32,-0.3864,0.3878,0.8733
MPC,Marathon Petroleum Corp,Energy,101020,NYSE,OH,,2025-12-31,18.5,132699.0,120331.0,3349.0,,9019.0,5768.0,1512.0,4047.0,1140.0,3486.0,8253.0,83955.0,59869.0,34358.0,3672.0,17314.0,295.0,162.63,47975.85,0.1919,0.3442,1.0118
DDOG,Datadog Inc,Information Technology,451030,NASDAQ,NY,2019-09-19,2025-12-31,8.1,3427.158,632.329,2782.055,1548.451,12.774,-42.799,11.059,107.741,0.0,135.418,1050.135,6643.844,2911.638,1279.005,4474.836,3732.206,352.526,135.99,47940.011,-0.0483,0.4921,1.239
GWW,Grainger (W W) Inc,Industrials,201070,NYSE,IL,,2025-12-31,25.0,17942.0,10762.0,4237.0,0.0,2943.0,2691.0,81.0,1706.0,425.0,684.0,2015.0,8962.0,4821.0,2862.0,585.0,3736.0,47.419,1009.05,47848.142,-0.0342,0.2344,0.6267
TGT,Target Corp,Consumer Staples,301010,NYSE,MN,,2026-01-31,415.0,104780.0,74994.0,21878.0,0.0,7908.0,4774.0,445.0,3705.0,2095.0,3727.0,6562.0,59490.0,43325.0,20290.0,5488.0,16165.0,452.84,105.47,47761.035,-0.2447,0.3413,0.9363
CBRE,Cbre Group Inc,Real Estate,602010,NYSE,TX,2004-06-10,2025-12-31,155.0,40550.0,37771.0,,,2779.0,2050.0,216.0,1157.0,0.0,366.0,1559.0,30877.0,21251.0,10429.0,2014.0,8878.0,295.731,160.79,47550.587,0.2247,0.2897,0.9513
ROP,Roper Technologies Inc,Information Technology,451030,NASDAQ,FL,1992-02-12,2025-12-31,19.4,7902.5,1532.3,3227.6,852.5,3142.6,2244.4,325.0,1536.3,365.5,47.4,2540.3,34577.0,14695.5,9534.5,297.4,19881.5,106.6,445.13,47450.858,-0.1384,0.2097,0.5896
MSTR,Strategy Inc,Information Technology,451030,NASDAQ,VA,1998-06-11,2025-12-31,1.539,477.233,143.617,368.725,93.86,-35.109,-40.909,64.968,-3848.152,0.0,8.212,-67.241,61641.082,10598.11,8247.597,2303.343,44123.458,312.062,151.95,47417.821,-0.4753,0.7506,2.0712
AME,Ametek Inc,Industrials,201040,NYSE,PA,,2025-12-31,22.5,7401.116,4285.572,757.122,236.1,2358.422,1935.618,81.254,1480.142,285.345,130.248,1801.763,16067.543,5438.757,2571.508,457.951,10628.786,229.037,205.31,47023.586,0.1466,0.227,0.7926
FER,Ferrovial Nv,Industrials,201030,NASDAQ,,,2025-12-31,22.609,11303.306,3488.327,6104.278,,1710.701,1135.38,612.894,1042.624,183.164,219.562,2249.624,32194.52,23194.848,12600.714,5014.69,6936.733,720.626,64.61,46559.646,0.5632,0.2373,0.6057
OKE,Oneok Inc,Energy,101020,NYSE,OK,,2025-12-31,6.326,33629.0,26336.0,,,7293.0,5779.0,1851.0,3393.0,2596.0,3152.0,5599.0,66641.0,44072.0,33053.0,78.0,22485.0,629.708,73.5,46283.538,-0.229,0.3035,0.901
FAST,Fastenal Co,Industrials,201070,NASDAQ,MN,1987-08-20,2025-12-31,24.489,8200.5,4330.1,2035.5,0.0,1834.9,1655.7,6.2,1258.4,1004.2,245.3,1295.9,5052.9,1109.3,441.9,276.8,3943.6,1148.057,40.13,46071.527,0.1401,0.2436,0.6027
XEL,Xcel Energy Inc,Utilities,551010,NASDAQ,MN,,2025-12-31,11.534,14669.0,8837.0,,,5832.0,2879.0,1466.0,2018.0,1357.0,10908.0,4083.0,81371.0,57762.0,36082.0,274.0,23609.0,623.601,73.86,46059.17,0.1389,0.203,0.2219
AIG,American International Group,Financials,403010,NYSE,NY,,2025-12-31,22.1,26612.0,18549.0,,,8063.0,4608.0,396.0,3096.0,976.0,0.0,3314.0,161254.0,120092.0,10047.0,17271.0,41139.0,538.182,85.55,46041.47,0.2004,0.2449,0.5421
AXON,Axon Enterprise Inc,Industrials,201010,NASDAQ,AZ,2001-06-07,2025-12-31,6.3,2779.536,1032.008,1672.913,684.308,74.615,-12.174,94.238,124.656,0.0,136.258,211.339,7000.313,3757.655,1916.654,1745.977,3242.658,80.212,567.93,45554.801,-0.0444,0.5289,1.0796
PSA,Public Storage,Real Estate,601080,NYSE,TX,,2025-12-31,5.77,4896.816,2461.815,121.357,0.0,,2313.644,310.995,1784.348,2109.835,0.0,3186.449,20208.604,10866.77,10319.381,318.095,4898.128,175.5,259.5,45542.25,-0.0966,0.2175,0.4122
WDAY,Workday Inc,Information Technology,451030,NASDAQ,CA,2012-10-12,2026-01-31,21.07,9552.0,1978.0,6145.0,2679.0,1429.0,1086.0,114.0,693.0,0.0,162.0,2939.0,18074.0,10269.0,3821.0,5451.0,7805.0,259.131,175.63,45511.178,-0.1676,0.3484,0.9434
DAL,Delta Air Lines Inc,Industrials,203020,NYSE,GA,,2025-12-31,103.0,63364.0,50226.0,4873.0,,8265.0,5822.0,679.0,5005.0,445.0,4499.0,8342.0,81317.0,60464.0,20274.0,4445.0,20853.0,653.171,69.4,45330.067,0.1609,0.5085,1.7729
ZS,Zscaler Inc,Information Technology,451030,NASDAQ,CA,2018-03-16,2025-07-31,7.923,2673.115,498.704,2175.453,672.485,-1.042,-122.223,9.522,-41.478,0.0,245.76,972.453,6419.888,4620.615,1796.576,3572.409,1799.273,158.301,285.56,45204.434,0.2467,0.403,1.2501
CTVA,Corteva Inc,Materials,151010,NYSE,IN,,2025-12-31,21.5,17401.0,8613.0,4966.0,1474.0,3822.0,2619.0,180.0,1094.0,475.0,591.0,3406.0,42845.0,18459.0,2995.0,4734.0,24144.0,672.163,67.03,45055.086,0.189,0.2593,0.6048
BKR,Baker Hughes Co,Energy,101010,NASDAQ,TX,,2025-12-31,56.0,27733.0,20001.0,2987.0,600.0,4745.0,3557.0,201.0,2588.0,910.0,1273.0,3810.0,40881.0,21871.0,6702.0,4932.0,18834.0,986.815,45.54,44939.555,0.1342,0.3582,1.1189
WCN,Waste Connections Inc,Industrials,202010,NYSE,ON,1998-05-20,2025-12-31,24.214,9466.915,5407.342,935.366,,3124.207,1844.061,334.551,1076.557,333.807,1194.366,2414.069,21129.363,12883.982,9131.043,45.968,8245.381,255.615,175.36,44824.646,0.0293,0.1895,0.2507
AMP,Ameriprise Financial Inc,Financials,402030,NYSE,MN,2005-10-03,2025-12-31,13.6,18911.0,9994.0,3875.0,,5042.0,4830.0,326.0,3563.0,614.0,162.0,8323.0,190904.0,184355.0,6138.0,12947.0,6549.0,91.264,490.34,44750.39,-0.0672,0.2854,1.1406
EXC,Exelon Corp,Utilities,551010,NASDAQ,IL,,2025-12-31,20.571,24258.0,15471.0,,,8787.0,5147.0,2219.0,2768.0,1617.0,8529.0,6254.0,116570.0,87772.0,50245.0,1151.0,28798.0,1022.569,43.59,44573.783,0.2005,0.1884,0.0068
HEI,Heico Corp,Industrials,201010,NYSE,FL,,2025-10-31,11.1,4485.044,2504.065,754.546,120.942,1226.433,1031.918,129.877,690.385,31.968,72.886,934.266,8500.434,3653.901,2308.666,217.781,4305.319,139.341,317.77,44278.39,0.3623,0.3051,0.6492
CARR,Carrier Global Corp,Industrials,201020,NYSE,FL,,2025-12-31,47.0,21747.0,14814.0,3525.0,625.0,3408.0,2141.0,458.0,1484.0,774.0,392.0,2513.0,37190.0,23062.0,12393.0,1557.0,13804.0,836.141,52.84,44181.69,-0.2183,0.3391,1.0669
MPWR,Monolithic Power Systems Inc,Information Technology,453010,NASDAQ,FL,2004-11-19,2025-12-31,4.501,2790.459,1199.57,810.973,382.263,779.916,728.636,0.0,621.483,304.651,172.013,838.202,4194.199,662.702,24.103,1256.545,3531.497,48.709,906.36,44147.889,0.5444,0.5856,2.2557
LVS,Las Vegas Sands Corp,Consumer Discretionary,253010,NYSE,NV,2004-12-15,2025-12-31,41.5,13017.0,6536.0,1876.0,0.0,4605.0,3065.0,757.0,1627.0,695.0,1168.0,3023.0,21920.0,19986.0,15971.0,3841.0,1590.0,674.914,65.09,43930.152,0.2946,0.4002,1.0549
FERG,Ferguson Enterprises Inc,Industrials,201070,NYSE,VA,2001-05-31,2025-07-31,35.0,30762.0,21327.0,6373.0,,3062.0,2689.0,190.0,1856.0,652.0,305.0,1908.0,17729.0,11897.0,5971.0,674.0,5832.0,196.584,223.33,43903.105,0.2989,0.3382,0.9203
RDDT,Reddit Inc,Communication Services,502030,NYSE,CA,2024-03-21,2025-12-31,2.555,2202.506,194.216,1550.358,783.145,457.932,441.984,,529.721,0.0,6.706,690.875,3239.173,310.135,23.214,2476.811,2929.038,190.892,229.87,43880.344,0.4065,0.7769,2.1117
CPRT,Copart Inc,Industrials,202010,NASDAQ,TX,1994-03-16,2025-07-31,11.6,4646.958,2299.54,378.855,0.0,1968.563,1752.714,,1552.449,0.0,568.99,1799.75,10090.902,883.411,103.739,4789.07,9187.033,967.479,45.33,43855.823,-0.3178,0.2398,0.5725
AU,Anglogold Ashanti Plc,Materials,151040,NYSE,CO,1972-12-15,2025-12-31,15.367,9893.0,3772.0,559.0,0.0,5562.0,4242.0,148.0,2636.0,1283.0,1607.0,4784.0,15078.0,5162.0,2281.0,2928.0,8091.0,505.007,85.28,43066.997,2.8811,0.5161,0.3688
CPNG,Coupang Inc,Consumer Discretionary,255030,NYSE,WA,2021-03-11,2025-12-31,108.0,34534.0,23876.0,9643.0,,1015.0,498.0,86.0,208.0,0.0,1251.0,1773.0,17787.0,13164.0,4635.0,6412.0,4623.0,1823.0,23.59,43004.57,0.0733,0.3476,0.9782
FANG,Diamondback Energy Inc,Energy,101020,NASDAQ,TX,2012-10-12,2025-12-31,1.762,15026.0,8329.0,288.0,,6409.0,1371.0,823.0,1664.0,1156.0,9461.0,8758.0,71059.0,28092.0,14879.0,106.0,36972.0,284.595,150.33,42783.166,-0.0562,0.3879,1.1363
MSCI,Msci Inc,Financials,402030,NYSE,NY,2007-11-15,2025-12-31,6.268,3134.459,550.366,682.078,177.596,1902.015,1709.13,209.889,1202.305,555.005,39.319,1588.446,5702.459,8356.999,6338.406,515.332,-2654.54,73.563,573.73,42205.3,-0.0316,0.2776,0.8045
YUM,Yum Brands Inc,Consumer Discretionary,253010,NYSE,KY,1997-09-17,2025-12-31,49.0,8219.0,4167.0,1104.0,,2948.0,2692.0,544.0,1559.0,791.0,371.0,2010.0,8197.0,15522.0,13189.0,901.0,-7325.0,277.0,151.28,41904.56,0.1496,0.2474,0.3275
ETR,Entergy Corp,Utilities,551010,NYSE,LA,,2025-12-31,12.233,12946.686,7438.84,,,5507.846,3202.278,1412.955,1776.591,1074.151,7760.625,5150.651,71890.73,54657.153,31328.863,1928.916,16923.076,452.339,92.43,41809.694,0.2533,0.2146,0.4674
A,Agilent Technologies Inc,Health Care,352030,NYSE,CA,1999-11-18,2025-10-31,18.1,6948.0,3033.0,1983.0,455.0,1932.0,1649.0,126.0,1303.0,282.0,407.0,1559.0,12727.0,5986.0,3543.0,1789.0,6741.0,283.054,146.36,41427.783,0.0191,0.316,1.0411
LNG,Cheniere Energy Inc,Energy,101020,NYSE,TX,,2025-12-31,1.717,19976.0,9125.0,419.0,,10432.0,9112.0,1197.0,5330.0,454.0,3078.0,5539.0,47882.0,34804.0,26446.0,1660.0,7915.0,212.4,194.39,41288.436,-0.0869,0.3037,0.6437
CCEP,Coca-Cola Europacific Partne,Consumer Staples,302010,NASDAQ,,1987-01-01,2025-12-31,39.0,24540.396,14725.881,5465.554,,4348.961,3265.243,359.282,2280.152,1087.24,880.594,3467.192,35073.475,25324.711,12556.097,1123.638,9199.273,448.646,90.7,40692.192,0.2118,0.2112,0.1917
OXY,Occidental Petroleum Corp,Energy,101020,NYSE,TX,,2025-12-31,10.412,21593.0,7547.0,1235.0,,12811.0,5278.0,1079.0,2326.0,945.0,6427.0,10532.0,84186.0,47588.0,23351.0,1988.0,27747.0,986.026,41.12,40545.389,-0.1498,0.3645,0.9514
CAH,Cardinal Health Inc,Health Care,351020,NYSE,OH,1983-08-04,2025-06-30,57.7,222578.0,213922.0,5381.0,,3275.0,2484.0,215.0,1561.0,492.0,547.0,2397.0,53122.0,55756.0,9345.0,3874.0,-2781.0,239.0,168.0,40152.0,0.7625,0.2698,0.3344
PEG,Public Service Entrp Grp Inc,Utilities,551030,NYSE,NJ,,2025-12-31,13.189,12168.0,7931.0,,,4237.0,2980.0,1005.0,2111.0,1258.0,3272.0,3298.0,57576.0,40594.0,24230.0,135.0,16982.0,498.0,80.3,39989.4,-0.019,0.2124,0.5004
FNV,Franco-Nevada Corp,Materials,151040,NYSE,ON,2007-12-03,2025-12-31,0.044,1862.9,164.0,52.2,,1646.7,1340.0,3.1,1112.1,293.8,2196.7,1493.7,8241.4,606.1,0.0,670.9,7635.3,192.799,207.28,39963.377,0.7779,0.305,0.2968
CTSH,Cognizant Tech Solutions,Information Technology,451020,NASDAQ,NJ,1998-06-19,2025-12-31,351.6,21108.0,13991.0,3240.0,,3877.0,3327.0,37.0,2230.0,610.0,288.0,2883.0,20692.0,5677.0,1174.0,1914.0,15015.0,479.0,83.0,39757.0,0.0967,0.2602,0.8399
TRGP,Targa Resources Corp,Energy,101020,NYSE,TX,2010-12-07,2025-12-31,3.57,17028.3,12175.6,,,4852.7,3331.2,852.8,1852.5,815.1,3333.3,3917.4,25218.4,22020.2,17546.3,166.1,3067.9,214.662,184.5,39605.139,0.0567,0.3597,1.0233
ROK,Rockwell Automation,Industrials,201040,NYSE,WI,1987-01-01,2025-09-30,26.0,8342.0,4001.0,2593.0,482.0,1748.0,1423.0,156.0,869.0,593.0,186.0,1544.0,11219.0,7508.0,3647.0,468.0,3654.0,112.4,349.53,39287.172,0.3835,0.3283,1.1594
PRU,Prudential Financial Inc,Financials,403010,NYSE,NJ,2001-12-13,2025-12-31,36.824,60749.0,43106.0,10917.0,,6726.0,6598.0,1967.0,3576.0,1932.0,0.0,6271.0,773740.0,738159.0,32964.0,58320.0,32438.0,347.944,112.88,39275.919,0.0015,0.2651,0.9985
XYZ,Block Inc,Financials,402010,NYSE,CA,2015-11-19,2025-12-31,10.205,24193.683,13599.954,8373.475,2907.889,2220.254,1850.725,302.33,1305.636,0.0,155.038,2579.714,39549.887,17380.005,8966.376,11536.4,22204.278,602.078,65.09,39189.257,-0.2341,0.5348,1.6231
EBAY,Ebay Inc,Consumer Discretionary,255030,NASDAQ,CA,1998-09-24,2025-12-31,12.3,11100.0,2723.0,5497.0,1642.0,2880.0,2410.0,238.0,2031.0,554.0,525.0,1959.0,17610.0,12995.0,7180.0,3089.0,4615.0,449.0,87.1,39107.9,0.4273,0.3776,0.5457
GRMN,Garmin Ltd,Consumer Discretionary,252010,NYSE,,2000-12-12,2025-12-31,23.0,7245.519,2804.237,2380.227,1126.231,2061.055,1876.076,0.0,1663.887,692.888,270.446,1633.359,10993.669,2021.105,195.988,2737.848,8972.564,192.62,202.85,39072.967,-0.0007,0.3568,1.1561
CCI,Crown Castle Inc,Real Estate,601080,NYSE,TX,1998-08-14,2025-12-31,1.5,4264.0,1105.0,383.0,,2776.0,2086.0,987.0,444.0,2080.0,182.0,3057.0,31518.0,33153.0,29566.0,269.0,-1635.0,435.0,88.87,38658.45,0.0282,0.2594,0.1213
KR,Kroger Co,Consumer Staples,301010,NYSE,OH,,2026-01-31,403.0,147642.0,113240.0,26499.0,0.0,7903.0,4571.0,639.0,1016.0,890.0,3855.0,7311.0,49953.0,44017.0,24692.0,4578.0,5927.0,615.0,62.85,38652.75,0.0423,0.2563,-0.2411
ALC,Alcon Inc,Health Care,351010,NYSE,,,2025-12-31,25.942,10401.0,3380.0,4422.0,990.0,2599.0,1309.0,204.0,980.0,168.0,543.0,2271.0,31555.0,9520.0,5240.0,1608.0,22034.0,487.428,78.81,38414.201,-0.068,0.285,0.7298
IQV,Iqvia Holdings Inc,Health Care,352030,NYSE,NC,2013-05-09,2025-12-31,93.0,16310.0,10880.0,1999.0,,3431.0,2287.0,729.0,1360.0,0.0,603.0,2654.0,29944.0,23314.0,16260.0,2141.0,6503.0,169.6,225.41,38229.536,0.1471,0.3821,1.0016
HIG,Hartford Insurance Group Inc,Financials,403010,NYSE,CT,1995-12-18,2025-12-31,19.2,28077.0,23013.0,,,5064.0,4675.0,199.0,3836.0,607.0,169.0,5922.0,85997.0,67018.0,4540.0,5709.0,18645.0,276.923,137.8,38159.989,0.2808,0.2118,0.4969
KDP,Keurig Dr Pepper Inc,Consumer Staples,302010,NASDAQ,TX,1993-09-21,2025-12-31,30.6,16603.0,7336.0,5004.0,70.0,4263.0,3670.0,731.0,2079.0,1250.0,486.0,1991.0,55459.0,29943.0,17956.0,1044.0,25516.0,1358.664,28.01,38056.179,-0.1014,0.2657,0.195
RKLB,Rocket Lab Corp,Industrials,201010,NASDAQ,CA,,2025-12-31,2.6,601.799,367.692,406.834,270.716,-172.727,-216.052,26.489,-198.209,0.0,156.285,-165.521,2324.478,602.624,265.088,1016.577,1721.849,543.575,69.76,37919.792,1.7389,0.8942,2.2364
RMD,Resmed Inc,Health Care,351010,NYSE,CA,1995-06-02,2025-06-30,10.6,5146.327,1940.753,1322.303,331.284,1883.271,1685.882,,1400.723,310.88,89.865,1751.588,8174.391,2206.532,851.813,1222.53,5967.859,146.385,258.0,37767.33,0.0626,0.2618,0.6159
FLUT,Flutter Entertainment Plc,Consumer Discretionary,253010,NYSE,NY,,2025-12-31,28.518,16383.0,7462.0,6595.0,991.0,2326.0,809.0,588.0,-310.0,0.0,105.0,1184.0,29280.0,19582.0,12872.0,3855.0,9038.0,175.224,215.04,37680.169,-0.168,0.3866,1.0962
MLM,Martin Marietta Materials,Materials,151020,NYSE,NC,1994-02-16,2025-12-31,9.6,6150.0,3668.0,443.0,,2039.0,1451.0,230.0,1137.0,196.0,807.0,1785.0,18711.0,8677.0,6007.0,67.0,10032.0,60.31,622.66,37552.625,0.2126,0.2289,0.6606
GEHC,Ge Healthcare Technologi Inc,Health Care,351010,NASDAQ,IL,,2025-12-31,54.0,20625.0,11781.0,5313.0,1260.0,3531.0,2953.0,440.0,2084.0,64.0,482.0,1987.0,36906.0,26307.0,10463.0,4512.0,10379.0,455.737,82.02,37379.549,0.051,0.3667,1.2734
INSM,Insmed Inc,Health Care,352010,NASDAQ,NJ,2000-06-01,2025-12-31,1.664,606.423,109.777,1472.26,771.093,-975.614,-994.776,130.565,-1276.775,0.0,32.561,-935.014,2264.558,1525.582,749.536,1430.047,738.976,214.256,174.04,37289.114,1.5208,0.5125,0.5993
VMC,Vulcan Materials Co,Materials,151020,NYSE,AL,,2025-12-31,11.548,7941.1,5018.1,564.1,,2358.9,1610.5,226.3,1076.7,259.8,677.7,1813.0,16700.4,8151.5,4940.0,189.4,8525.1,130.6,285.22,37249.732,0.117,0.237,0.6585
NUE,Nucor Corp,Materials,151040,NYSE,NC,,2025-12-31,33.0,32494.0,27136.0,1219.0,,4139.0,2659.0,170.0,1744.0,511.0,3422.0,3234.0,35104.0,12980.0,7249.0,2699.0,20936.0,228.3,163.11,37238.013,0.4205,0.3691,1.1895
HSY,Hershey Co,Consumer Staples,302020,NYSE,PA,,2025-12-31,19.595,11692.576,7350.693,2380.694,61.655,1961.189,1547.304,236.784,883.259,1086.126,454.622,2277.367,13741.297,9104.547,5738.575,925.859,4636.75,202.84,181.98,36912.823,0.1101,0.2718,0.0853
VTR,Ventas Inc,Real Estate,601050,NYSE,IL,1998-05-04,2025-12-31,0.542,5838.448,4799.056,187.473,0.0,,851.919,622.246,251.381,892.388,0.0,1646.726,27591.945,14630.983,13219.618,786.137,12527.253,474.926,77.38,36749.774,0.3507,0.2227,0.2419
TTWO,Take-Two Interactive Sftwr,Communication Services,502020,NASDAQ,NY,1997-04-15,2026-03-31,12.909,6656.4,1795.9,3676.4,1074.6,1184.1,-93.9,151.4,-298.2,0.0,162.8,624.3,9383.2,5872.3,2958.3,2002.5,3510.9,185.4,197.5,36616.5,0.3909,0.3063,0.5998
WAB,Wabtec Corp,Industrials,201060,NYSE,PA,1995-06-16,2025-12-31,31.0,11167.0,7101.0,1600.0,223.0,2466.0,1971.0,225.0,1170.0,173.0,260.0,1759.0,22069.0,10879.0,5541.0,789.0,11142.0,170.6,213.45,36414.57,0.1316,0.2856,1.0869
UAL,United Airlines Holdings Inc,Industrials,203020,NASDAQ,IL,,2025-12-31,113.2,59070.0,41239.0,9919.0,,7912.0,4973.0,1373.0,3353.0,0.0,5874.0,8431.0,76448.0,61166.0,31036.0,12239.0,15282.0,323.471,111.82,36170.527,0.1516,0.5696,2.0096
SYY,Sysco Corp,Consumer Staples,301010,NYSE,TX,,2025-06-30,75.0,81370.0,65456.0,11579.0,,4335.0,3390.0,635.0,1828.0,1008.0,906.0,2510.0,26774.0,24917.0,14494.0,1086.0,1830.0,477.496,75.74,36165.547,-0.0095,0.2082,0.3017
STT,State Street Corp,Financials,402030,NYSE,MA,,2025-12-31,51.503,22628.0,8743.0,5522.0,,8363.0,7248.0,,2945.0,909.0,1055.0,11898.0,366047.0,338206.0,30668.0,138175.0,24282.0,279.078,129.01,36003.853,0.3554,0.281,1.0898
ARES,Ares Management Corp,Financials,402030,NYSE,CA,2014-05-02,2025-12-31,4.25,5601.482,4265.576,,,1335.906,1093.981,767.46,527.362,1041.077,72.178,3266.959,28633.369,19931.981,14222.266,1447.984,2814.382,221.955,161.63,35874.587,-0.0619,0.4164,1.6215
FISV,Fiserv Inc,Financials,402010,NASDAQ,WI,1986-09-25,2025-12-31,38.0,21193.0,5643.0,6883.0,,8667.0,5698.0,1531.0,3480.0,0.0,1763.0,6062.0,80133.0,54324.0,29760.0,798.0,25792.0,534.0,67.17,35868.78,-0.673,0.5935,0.6681
ED,Consolidated Edison Inc,Utilities,551030,NYSE,NY,,2025-12-31,15.407,16918.0,11666.0,,,5252.0,2931.0,1295.0,2023.0,1214.0,4764.0,4800.0,74603.0,50413.0,28378.0,1629.0,24190.0,361.121,99.32,35866.538,0.1516,0.1988,-0.1598
FICO,Fair Isaac Corp,Information Technology,451030,NYSE,MT,1987-07-22,2025-09-30,3.811,1990.869,343.064,701.375,188.347,946.43,935.772,133.647,651.946,0.0,39.407,778.807,1868.133,3613.917,3091.7,134.136,-1745.784,23.764,1496.53,35563.539,-0.1508,0.4741,0.9382
PCG,Pg&E Corp,Utilities,551010,NYSE,CA,1962-02-28,2025-12-31,29.01,24935.0,15043.0,,,9892.0,5258.0,3116.0,2703.0,277.0,11787.0,8716.0,141611.0,108819.0,61335.0,972.0,30961.0,2197.943,16.07,35320.944,-0.1973,0.3108,0.5674
MCHP,Microchip Technology Inc,Information Technology,453010,NASDAQ,AZ,1993-03-19,2026-03-31,17.9,4713.1,1816.3,1677.7,1085.9,1219.1,529.8,221.3,230.0,984.0,91.1,962.1,14370.1,7937.7,5642.2,240.3,6432.4,542.079,64.61,35023.724,0.1457,0.5907,2.1887
EXPE,Expedia Group Inc,Consumer Discretionary,253010,NASDAQ,WA,1999-11-10,2025-12-31,16.0,14733.0,1456.0,10227.0,,3050.0,2163.0,299.0,1294.0,200.0,770.0,3880.0,24452.0,21905.0,6476.0,7296.0,1284.0,122.498,283.31,34704.908,0.5329,0.474,1.4536
MT,Arcelormittal,Materials,151040,NYSE,,1997-08-08,2025-12-31,125.554,61352.0,53116.0,2913.0,335.0,5323.0,2378.0,577.0,3152.0,421.0,4337.0,4808.0,97703.0,41167.0,13410.0,5476.0,54466.0,761.126,45.57,34684.512,1.0015,0.4063,1.2009
PAYX,Paychex Inc,Industrials,202020,NASDAQ,NY,,2026-05-31,17.6,6512.0,1231.9,2264.8,,3015.3,2572.7,248.7,1760.1,1589.9,234.9,2556.7,16174.5,12439.4,4630.3,1177.3,3735.1,355.6,96.98,34486.088,-0.1749,0.2418,0.5497
ACGL,Arch Capital Group Ltd,Financials,403010,NASDAQ,,1995-09-13,2025-12-31,8.0,19425.0,14349.0,325.0,,,4751.0,148.0,4399.0,0.0,44.0,6172.0,79241.0,55035.0,2885.0,5126.0,23376.0,359.0,95.92,34435.28,0.0387,0.2434,0.4282
WEC,Wec Energy Group Inc,Utilities,551030,NYSE,WI,,2025-12-31,7.151,9800.1,6076.7,,,3723.4,2244.9,934.1,1558.7,1147.8,4398.1,3379.4,51518.3,37465.5,22390.3,36.7,13613.6,325.462,105.46,34323.223,0.1597,0.1692,0.0975
RJF,Raymond James Financial Inc,Financials,402030,NYSE,FL,,2025-09-30,19.5,15912.0,12590.0,,,3322.0,3127.0,299.0,2135.0,420.0,188.0,2434.0,88230.0,75726.0,5974.0,15640.0,12424.0,198.14,172.6,34198.964,0.0475,0.2664,1.0092
FIS,Fidelity National Info Svcs,Financials,402010,NYSE,FL,,2025-12-31,44.0,10677.0,5256.0,1574.0,,3847.0,2362.0,442.0,382.0,843.0,154.0,2816.0,33488.0,19586.0,13331.0,599.0,13899.0,514.0,66.46,34160.44,-0.1581,0.2945,0.5957
OTIS,Otis Worldwide Corp,Industrials,201060,NYSE,CT,,2025-12-31,72.0,14431.0,9842.0,2045.0,152.0,2544.0,2369.0,227.0,1384.0,647.0,152.0,1596.0,10653.0,15924.0,8511.0,1096.0,-5392.0,389.8,87.35,34049.03,-0.0399,0.2378,0.3994
CLS,Celestica Inc,Information Technology,452030,NYSE,ON,1998-06-30,2025-12-31,29.591,12390.9,10766.7,378.1,118.2,1246.1,1070.4,57.3,832.5,0.0,201.2,659.5,7213.1,4996.8,915.7,595.6,2216.3,114.9,295.61,33965.589,2.2027,0.7924,2.2904
KGC,Kinross Gold Corp,Materials,151040,NYSE,ON,,2025-12-31,7.1,7051.1,2324.2,344.3,,4382.6,3228.1,91.9,2390.1,152.1,1194.2,3760.5,12411.1,3717.0,738.2,1755.8,8576.0,1199.843,28.16,33787.579,2.0606,0.4463,0.4164
LYV,Live Nation Entertainment,Communication Services,502020,NYSE,CA,,2025-12-31,17.7,25201.406,18763.356,4574.841,,1863.209,1224.337,340.033,-54.829,0.0,1082.505,1395.316,22912.533,21093.686,10404.386,7106.986,271.007,235.421,142.5,33547.492,0.1004,0.3184,0.9155
KMB,Kimberly-Clark Corp,Consumer Staples,303010,NASDAQ,TX,,2025-12-31,36.0,16447.0,9574.0,3361.0,326.0,3512.0,2775.0,256.0,2021.0,1673.0,1138.0,2777.0,17098.0,15446.0,7554.0,774.0,1502.0,331.898,100.89,33485.189,-0.1988,0.2446,0.0638
EQT,Eqt Corp,Energy,101020,NYSE,PA,1964-03-31,2025-12-31,1.523,8644.211,2624.659,,,6019.552,3419.162,470.695,2039.247,387.396,2288.425,5125.952,41792.874,14432.726,7915.794,110.795,23752.677,624.076,53.6,33450.474,0.1763,0.3786,0.7805
VEEV,Veeva Systems Inc,Health Care,351030,NYSE,CA,2013-10-16,2026-01-31,7.928,3195.311,754.429,1455.914,767.386,984.968,946.996,0.0,908.906,0.0,,1415.225,8979.343,1764.591,95.859,6560.814,7214.752,163.778,203.92,33397.61,0.0617,0.3458,0.6123
SOFI,Sofi Technologies Inc,Financials,402020,NASDAQ,CA,,2025-12-31,6.1,4769.597,1388.89,2478.499,,902.208,668.057,142.2,481.32,0.0,242.444,-3742.458,50660.478,40170.983,1934.625,5357.168,10489.495,1270.569,26.18,33263.496,0.7,0.642,2.3903
XYL,Xylem Inc,Industrials,201060,NYSE,DC,,2025-12-31,22.0,9035.0,4985.0,2083.0,226.0,1967.0,1392.0,29.0,957.0,391.0,331.0,1240.0,17634.0,5885.0,2475.0,1479.0,11480.0,243.584,136.18,33171.269,0.1877,0.2407,0.8241
KVUE,Kenvue Inc,Consumer Staples,303020,NYSE,NJ,2023-05-04,2025-12-31,22.0,15124.0,5739.0,6054.0,382.0,3331.0,2774.0,430.0,1470.0,1581.0,475.0,2197.0,27076.0,16311.0,8674.0,1062.0,10765.0,1916.115,17.25,33052.984,-0.1587,0.3464,0.2272
FIX,Comfort Systems Usa Inc,Industrials,201030,NYSE,TX,1997-06-27,2025-12-31,22.7,9101.641,6824.691,822.376,,1454.574,1312.615,8.709,1022.558,68.833,154.903,1186.356,6441.169,3992.395,483.358,1016.255,2448.774,35.177,933.29,32830.342,1.2088,0.6087,1.81
ODFL,Old Dominion Freight,Industrials,203040,NASDAQ,NC,1991-10-24,2025-12-31,20.591,5496.389,3770.661,,,1725.728,1361.045,0.296,1023.703,235.672,415.034,1370.133,5470.16,1159.103,141.442,120.091,4311.057,208.557,156.8,32701.738,-0.1048,0.3974,1.123
LEN,Lennar Corp,Consumer Discretionary,252010,NYSE,FL,,2025-11-30,12.532,34186.934,27987.162,3315.055,,2884.717,2750.407,184.589,2078.179,520.959,188.629,216.812,34430.437,12289.828,6139.152,3830.734,21959.417,246.992,131.3,32430.05,-0.17,0.3551,0.6656
CRDO,Credo Technology Group,Information Technology,453010,NASDAQ,,2022-01-27,2026-04-30,0.807,1335.116,392.13,453.665,279.381,489.321,454.284,0.0,472.279,0.0,57.296,464.292,2295.619,232.007,25.448,1443.286,2063.612,185.419,174.01,32264.76,1.1409,0.9151,2.7962
HPE,Hewlett Packard Enterprise,Information Technology,452020,NYSE,TX,,2025-10-31,67.0,34296.0,21314.0,8046.0,2518.0,4936.0,2199.0,598.0,57.0,684.0,2292.0,2919.0,75906.0,51152.0,24077.0,5859.0,24688.0,1318.292,24.42,32192.691,0.1551,0.4493,1.5752
NTRA,Natera Inc,Health Care,352010,NASDAQ,TX,2015-07-02,2025-12-31,6.14,2306.113,774.253,1801.371,624.11,-269.511,-309.911,4.069,-208.16,0.0,106.188,215.301,2398.344,685.931,214.377,1076.14,1712.413,139.693,229.09,32002.269,0.4472,0.4085,1.1823
VIK,Viking Holdings Ltd,Consumer Discretionary,253010,NYSE,,2024-05-01,2025-12-31,13.0,6501.419,3695.066,1031.235,,1775.118,1501.534,369.785,1147.57,,1026.854,2560.31,12232.707,11111.365,5740.896,3823.944,1093.778,445.678,71.41,31825.866,0.6207,0.4019,1.4881
DG,Dollar General Corp,Consumer Staples,301010,NYSE,TN,,2026-01-31,194.0,42724.369,28587.68,10896.021,0.0,3240.668,2203.668,234.667,1512.311,519.528,1241.162,3634.5,30963.73,22451.768,15718.656,1138.501,8511.962,220.222,143.43,31586.441,0.7971,0.3846,-0.0928
STLA,Stellantis Nv,Consumer Discretionary,251020,NYSE,,,2025-12-31,258.668,180237.65,173086.052,23278.211,13085.628,-16126.613,-24323.183,1493.488,-26262.838,2300.112,9377.74,-5110.968,229134.104,165730.156,53947.542,36777.132,62875.592,2897.483,10.89,31553.59,-0.0933,0.5211,1.7461
ECHO,Echostar Corp,Communication Services,502010,NASDAQ,CO,2007-12-31,2025-12-31,12.1,15004.989,11130.322,2380.253,68.0,1494.414,-91.135,2366.685,-14497.18,0.0,965.73,-99.374,43016.355,37204.357,30962.466,3159.803,5765.784,288.826,108.7,31395.386,3.7467,1.0968,1.3559
KEYS,Keysight Technologies Inc,Information Technology,452030,NYSE,CA,,2025-10-31,16.8,5375.0,1756.0,2295.0,1007.0,1324.0,1056.0,96.0,850.0,0.0,128.0,1409.0,11301.0,5420.0,2778.0,1888.0,5881.0,171.2,182.96,31322.752,0.2649,0.3359,1.3183
WTW,Willis Towers Watson Plc,Financials,403010,NASDAQ,,2001-06-12,2025-12-31,46.9,9708.0,7032.0,,,2676.0,2258.0,260.0,1605.0,360.0,229.0,1775.0,29530.0,21478.0,6905.0,3165.0,7976.0,95.08,328.6,31243.288,0.0608,0.2056,0.3252
IR,Ingersoll Rand Inc,Industrials,201060,NYSE,NC,,2025-12-31,21.0,7650.9,4196.3,1439.3,114.3,2015.3,1509.5,253.9,581.4,31.8,135.6,1355.7,18297.2,8143.2,5017.5,1248.8,10089.8,391.122,79.22,30984.685,-0.1234,0.3269,1.1835
VRSK,Verisk Analytics Inc,Industrials,202020,NASDAQ,NJ,2009-10-07,2025-12-31,8.0,3072.7,925.5,441.1,40.9,1706.1,1379.4,152.0,908.3,251.2,244.1,1436.0,6195.5,5885.7,4900.4,2178.9,309.0,138.398,223.69,30958.249,-0.1823,0.2514,0.271
FITB,Fifth Third Bancorp,Financials,401010,NYSE,OH,,2025-12-31,18.676,12926.0,4583.0,3333.0,,5010.0,4641.0,,2522.0,1038.0,709.0,4514.0,214376.0,192652.0,15226.0,22375.0,19954.0,661.198,46.81,30950.678,0.1475,0.2792,1.0052
HUM,Humana Inc,Health Care,351020,NYSE,KY,1993-01-22,2025-12-31,67.06,129789.0,110697.0,14873.0,,4219.0,3406.0,631.0,1188.0,430.0,546.0,921.0,48909.0,31172.0,12913.0,19903.0,17657.0,120.591,256.13,30886.973,0.0236,0.4405,0.364
STX,Seagate Technology Holdings,Information Technology,452020,NASDAQ,,2002-12-11,2025-06-30,30.0,9097.0,5633.0,1278.0,724.0,2186.0,1935.0,321.0,1469.0,606.0,265.0,1083.0,8023.0,8476.0,5373.0,893.0,-453.0,212.669,144.33,30694.517,2.2515,0.5314,1.4684
MTB,M&T Bank Corp,Financials,401010,NYSE,NY,,2025-12-31,22.278,13190.0,4043.0,3867.0,,5280.0,4782.0,,2851.0,900.0,143.0,3003.0,213510.0,184333.0,13712.0,18769.0,26343.0,151.832,201.48,30591.111,0.1042,0.2573,0.9314
CASY,Caseys General Stores Inc,Consumer Staples,301010,NASDAQ,IA,,2026-04-30,49.848,17553.101,13240.06,2837.426,0.0,1475.615,1025.657,113.927,714.448,85.752,655.92,1377.54,8936.055,4984.336,2905.075,522.991,3951.719,36.904,822.15,30340.624,0.4012,0.2829,0.4943
NRG,Nrg Energy Inc,Utilities,551010,NYSE,TX,2000-05-25,2025-12-31,16.702,30713.0,27470.0,,,3243.0,1837.0,741.0,864.0,350.0,1147.0,1913.0,29140.0,27459.0,16622.0,4998.0,1031.0,190.377,159.24,30315.633,0.7886,0.5536,1.7018
TER,Teradyne Inc,Information Technology,453010,NASDAQ,MA,,2025-12-31,6.6,3190.024,1219.976,1160.423,504.596,809.625,682.91,6.846,554.047,76.348,224.009,674.415,4183.599,1387.847,283.239,321.998,2795.752,156.088,193.56,30212.393,0.5438,0.5907,1.8426
VICI,Vici Properties Inc,Real Estate,601080,NYSE,NY,2017-10-18,2025-12-31,0.028,4020.479,104.209,250.698,0.0,3665.572,3661.935,843.614,2775.493,1875.84,1.335,2509.991,46724.168,18501.581,17689.74,607.963,27797.64,1068.811,28.12,30054.965,0.0185,0.1853,0.3404
MDB,Mongodb Inc,Information Technology,451020,NASDAQ,NY,2017-10-19,2026-01-31,5.636,2463.797,670.282,1897.468,716.303,-103.953,-130.321,3.128,-71.151,0.0,4.96,505.148,3758.848,806.49,62.831,2387.241,2952.358,80.493,371.33,29889.466,0.8027,0.6966,1.599
NTR,Nutrien Ltd,Materials,151010,NYSE,SK,,2025-12-31,25.1,26885.0,17311.0,3421.0,,6153.0,3757.0,755.0,2267.0,1059.0,1882.0,4007.0,52301.0,26936.0,12019.0,701.0,25323.0,481.962,61.72,29746.695,0.4332,0.2836,0.3856
SMCI,Super Micro Computer Inc,Information Technology,452020,NASDAQ,CA,2007-03-29,2025-06-30,6.238,21972.042,19483.776,1176.928,636.55,1311.338,1252.994,59.573,1048.854,0.0,127.214,1659.524,14018.429,7716.558,5059.21,5176.15,6301.693,594.137,49.01,29118.654,-0.0397,0.8539,2.0333
EL,Estee Lauder Companies Inc,Consumer Staples,303020,NYSE,NY,1995-11-16,2025-06-30,57.0,14329.0,2903.0,9456.0,316.0,1970.0,1146.0,357.0,-1133.0,622.0,602.0,1272.0,19892.0,16027.0,9467.0,2921.0,3865.0,359.767,80.8,29069.174,0.4215,0.4851,1.3553
SYF,Synchrony Financial,Financials,402020,NYSE,CT,,2025-12-31,20.0,23121.0,17084.0,,,6037.0,5523.0,805.0,3552.0,427.0,0.0,9851.0,119095.0,102329.0,15182.0,16243.0,15544.0,347.4,83.43,28983.582,0.3062,0.3791,1.5446
ROL,Rollins Inc,Industrials,202010,NYSE,GA,,2025-12-31,21.946,3761.05,1777.006,1129.984,,854.06,729.316,28.558,526.705,327.901,28.086,678.107,3140.523,1766.202,1038.005,100.004,1374.321,481.194,60.02,28881.264,0.3107,0.2183,0.2672
KHC,Kraft Heinz Co,Consumer Staples,302020,NYSE,PA,,2025-12-31,35.0,24942.0,15664.0,3600.0,167.0,5678.0,4710.0,947.0,-5846.0,1906.0,801.0,4462.0,81786.0,39997.0,21772.0,3839.0,41664.0,1184.0,24.25,28712.0,-0.1641,0.2518,0.2625
IBKR,Interactive Brokers Group,Financials,402030,NASDAQ,CT,2007-05-04,2025-12-31,3.182,10398.0,1082.0,291.0,,9025.0,8964.0,4219.0,984.0,134.0,67.0,15811.0,203240.0,182768.0,911.0,88933.0,5363.0,445.414,64.31,28644.574,0.4638,0.4555,1.6379
LPLA,Lpl Financial Holdings Inc,Financials,402030,NASDAQ,CA,2010-11-18,2025-12-31,10.099,16989.479,14074.593,,,2914.886,2284.874,394.956,863.024,94.411,570.376,-411.404,18492.753,13148.268,7942.954,3060.172,5344.485,80.061,357.17,28595.387,0.0976,0.3682,1.2219
ULTA,Ulta Beauty Inc,Consumer Discretionary,255040,NASDAQ,IL,2007-10-25,2026-01-31,65.0,12392.82,7246.824,3312.232,0.0,1833.764,1532.992,1.787,1153.479,0.0,434.829,1502.78,6999.294,4195.843,2182.061,494.243,2803.451,44.166,647.36,28591.302,0.3911,0.3803,0.8743
BR,Broadridge Financial Solutns,Industrials,202020,NYSE,NY,2007-04-02,2025-06-30,15.0,6889.1,4425.0,948.2,,1515.9,1188.5,135.8,839.5,412.1,43.8,1171.3,8545.0,5889.9,3459.0,562.2,2655.1,117.1,243.03,28458.813,0.0026,0.2169,0.5703
MTD,Mettler-Toledo Intl Inc,Health Care,352030,NYSE,,1997-11-13,2025-12-31,18.1,4026.399,1584.781,1197.687,199.373,1243.931,1118.49,76.815,869.193,0.0,107.124,955.772,3712.646,3736.282,2265.323,66.888,-23.636,20.359,1394.19,28384.314,0.1393,0.3367,1.104
ALAB,Astera Labs Inc,Information Technology,453010,NASDAQ,CA,2024-03-20,2025-12-31,0.756,852.525,200.435,470.888,303.998,181.202,174.373,0.0,219.134,0.0,37.544,319.306,1531.823,168.189,30.974,1188.816,1363.634,170.186,166.36,28312.143,0.256,0.9168,2.4139
CSGP,Costar Group Inc,Real Estate,602010,NASDAQ,VA,1998-06-29,2025-12-31,8.441,3247.0,562.0,2477.0,406.0,208.0,-34.0,33.0,7.0,0.0,389.0,430.0,10538.0,2167.0,1144.0,1733.0,8334.0,417.9,67.24,28099.596,-0.0608,0.3222,0.8481
FSLR,First Solar Inc,Information Technology,453010,NASDAQ,AZ,2006-11-17,2025-12-31,7.9,5219.376,2574.834,527.775,233.421,2116.767,1592.564,44.131,1528.229,0.0,869.875,2057.105,13321.31,3783.317,655.335,2855.363,9537.993,107.31,261.23,28032.591,0.4822,0.6243,1.0571
AEE,Ameren Corp,Utilities,551030,NYSE,MO,,2025-12-31,8.913,8799.0,5205.0,,,3594.0,2026.0,828.0,1456.0,768.0,4174.0,3353.0,48476.0,34946.0,19906.0,76.0,13401.0,276.4,99.86,27601.304,0.1532,0.1727,0.2118
ADM,Archer-Daniels-Midland Co,Consumer Staples,302020,NYSE,IL,,2025-12-31,41.496,80269.0,74055.0,3609.0,246.0,2605.0,1444.0,647.0,1078.0,987.0,1248.0,5452.0,52389.0,29362.0,9758.0,9479.0,22733.0,480.0,57.49,27595.2,0.1828,0.2862,0.3167
ATO,Atmos Energy Corp,Utilities,551020,NYSE,TX,1983-12-28,2025-09-30,5.487,4702.755,2408.039,,,2294.716,1559.971,192.782,1198.754,553.761,3561.399,2049.456,28249.522,14690.632,9303.506,203.803,13558.89,161.568,170.75,27587.736,0.2307,0.1718,0.1456
EXR,Extra Space Storage Inc,Real Estate,601080,NYSE,UT,2004-08-12,2025-12-31,8.393,3609.559,1702.198,182.143,0.0,,1725.218,635.132,973.999,1374.298,21.139,1850.193,29264.046,14940.01,14132.292,143.18,13433.166,211.155,130.22,27496.604,-0.0893,0.2584,0.5416
STZ,Constellation Brands,Consumer Staples,302010,NYSE,NY,1973-02-28,2026-02-28,9.4,9139.0,3998.6,1755.9,,3384.5,2964.5,451.3,1686.7,715.7,875.0,2669.0,21900.5,13513.6,11202.6,102.4,8082.4,172.772,157.86,27273.788,-0.3598,0.322,0.4844
EME,Emcor Group Inc,Industrials,201030,NYSE,CT,,2025-12-31,44.0,16986.422,13517.014,1694.418,,1774.99,1588.57,12.02,1272.817,45.106,112.75,1302.063,9291.399,5616.418,474.557,1111.968,3673.944,44.52,611.79,27236.891,0.3505,0.4494,1.3828
ZM,Zoom Communications Inc,Information Technology,451030,NASDAQ,CA,2019-04-18,2026-01-31,7.438,4868.769,962.201,2603.717,844.875,1302.851,1170.02,,1900.148,0.0,64.961,1989.048,11960.416,2152.158,58.475,7827.812,9808.258,295.527,92.1,27218.037,0.0573,0.3224,0.8649
HBAN,Huntington Bancshares,Financials,401010,NASDAQ,OH,,2025-12-31,20.424,12461.0,4782.0,3495.0,,4184.0,4184.0,,2211.0,938.0,267.0,2482.0,225106.0,200727.0,18918.0,14078.0,21611.0,1567.733,17.35,27200.168,0.1077,0.2967,1.1316
MKL,Markel Group Inc,Financials,403010,NYSE,VA,1986-12-12,2025-12-31,22.9,16518.914,13046.544,,,3472.37,3124.452,205.91,2107.01,0.0,206.894,2761.256,68905.05,49802.861,5013.848,8703.119,18597.756,12.59,2149.65,27064.094,0.2453,0.239,0.6184
ESLT,Elbit Systems Ltd,Industrials,201010,NASDAQ,,1996-11-27,2025-12-31,20.537,7938.627,5840.44,1246.329,599.567,851.858,680.424,117.584,534.339,124.237,225.568,778.378,12661.518,8531.545,964.81,815.745,4129.598,46.442,577.71,26830.008,1.2515,0.3512,0.222
DTE,Dte Energy Co,Utilities,551030,NYSE,MI,,2025-12-31,9.65,15814.0,11544.0,,,4270.0,2429.0,1103.0,1462.0,921.0,4429.0,3409.0,54066.0,41758.0,26290.0,250.0,12303.0,207.745,128.98,26794.95,0.1041,0.1727,0.2549
CIEN,Ciena Corp,Information Technology,452010,NYSE,MD,1997-02-07,2025-10-31,9.08,4769.507,2670.19,1667.565,937.429,431.752,311.594,89.403,123.338,0.0,140.801,806.093,5864.667,3135.344,1625.554,1308.1,2729.323,141.016,189.92,26781.759,1.7576,0.609,1.9554
BRO,Brown & Brown Inc,Financials,403010,NYSE,FL,,2025-12-31,22.888,5902.0,4093.0,,,1809.0,1754.0,297.0,1054.0,193.0,68.0,1450.0,29991.0,17418.0,7918.0,1079.0,12547.0,336.0,79.7,26779.2,-0.2137,0.2502,0.3053
WRB,Berkley (W R) Corp,Financials,403010,NYSE,CT,,2025-12-31,8.804,14680.274,12178.415,,,2501.859,2447.859,126.892,1779.403,700.269,169.994,3582.616,44071.071,34359.177,3166.461,3761.041,9700.818,377.156,70.12,26446.179,0.2299,0.2335,0.2352
CHTR,Charter Communications Inc,Communication Services,502010,NASDAQ,CT,1999-11-09,2025-12-31,91.9,54774.0,32795.0,,,21979.0,13268.0,5042.0,4987.0,0.0,11659.0,16077.0,154213.0,133694.0,98563.0,598.0,16054.0,126.632,208.75,26434.43,-0.391,0.3894,0.7339
EXE,Expand Energy Corp,Energy,101020,NASDAQ,TX,1993-02-04,2025-12-31,1.6,12189.0,6364.0,250.0,,5575.0,2595.0,299.0,1819.0,765.0,2931.0,4575.0,28287.0,9709.0,5108.0,696.0,18578.0,239.25,110.36,26403.63,0.1434,0.3118,0.5583
TSCO,Tractor Supply Co,Consumer Discretionary,255040,NASDAQ,TN,1994-02-17,2025-12-31,52.0,15524.046,9869.538,3693.108,0.0,1961.4,1467.389,69.144,1096.087,487.669,894.77,1635.258,10933.679,8352.386,5942.869,194.109,2581.293,527.017,50.01,26356.12,-0.0414,0.2744,0.5292
DOV,Dover Corp,Industrials,201060,NYSE,IL,,2025-12-31,24.0,8092.571,4462.733,1820.157,165.342,1809.681,1430.104,109.772,1093.956,283.007,220.263,1333.575,13422.423,6017.217,3584.452,1676.808,7405.206,134.846,195.24,26327.333,0.0524,0.2758,1.0557
PPL,Ppl Corp,Utilities,551010,NYSE,PA,,2025-12-31,6.546,9057.0,5442.0,,,3615.0,2303.0,834.0,1181.0,809.0,4030.0,2629.0,45244.0,30363.0,19350.0,1086.0,14881.0,751.041,35.02,26301.456,0.1136,0.1802,0.1839
EFX,Equifax Inc,Industrials,202020,NYSE,GA,,2025-12-31,15.0,6074.5,2645.6,1534.3,,1894.6,1175.1,212.3,660.3,233.8,481.4,1615.7,11864.2,7126.0,5093.3,212.7,4604.3,120.4,216.98,26124.392,-0.1417,0.3566,0.9916
FCNCA,First Citizens Bancsh  -Cl A,Financials,401010,NASDAQ,NC,,2025-12-31,18.141,14514.0,5478.0,4087.0,,4949.0,4949.0,,2206.0,104.0,1562.0,2923.0,229698.0,207460.0,36337.0,20834.0,20863.0,12.139,2146.18,26052.479,0.0199,0.3281,1.1596
FE,Firstenergy Corp,Utilities,551010,NYSE,OH,,2025-12-31,11.186,15090.0,11028.0,,,4062.0,2507.0,1217.0,1020.0,1028.0,4705.0,3700.0,55904.0,41978.0,26843.0,99.0,12510.0,577.851,44.77,25870.389,0.1722,0.2043,0.1083
BIIB,Biogen Inc,Health Care,352010,NASDAQ,MA,1991-09-16,2025-12-31,7.5,9890.6,1816.0,4539.5,2250.4,3535.1,2755.2,270.9,1292.9,0.0,153.8,2204.6,29439.5,11182.7,6657.6,3815.7,18256.8,146.8,175.99,25835.332,0.1509,0.3239,0.5733
DXCM,Dexcom Inc,Health Care,351010,NASDAQ,CA,2005-04-14,2025-12-31,11.1,4662.0,1609.8,1863.2,599.1,1189.0,937.2,18.3,836.3,0.0,363.5,1440.7,6339.9,3593.9,1396.4,2018.7,2746.0,384.8,66.37,25539.176,-0.1466,0.4487,1.0096
HPQ,Hp Inc,Information Technology,452020,NYSE,CA,,2025-10-31,55.0,55295.0,43380.0,7283.0,1602.0,4632.0,3856.0,555.0,2529.0,1088.0,897.0,3697.0,41769.0,42115.0,10882.0,3720.0,-346.0,921.149,27.67,25488.193,-0.2868,0.3775,1.1934
AWK,American Water Works Co Inc,Utilities,551040,NYSE,NJ,2008-04-23,2025-12-31,7.0,5140.0,2367.0,,,2773.0,1879.0,641.0,1111.0,648.0,3126.0,2059.0,33812.0,22975.0,15921.0,119.0,10837.0,195.177,130.5,25470.598,0.0743,0.2439,-0.2491
NTRS,Northern Trust Corp,Financials,402030,NASDAQ,IL,,2025-12-31,23.8,14300.0,6206.1,3250.7,,4843.2,4064.1,,1736.9,600.5,74.0,5533.5,177132.7,164174.8,17051.9,63781.5,12073.0,186.338,136.59,25451.907,0.3688,0.2903,1.0979
AVB,Avalonbay Communities Inc,Real Estate,601060,NYSE,VA,1994-03-10,2025-12-31,3.041,3107.892,2034.29,97.525,0.0,,976.077,309.296,1051.301,993.683,3.173,1671.105,22192.137,10357.82,9493.752,353.083,11611.34,140.081,181.31,25398.086,-0.1461,0.2212,0.5875
CINF,Cincinnati Financial Corp,Financials,403010,NASDAQ,OH,,2025-12-31,5.705,12631.0,9562.0,,,3069.0,3033.0,53.0,2393.0,543.0,20.0,3112.0,41002.0,25091.0,886.0,2523.0,15911.0,155.4,163.32,25379.928,0.1626,0.2413,0.6312
OMC,Omnicom Group Inc,Communication Services,502010,NYSE,NY,,2025-12-31,120.0,17271.9,14010.7,398.4,,2862.8,2586.1,263.4,-54.5,663.6,149.8,2938.2,54415.3,41359.1,11163.9,6881.1,12045.8,313.1,80.75,25282.825,-0.0262,0.3046,0.6758
ES,Eversource Energy,Utilities,551010,NYSE,MA,,2025-12-31,10.731,13547.244,8990.077,,,4557.167,2988.589,1307.366,1692.372,1116.53,4158.669,4113.572,63786.711,47433.872,30243.998,135.351,16197.271,375.417,67.33,25276.827,0.2284,0.2706,0.3916
CFG,Citizens Financial Group Inc,Financials,401010,NYSE,RI,2014-09-24,2025-12-31,17.398,12057.0,4418.0,3233.0,,4406.0,4406.0,,1831.0,755.0,174.0,2211.0,226351.0,200034.0,12324.0,13688.0,24206.0,429.242,58.41,25072.025,0.3864,0.3189,1.2238
CNP,Centerpoint Energy Inc,Utilities,551030,NYSE,TX,,2025-12-31,8.794,9357.0,5717.0,,,3640.0,2168.0,1001.0,1052.0,581.0,4870.0,2486.0,46534.0,35381.0,23042.0,559.0,11153.0,652.87,38.34,25031.036,0.2373,0.1653,0.154
FOXA,Fox Corp,Communication Services,502010,NASDAQ,NY,,2025-06-30,10.4,16300.0,10518.0,2168.0,,3614.0,3229.0,403.0,2263.0,246.0,331.0,3324.0,23195.0,10840.0,7465.0,5351.0,11962.0,446.336,56.04,25012.669,0.5184,0.2921,0.7999
UI,Ubiquiti Inc,Information Technology,452010,NYSE,NY,2011-10-14,2025-06-30,1.667,2573.545,1434.193,281.171,169.672,858.181,836.28,,711.922,145.153,12.586,640.027,1466.451,798.191,297.416,149.727,668.26,60.492,411.65,24901.532,0.6774,0.6193,1.5297
VLTO,Veralto Corp,Industrials,202010,NYSE,MA,,2025-12-31,17.0,5503.0,2126.0,2022.0,266.0,1355.0,1277.0,96.0,940.0,113.0,63.0,1077.0,7693.0,4587.0,2879.0,2031.0,3105.0,248.4,99.78,24785.352,-0.0159,0.2149,0.6337
FWONK,Liberty Media Formula One,Communication Services,502020,NASDAQ,CO,2016-04-18,2025-12-31,1.674,4482.0,2921.0,514.0,,1047.0,654.0,249.0,555.0,0.0,119.0,870.0,15398.0,6948.0,5100.0,1055.0,7757.0,250.474,98.51,24674.194,0.0631,0.2511,0.5629
STLD,Steel Dynamics Inc,Materials,151040,NASDAQ,IN,1996-11-21,2025-12-31,14.4,18176.581,15269.398,888.294,,2018.889,1475.986,170.643,1185.595,294.132,948.025,1449.534,16419.78,7489.369,4382.817,882.078,8957.182,144.94,169.45,24560.083,0.5071,0.3656,1.2015
IRM,Iron Mountain Inc,Real Estate,601080,NYSE,NH,1996-01-31,2025-12-31,29.4,6901.737,3079.48,1393.902,,2428.355,1403.92,924.829,144.591,966.302,2271.628,1339.999,21125.019,21769.927,19051.536,170.185,-981.007,295.789,82.95,24535.698,-0.183,0.3319,1.0046
RIVN,Rivian Automotive Inc,Consumer Discretionary,251020,NASDAQ,CA,2021-11-10,2025-12-31,15.232,5387.0,4750.0,3436.0,1668.0,-2799.0,-3585.0,274.0,-3646.0,0.0,1710.0,-779.0,14864.0,10270.0,5195.0,6082.0,4566.0,1240.0,19.71,24440.4,0.482,0.647,1.2054
BE,Bloom Energy Corp,Industrials,201040,NYSE,CA,2018-07-25,2025-12-31,2.214,2023.994,1385.778,512.474,185.993,125.742,75.176,53.888,-88.434,1.024,56.759,113.949,4396.711,3603.748,2995.8,2456.081,768.641,280.045,86.89,24333.11,2.9122,0.9651,1.9305
WSM,Williams-Sonoma Inc,Consumer Discretionary,255040,NYSE,CA,,2026-01-31,19.8,7806.816,3972.316,2187.329,0.0,1647.171,1415.722,,1088.437,326.795,259.438,1314.889,5411.912,3329.353,1456.905,1019.801,2082.559,118.77,204.65,24306.28,-0.0211,0.4134,1.3833
PTC,Ptc Inc,Information Technology,451030,NASDAQ,MA,1989-12-07,2025-09-30,7.642,2739.226,388.427,1241.151,457.693,1109.648,1007.144,77.019,733.997,0.0,11.008,867.696,6617.172,2790.943,1369.867,185.015,3826.229,119.536,203.02,24268.199,-0.0525,0.3373,0.9552
AER,Aercap Holdings Nv,Industrials,201070,NYSE,,2006-11-21,2025-12-31,0.668,7419.051,647.571,545.933,,6225.547,3578.379,2127.898,3750.612,192.164,6074.298,5393.124,71671.79,53348.299,43614.282,1479.744,18323.28,166.877,143.76,23990.238,0.5165,0.2526,0.7949
FLEX,Flex Ltd,Information Technology,452030,NASDAQ,TX,1994-03-18,2026-03-31,149.686,27914.0,24831.0,1037.0,,2046.0,1521.0,215.0,880.0,0.0,633.0,1685.0,22060.0,16916.0,4465.0,2389.0,5144.0,365.69,65.46,23938.067,0.5739,0.4605,1.7094
HUBB,Hubbell Inc,Industrials,201040,NYSE,CT,,2025-12-31,18.0,5844.6,3566.4,845.3,,1432.9,1232.7,64.1,887.1,287.0,155.1,1029.8,8228.8,4370.9,2487.3,497.9,3847.9,53.254,444.11,23650.634,0.0744,0.3181,1.1462
QSR,Restaurant Brands Intl Inc,Consumer Discretionary,253010,NYSE,FL,2006-05-18,2025-12-31,53.5,9434.0,5962.0,690.0,0.0,2782.0,2503.0,547.0,776.0,825.0,265.0,1567.0,25615.0,20456.0,15679.0,1163.0,3634.0,346.323,68.23,23629.618,0.0865,0.2344,0.3852
HAL,Halliburton Co,Energy,101010,NYSE,TX,,2025-12-31,46.0,22184.0,17564.0,239.0,411.0,4381.0,3245.0,440.0,1283.0,579.0,1254.0,2926.0,25010.0,14505.0,8316.0,2206.0,10461.0,835.0,28.26,23597.1,0.0705,0.4302,1.2205
TDY,Teledyne Technologies Inc,Information Technology,452030,NYSE,CA,1999-11-23,2025-12-31,15.8,6115.4,3374.8,1244.8,317.3,1495.8,1160.0,59.6,894.8,0.0,117.3,1191.3,15285.3,4771.4,2642.1,352.4,10513.9,46.186,510.73,23588.576,0.1004,0.2328,0.7725
RF,Regions Financial Corp,Financials,401010,NYSE,AL,,2025-12-31,19.969,9608.0,2552.0,3325.0,,3731.0,3731.0,,2156.0,916.0,,2181.0,158814.0,139711.0,5423.0,10907.0,17674.0,867.013,27.1,23496.052,0.2025,0.2885,1.061
DLTR,Dollar Tree Inc,Consumer Staples,301010,NASDAQ,VA,1995-03-06,2026-01-31,151.606,19411.8,11700.8,5457.6,0.0,2253.4,1609.2,89.7,1282.5,0.0,1134.0,2534.0,13466.2,9711.3,7055.6,717.8,3754.9,198.505,117.59,23342.203,0.6414,0.4308,0.6193
DRI,Darden Restaurants Inc,Consumer Discretionary,253010,NYSE,FL,1995-05-05,2026-05-31,209.931,13210.9,10348.4,742.8,0.0,2119.7,1558.6,204.7,1206.7,697.7,734.0,1848.3,12862.4,10654.9,8010.6,227.6,2207.5,114.078,203.91,23261.645,0.016,0.25,0.556
EIX,Edison International,Utilities,551010,NYSE,CA,,2025-12-31,13.725,19317.0,11624.0,,,7693.0,4456.0,1625.0,4701.0,1293.0,6515.0,5800.0,94026.0,74767.0,41549.0,710.0,17082.0,384.787,60.02,23094.916,-0.2038,0.35,0.604
STM,Stmicroelectronics Nv,Information Technology,453010,NYSE,,1994-12-08,2025-12-31,49.157,11800.0,5947.0,3469.0,2044.0,2384.0,530.0,55.0,166.0,322.0,2111.0,2152.0,24800.0,6575.0,2354.0,4922.0,17828.0,888.768,25.94,23054.642,0.0528,0.543,1.7965
P,Everpure Inc,Information Technology,452020,NYSE,CA,2015-10-07,2026-01-31,6.4,3662.843,933.95,2458.488,963.291,270.405,120.305,3.375,188.181,0.0,264.344,880.085,4674.259,3228.591,219.036,1549.738,1445.668,330.353,69.54,22972.748,0.0908,0.6571,1.8182
PPG,Ppg Industries Inc,Materials,151010,NYSE,PA,,2025-12-31,43.5,15887.0,9316.0,3861.0,423.0,2710.0,2182.0,241.0,1576.0,628.0,778.0,1941.0,22098.0,14001.0,7896.0,2229.0,7941.0,223.427,102.46,22892.33,-0.1198,0.2959,0.9671
TW,Tradeweb Markets Inc,Financials,402030,NASDAQ,NY,2019-04-04,2025-12-31,1.569,2052.429,960.011,,,1092.418,842.229,1.941,812.792,102.344,40.552,1167.646,8189.557,1000.32,139.168,2144.021,6507.755,212.436,107.54,22845.367,-0.1755,0.2797,0.4079
LDOS,Leidos Holdings Inc,Industrials,202020,NYSE,VA,2006-10-13,2025-12-31,47.0,17174.0,13784.0,999.0,187.0,2391.0,2101.0,203.0,1448.0,211.0,125.0,1750.0,13493.0,8531.0,5342.0,1204.0,4916.0,126.381,180.4,22799.132,0.265,0.2633,0.4556
DVN,Devon Energy Corp,Energy,101020,NYSE,TX,,2025-12-31,2.2,17188.0,9202.0,524.0,,7462.0,3805.0,497.0,2642.0,608.0,3914.0,6711.0,31599.0,16071.0,8688.0,1434.0,15528.0,622.0,36.63,22783.86,0.1503,0.4179,1.2502
BAP,Credicorp Ltd,Financials,401010,NYSE,,1995-10-25,2025-12-31,49.581,8487.942,2264.998,1615.672,,4607.272,4382.837,,2058.54,945.674,84.629,2558.158,79472.433,67851.273,9974.629,15225.431,11404.421,79.367,287.0,22778.329,0.6533,0.2357,0.5851
KEY,Keycorp,Financials,401010,NYSE,OH,,2025-12-31,17.883,11228.0,4221.0,3308.0,,3699.0,3699.0,,1829.0,911.0,107.0,2208.0,184381.0,164000.0,11485.0,11450.0,17881.0,1102.401,20.64,22753.557,0.2626,0.3093,1.1581
WAT,Waters Corp,Health Care,352030,NYSE,MA,1995-11-16,2025-12-31,7.9,3165.286,1130.376,912.044,195.711,1122.866,916.629,53.97,642.629,0.0,112.745,652.555,5076.55,2515.308,1491.084,587.831,2561.242,59.549,379.83,22618.497,0.0238,0.3627,0.9544
PHM,Pultegroup Inc,Consumer Discretionary,252010,NYSE,GA,,2025-12-31,6.506,17311.953,12695.377,1573.928,,3042.648,2930.141,105.084,2218.73,182.979,122.716,1871.249,18048.423,5062.981,2296.679,2008.776,12985.442,192.725,117.26,22598.934,0.0855,0.35,0.718
AFRM,Affirm Holdings Inc,Financials,402010,NASDAQ,CA,2021-01-13,2025-06-30,2.206,3224.412,3086.793,,,137.619,-87.457,,52.186,0.0,192.189,793.909,11154.929,8085.92,7641.606,2408.914,3069.009,325.113,69.14,22478.313,0.2222,0.7506,2.4195
TROW,Price (T. Rowe) Group,Financials,402030,NASDAQ,MD,,2025-12-31,7.773,7314.8,4576.0,,,2738.8,2369.4,0.0,2087.1,1143.4,274.2,1753.4,14341.8,2288.6,469.0,3417.3,10860.1,218.565,102.38,22376.685,-0.0467,0.2891,1.1561
VRSN,Verisign Inc,Information Technology,451020,NASDAQ,VA,1998-01-29,2025-12-31,0.928,1656.6,165.1,339.3,103.6,1152.2,1121.0,77.0,825.7,215.2,22.8,1091.1,1325.9,3480.1,1798.0,580.5,-2154.2,91.9,242.95,22327.105,0.1841,0.2473,0.4098
CYBR,Cyberark Software Ltd,Information Technology,451030,NASDAQ,,2014-09-24,2025-12-31,,1361.118,222.218,1114.558,343.857,24.342,-103.921,,-146.911,,16.783,286.654,4816.975,2413.415,1222.404,1542.292,2403.56,49.786,446.06,22207.543,0.3389,0.371,1.0742
WDC,Western Digital Corp,Information Technology,452020,NASDAQ,CA,,2025-06-30,40.0,9520.0,5494.0,1562.0,994.0,2464.0,2130.0,357.0,1889.0,37.0,412.0,1691.0,14002.0,8462.0,4852.0,2114.0,5311.0,347.0,63.99,22204.53,2.858,0.5473,1.7252
JBL,Jabil Inc,Information Technology,452030,NYSE,FL,1993-04-29,2025-08-31,135.0,29802.0,26544.0,1148.0,26.0,2110.0,1436.0,147.0,657.0,35.0,468.0,1640.0,18543.0,17026.0,3731.0,1960.0,1513.0,107.481,204.83,22015.333,0.5873,0.4027,1.4557
PAAS,Pan American Silver Corp,Materials,151040,NYSE,BC,1995-06-12,2025-12-31,9.348,3619.0,1717.0,162.0,,1740.0,1217.0,58.0,978.0,175.0,314.0,1333.0,9742.0,2741.0,852.0,1319.0,6997.0,421.847,51.81,21855.893,1.6031,0.5046,0.694
NTAP,Netapp Inc,Information Technology,452020,NASDAQ,CA,1995-11-21,2026-04-30,11.7,6925.0,1836.0,3194.0,991.0,1895.0,1695.0,109.0,1276.0,413.0,198.0,2067.0,10744.0,9393.0,2733.0,3593.0,1351.0,196.0,110.77,21710.92,-0.0584,0.3594,1.2279
L,Loews Corp,Financials,403010,NYSE,NY,,2025-12-31,13.1,18176.0,15198.0,,,2978.0,2368.0,448.0,1667.0,52.0,579.0,3279.0,86348.0,66707.0,9864.0,8694.0,18686.0,206.004,105.31,21694.281,0.2468,0.1941,0.5219
TWLO,Twilio Inc,Information Technology,451020,NYSE,CA,2016-06-23,2025-12-31,5.587,5067.22,2440.693,2258.446,1020.159,368.081,174.681,,33.834,0.0,57.817,1003.244,9770.89,1949.344,1081.572,2470.541,7821.546,152.411,142.24,21678.941,0.3161,0.5801,1.5139
STE,Steris Plc,Health Care,351010,NYSE,OH,1992-06-01,2026-03-31,17.937,5935.9,3083.8,1253.7,112.9,1598.4,1111.9,72.8,782.3,241.8,368.9,1341.4,10737.2,3539.9,2087.1,439.6,7183.7,97.8,221.13,21626.514,0.2457,0.231,0.506
ON,On Semiconductor Corp,Information Technology,453010,NASDAQ,AZ,2000-04-28,2025-12-31,22.67,5995.4,3141.5,1185.4,583.6,1668.5,1070.1,70.9,121.0,0.0,341.2,1759.8,12524.1,4832.2,3253.2,2549.0,7673.3,396.741,54.15,21483.525,-0.1412,0.5911,1.9545
CMS,Cms Energy Corp,Utilities,551030,NYSE,MI,,2025-12-31,8.35,8539.0,5506.0,,,3033.0,1727.0,800.0,1071.0,653.0,3824.0,2235.0,39941.0,30230.0,18920.0,615.0,8920.0,306.409,69.93,21427.181,0.0812,0.1724,0.0962
LUV,Southwest Airlines,Industrials,203020,NYSE,TX,,2025-12-31,72.79,28063.0,21555.0,4458.0,,2050.0,490.0,167.0,441.0,385.0,2673.0,1842.0,29061.0,21080.0,5981.0,3231.0,7981.0,515.581,41.33,21308.963,0.2562,0.4263,1.3116
AMCR,Amcor Plc,Materials,151030,NYSE,,,2025-06-30,77.0,15009.0,11572.0,1325.0,120.0,2112.0,1396.0,412.0,511.0,842.0,580.0,1390.0,37066.0,25326.0,15248.0,827.0,11728.0,2305.0,9.19,21182.95,-0.0618,0.2476,0.4974
NBIS,Nebius Group N V,Information Technology,451030,NASDAQ,,2011-05-24,2025-12-31,1.543,529.8,166.2,557.4,177.3,-193.8,-611.7,89.5,82.5,0.0,4066.0,384.8,12430.6,7836.6,4973.1,3684.9,4594.0,253.017,83.705,21178.788,2.0219,1.1122,2.472
SSNC,Ss&C Technologies Hldgs Inc,Industrials,202020,NASDAQ,CT,1996-05-31,2025-12-31,28.8,6272.2,2546.8,1584.9,507.5,2140.5,1436.7,434.7,796.9,253.8,80.8,1744.8,20711.7,13769.9,7694.0,466.6,6887.6,241.4,87.42,21103.188,0.1677,0.2387,0.8104
HUBS,Hubspot Inc,Information Technology,451030,NYSE,MA,2014-10-09,2025-12-31,8.882,3131.266,374.446,2578.901,905.943,177.919,41.624,0.876,45.911,0.0,53.165,760.717,3854.151,1787.907,262.305,1703.794,2066.244,52.555,401.3,21090.322,-0.4241,0.4684,1.3755
TOST,Toast Inc,Financials,402010,NYSE,MA,2021-09-22,2025-12-31,6.5,6153.0,4501.0,1281.0,374.0,371.0,304.0,0.0,342.0,0.0,53.0,661.0,3145.0,1021.0,20.0,1991.0,2124.0,589.0,35.51,20915.39,-0.0258,0.4587,1.4949
AS,Amer Sports Inc,Consumer Discretionary,252030,NYSE,,2024-02-01,2025-12-31,15.4,6566.2,2729.5,2737.5,,1099.2,715.0,97.3,427.4,0.0,225.5,729.8,10064.4,4243.5,1753.1,652.3,5802.0,557.667,37.35,20828.862,0.3358,0.5164,1.6081
IP,Intl Paper Co,Materials,151030,NYSE,TN,,2025-12-31,62.602,23634.0,18766.0,1892.0,,2976.0,1187.0,579.0,-3516.0,992.0,1857.0,1698.0,37964.0,23137.0,12665.0,1145.0,14827.0,528.052,39.39,20799.968,-0.2381,0.3875,1.0534
ASTS,Ast Spacemobile Inc,Communication Services,501010,NASDAQ,TX,,2025-12-31,1.126,70.918,35.216,272.304,28.115,-236.602,-287.713,36.071,-341.94,0.0,1064.741,-71.517,5014.387,2622.062,2239.51,2336.56,1841.463,285.45,72.63,20732.234,2.4422,0.988,2.2229
RL,Ralph Lauren Corp,Consumer Discretionary,252030,NYSE,NY,1997-06-11,2026-03-31,23.6,8114.5,2445.3,4138.9,,1530.3,1297.3,54.2,941.1,220.6,408.1,1154.2,7739.5,4898.1,3009.4,2066.4,2841.4,60.1,343.99,20673.799,0.5503,0.3994,1.4306
LH,Labcorp Holdings Inc,Health Care,351020,NYSE,NC,,2025-12-31,71.0,13951.7,9538.1,2216.3,,2197.3,1516.2,224.1,876.5,241.1,434.5,1640.5,18392.7,9756.0,6526.0,532.3,8619.8,82.2,250.88,20622.336,0.1062,0.2405,0.605
CPAY,Corpay Inc,Financials,402010,NYSE,GA,2010-12-15,2025-12-31,11.8,4528.403,2073.411,,,2454.992,2061.928,403.848,1069.826,0.0,200.756,1499.901,26408.135,22179.458,10116.212,8991.94,3883.864,68.362,300.93,20572.177,-0.1108,0.3695,1.3869
SBAC,Sba Communications Corp,Real Estate,601080,NASDAQ,FL,1999-06-16,2025-12-31,1.844,2815.139,690.972,277.611,,1846.556,1554.271,499.333,1053.632,479.568,224.819,1291.328,11575.012,16350.269,15319.13,439.02,-4853.519,105.666,193.43,20438.974,-0.031,0.2473,0.0699
NVR,Nvr Inc,Consumer Discretionary,252010,NYSE,VA,,2025-12-31,6.3,10443.294,7928.891,699.126,,1815.277,1790.767,28.835,1339.816,0.0,24.508,1121.32,5856.93,1992.061,1095.367,1956.881,3864.869,2.799,7292.77,20412.463,-0.1083,0.2721,0.4817
GRAB,Grab Holdings Limited,Industrials,203040,NASDAQ,,2020-10-01,2025-12-31,12.012,3370.0,1737.0,1237.0,428.0,396.0,219.0,71.0,268.0,0.0,97.0,79.0,11983.0,5226.0,2053.0,6804.0,6728.0,4089.485,4.99,20406.53,0.0572,0.513,1.4166
LULU,Lululemon Athletica Inc,Consumer Discretionary,252030,NASDAQ,BC,2007-07-27,2026-01-31,39.0,11102.6,4328.768,4066.556,,2707.276,2210.615,,1579.183,0.0,680.802,1602.477,8456.743,3494.903,1798.441,1807.202,4961.84,116.496,174.5,20328.552,-0.4566,0.4961,1.1213
CW,Curtiss-Wright Corp,Industrials,201010,NYSE,NC,,2025-12-31,9.1,3498.372,2072.021,663.509,95.161,762.842,638.025,43.148,484.228,34.727,89.692,643.402,5221.292,2687.718,1168.082,371.345,2533.574,36.859,551.27,20319.261,0.5566,0.3324,1.0522
CNC,Centene Corp,Health Care,351020,NYSE,MO,2001-12-13,2025-12-31,61.1,194777.0,180910.0,12876.0,,991.0,-284.0,678.0,-6674.0,0.0,767.0,5088.0,76747.0,56691.0,18162.0,20320.0,19953.0,491.757,41.15,20235.801,-0.3207,0.5856,0.1559
NTNX,Nutanix Inc,Information Technology,451030,NASDAQ,CA,2016-09-30,2025-07-31,7.8,2537.927,262.434,2030.251,736.823,245.242,172.541,8.378,188.366,0.0,71.283,821.456,3283.194,3977.714,1488.841,1992.736,-694.52,269.045,75.17,20224.113,-0.1551,0.4532,1.186
SW,Smurfit Westrock Plc,Materials,151030,NYSE,,2007-03-20,2025-12-31,97.0,31179.0,22586.0,3819.0,,4774.0,2224.0,840.0,699.0,900.0,2192.0,3392.0,45157.0,26803.0,14868.0,892.0,18327.0,522.31,38.67,20197.728,-0.2529,0.3933,1.2234
FTAI,Ftai Aviation Ltd,Industrials,201010,NASDAQ,NY,2015-05-15,2025-12-31,0.985,2507.409,1349.719,162.019,,995.671,769.874,247.751,501.064,128.205,686.511,-310.745,4373.758,4039.584,3448.891,300.626,334.106,102.573,196.85,20191.495,0.3799,0.8255,1.7124
ILMN,Illumina Inc,Health Care,352030,NASDAQ,CA,2000-07-28,2025-12-31,10.08,4343.0,1175.0,1983.0,967.0,1185.0,915.0,101.0,850.0,0.0,148.0,1079.0,6644.0,3921.0,2553.0,1633.0,2723.0,153.0,131.16,20067.48,-0.0185,0.4933,1.111
PODD,Insulet Corp,Health Care,351010,NASDAQ,MA,2007-05-15,2025-12-31,5.4,2708.1,677.8,1477.8,301.1,552.5,462.1,63.6,247.1,0.0,191.6,569.3,3190.4,1675.2,1001.9,716.1,1515.2,70.391,284.24,20007.938,0.0887,0.3894,0.8145
CTRA,Coterra Energy Inc,Energy,101020,NYSE,TX,1990-02-07,2025-12-31,1.075,7645.0,2478.0,335.0,,4832.0,2462.0,205.0,1717.0,680.0,2387.0,4021.0,24241.0,9395.0,4006.0,119.0,14838.0,760.0,26.32,20003.2,0.0669,0.3073,0.6806
NI,Nisource Inc,Utilities,551030,NYSE,IN,,2025-12-31,7.738,6642.2,3639.3,,,3002.9,1835.3,676.8,929.5,533.0,2782.3,2362.3,35858.7,24198.8,16240.4,135.7,9450.1,478.432,41.76,19979.32,0.168,0.2047,0.3922
ROIV,Roivant Sciences Ltd,Health Care,352010,NASDAQ,,,2026-03-31,0.721,8.26,1.285,1251.603,681.812,-1244.628,-1247.976,0.0,-299.771,0.0,8.209,-750.349,5708.687,416.275,107.438,4295.691,4527.37,720.352,27.7,19953.75,0.8343,0.3299,0.743
EXPD,Expeditors Intl Wash Inc,Industrials,203010,NYSE,WA,1984-09-26,2025-12-31,19.8,11069.009,9581.904,377.79,,1109.315,1052.546,,810.332,207.437,53.101,1006.501,4893.638,2535.545,570.589,1314.285,2355.633,133.884,149.01,19950.055,0.3617,0.2916,0.7333
CHD,Church & Dwight Inc,Consumer Staples,303010,NYSE,NJ,,2025-12-31,5.55,6203.2,3190.7,1638.8,145.6,1373.7,1162.9,95.2,736.8,287.2,122.4,1215.4,8912.4,4910.2,2382.0,409.0,4002.2,236.554,83.85,19835.053,-0.1891,0.2238,0.0342
WST,West Pharmaceutical Svsc Inc,Health Care,352030,NYSE,PA,,2025-12-31,10.8,3074.1,1798.7,460.8,74.3,814.6,643.2,15.1,493.7,61.9,285.9,754.8,4270.0,1094.0,326.2,791.3,3176.0,72.0,275.14,19810.08,-0.1573,0.5611,0.5529
TPL,Texas Pacific Land Corp,Energy,101020,NYSE,TX,,2025-12-31,0.114,798.19,143.496,,0.0,654.694,592.161,0.69,481.376,147.798,59.531,545.91,1623.278,164.371,17.788,145.404,1458.907,68.938,287.22,19800.372,-0.2161,0.4826,1.3079
INCY,Incyte Corp,Health Care,352010,NASDAQ,DE,1993-11-04,2025-12-31,2.844,5141.242,278.844,3424.061,2050.152,1438.337,1345.051,2.428,1286.65,0.0,58.867,1413.498,6957.973,1790.495,54.92,3580.604,5167.478,198.46,98.77,19601.894,0.43,0.341,0.5459
CHKP,Check Point Software Techn,Information Technology,451030,NASDAQ,,1996-06-28,2025-12-31,6.825,2725.4,304.5,1487.8,456.7,933.1,840.2,0.0,1056.9,0.0,26.6,1199.4,7806.4,4924.3,2006.7,3014.9,2882.1,105.596,185.56,19594.394,-0.0061,0.2992,0.5684
TYL,Tyler Technologies Inc,Information Technology,451030,NYSE,TX,,2025-12-31,7.8,2332.34,1169.296,667.029,204.588,496.015,358.39,4.995,315.603,0.0,16.015,653.543,5638.908,1936.119,642.608,1097.2,3702.789,43.121,453.95,19574.778,-0.2128,0.2732,0.6163
GFS,Globalfoundries Inc,Information Technology,453010,NASDAQ,NY,2021-10-28,2025-12-31,14.0,6791.0,3913.0,728.0,518.0,2150.0,836.0,93.0,885.0,0.0,722.0,1731.0,17141.0,5158.0,1707.0,3050.0,11928.0,555.888,34.92,19411.609,-0.1862,0.4638,1.5932
EXAS,Exact Sciences Corp,Health Care,352010,NASDAQ,WI,2001-01-31,2025-12-31,7.2,3246.99,772.225,2334.4,522.996,140.365,-81.214,39.361,-207.949,0.0,134.656,491.438,5860.629,3459.577,2534.799,964.711,2401.052,190.802,101.56,19377.851,0.8074,0.4846,0.7493
PFG,Principal Financial Grp Inc,Financials,403010,NASDAQ,IA,2001-10-23,2025-12-31,19.7,15188.4,13802.4,,,1386.0,1221.6,177.3,1185.1,684.0,98.0,4536.7,341376.5,328985.2,4120.6,7202.1,11883.9,217.381,88.21,19175.178,0.1832,0.2806,1.0938
TSN,Tyson Foods Inc  -Cl A,Consumer Staples,302020,NYSE,AR,,2025-09-30,133.0,55205.0,49768.0,1880.0,126.0,3557.0,2287.0,449.0,474.0,700.0,978.0,2155.0,36658.0,18431.0,9695.0,1229.0,18085.0,353.0,54.3,19167.9,0.0563,0.2341,0.2779
RBA,Rb Global Inc,Industrials,202010,NYSE,IL,1998-03-09,2025-12-31,8.7,4590.7,2459.7,812.8,,1318.2,834.8,191.6,428.4,222.7,259.0,978.2,12143.0,6075.3,4188.5,694.8,5571.4,185.9,102.87,19123.533,0.1537,0.2391,0.6354
GWRE,Guidewire Software Inc,Information Technology,451030,NYSE,CA,2012-01-25,2025-07-31,3.772,1202.459,429.837,707.619,296.16,65.003,41.245,13.211,69.804,0.0,20.455,300.867,2721.099,1263.869,715.693,1150.635,1457.23,84.53,226.22,19122.377,0.1924,0.4062,0.8316
U,Unity Software Inc,Information Technology,451030,NYSE,CA,2020-09-18,2025-12-31,4.412,1849.648,360.612,1447.364,929.516,41.672,-419.272,24.007,-402.765,0.0,19.024,422.955,6837.606,3341.469,2324.732,2055.84,3237.432,432.86,44.17,19119.426,0.9657,0.7512,1.945
DGX,Quest Diagnostics Inc,Health Care,351020,NYSE,NJ,1996-12-17,2025-12-31,57.0,11035.0,6942.0,1927.0,,2166.0,1596.0,277.0,992.0,358.0,527.0,1886.0,16225.0,8939.0,6382.0,420.0,7170.0,110.0,173.53,19088.3,0.1721,0.2278,0.2393
CHRW,C H Robinson Worldwide Inc,Industrials,203010,NASDAQ,MN,1997-10-15,2025-12-31,11.855,16232.763,13400.535,1895.677,,936.551,833.733,63.1,587.081,302.3,19.628,925.295,5058.381,3212.734,1395.386,160.871,1845.647,118.429,160.76,19038.646,0.5896,0.3733,0.6662
RGLD,Royal Gold Inc,Materials,151040,NASDAQ,CO,,2025-12-31,0.039,1030.471,139.531,49.183,,841.757,664.675,23.4,466.281,129.101,1164.753,704.846,9537.524,2332.177,932.646,233.719,7157.13,84.5,222.29,18783.505,0.7045,0.3199,0.3054
SGI,Somnigroup International Inc,Consumer Discretionary,252010,NYSE,TX,2003-12-18,2025-12-31,19.0,7476.5,3924.4,2310.8,32.9,1241.3,999.1,261.1,384.1,126.7,166.9,800.1,11600.7,8483.8,6675.1,134.9,3108.0,209.9,89.28,18739.872,0.5884,0.3301,0.9668
FFIV,F5 Inc,Information Technology,452010,NASDAQ,WA,1999-06-04,2025-09-30,6.578,3088.072,490.696,1697.584,539.815,899.792,813.992,,692.38,0.0,43.26,949.666,6319.492,2727.493,261.791,1344.273,3591.999,57.684,323.19,18642.892,0.0151,0.3246,0.9943
BURL,Burlington Stores Inc,Consumer Discretionary,255040,NYSE,NJ,2013-10-02,2026-01-31,83.309,11566.91,6486.922,3815.12,0.0,1264.868,858.654,71.041,610.153,0.0,1059.793,1231.382,9919.057,8111.798,6005.137,1232.525,1807.259,62.718,295.86,18555.747,0.0133,0.4293,1.1024
TRMB,Trimble Inc,Information Technology,451030,NASDAQ,CO,1990-07-20,2025-12-31,11.5,3587.3,1009.5,1713.3,630.7,864.5,664.6,74.4,424.0,0.0,25.3,386.2,9312.0,3475.8,1561.1,253.4,5836.2,236.0,78.35,18490.6,0.1088,0.3054,1.315
PKG,Packaging Corp Of America,Materials,151030,NYSE,IL,2000-01-27,2025-12-31,16.8,8989.3,6377.0,634.3,,1978.0,1325.2,88.9,774.1,451.9,828.9,1557.5,10725.5,6127.5,4364.9,600.8,4598.0,89.214,206.23,18398.603,-0.0608,0.28,0.7939
JBHT,Hunt (Jb) Transprt Svcs Inc,Industrials,203040,NASDAQ,AR,,2025-12-31,31.75,11999.096,10093.946,311.557,,1593.593,878.808,75.206,598.282,171.048,730.687,1678.272,7927.155,4362.07,1720.497,17.284,3565.085,94.595,194.34,18383.592,0.152,0.4125,0.9727
GPN,Global Payments Inc,Financials,402010,NYSE,GA,2001-01-26,2025-12-31,26.0,7705.878,884.008,3273.431,,3548.439,2319.066,633.5,1400.107,238.521,617.769,2656.592,53338.484,29559.003,22171.173,8712.725,22888.767,236.693,77.4,18320.038,-0.301,0.4065,1.2505
TPR,Tapestry Inc,Consumer Discretionary,252030,NYSE,NY,2000-10-05,2025-06-30,19.0,7010.7,1558.9,3889.4,,1562.4,1399.5,211.9,183.2,299.3,122.7,1216.6,6580.5,5722.7,3899.2,1119.6,857.8,208.1,87.81,18273.261,0.9877,0.4341,1.3176
MKC,Mccormick & Co Inc,Consumer Staples,302020,NYSE,MD,1972-04-03,2025-11-30,14.1,6840.3,4023.3,1500.3,106.1,1316.7,1094.0,196.2,789.4,491.2,221.8,962.2,13200.4,7432.3,4222.9,95.9,5736.5,268.4,67.48,18111.632,-0.0832,0.237,0.3098
TTD,Trade Desk Inc,Communication Services,502010,NASDAQ,CA,2016-09-21,2025-12-31,3.843,2896.284,508.067,1687.896,525.141,700.321,589.321,1.79,443.304,0.0,197.011,992.721,6153.22,3668.829,436.33,1303.057,2484.391,475.923,37.96,18066.037,-0.677,0.7462,1.4953
GIS,General Mills Inc,Consumer Staples,302020,NYSE,MN,,2026-05-31,30.0,18424.6,11654.3,3357.2,256.0,3413.1,2857.9,581.1,-87.6,1315.3,539.9,2166.2,30016.7,22636.1,13940.4,456.1,7368.4,533.7,33.81,18044.397,-0.2375,0.2303,0.051
NXT,Nextpower Inc,Industrials,201040,NASDAQ,CA,2023-02-09,2026-03-31,1.993,3559.39,2373.918,447.274,120.909,738.198,707.596,2.623,585.883,0.0,49.277,562.911,4073.212,1738.815,52.858,1094.976,2334.397,149.391,120.55,18009.085,1.3846,0.6108,0.9541
DKS,Dicks Sporting Goods Inc,Consumer Discretionary,255040,NYSE,PA,2002-10-16,2026-01-31,105.2,17215.12,10846.631,4407.162,0.0,1961.327,1478.027,56.4,849.239,413.852,1137.176,1537.343,17411.499,11871.379,7746.643,1353.226,5540.12,88.844,202.0,17946.488,-0.1139,0.4477,1.4334
IT,Gartner Inc,Information Technology,451020,NYSE,CT,1993-10-04,2025-12-31,20.244,6497.226,2053.575,3062.865,,1380.786,1180.477,124.777,729.231,0.0,115.142,1290.365,8085.4,7765.492,3347.95,1722.521,319.908,70.849,252.28,17873.786,-0.4793,0.4165,0.8531
SNA,Snap-On Inc,Industrials,201060,NYSE,WI,,2025-12-31,13.0,5156.1,2390.4,1361.5,72.4,1404.2,1305.7,50.5,1016.9,462.2,76.0,1081.7,8412.3,2455.5,1293.3,1624.5,5931.8,51.867,344.6,17873.368,0.0425,0.2449,0.7223
FTI,Technipfmc Plc,Energy,101010,NYSE,TX,,2025-12-31,23.089,9932.6,7338.4,788.4,83.1,1805.8,1393.0,81.4,963.9,82.3,317.2,1764.6,10118.2,6712.9,1342.6,1031.9,3363.8,400.7,44.56,17855.192,0.549,0.4082,1.2941
J,Jacobs Solutions Inc,Industrials,202020,NYSE,TX,,2025-09-30,41.2,12029.783,8807.273,2062.5,,1160.01,922.434,145.788,289.336,117.977,79.232,686.704,11252.535,6585.936,2709.857,1236.848,3640.807,119.081,149.86,17845.479,0.0111,0.2665,0.8775
WMG,Warner Music Group Corp,Communication Services,502020,NASDAQ,NY,2005-05-11,2025-09-30,5.5,6707.0,3632.0,1688.0,,1387.0,1011.0,177.0,365.0,383.0,139.0,675.0,9829.0,9072.0,4608.0,532.0,647.0,522.286,34.06,17789.061,0.0133,0.2738,0.5103
CDW,Cdw Corp,Information Technology,452030,NASDAQ,IL,1993-05-27,2025-12-31,14.8,22424.1,17255.1,3194.0,0.0,1975.0,1679.4,227.4,1066.6,328.6,117.1,1205.2,16028.2,13422.1,5820.5,618.9,2606.1,129.4,136.2,17624.28,-0.2056,0.3217,1.1016
ZBH,Zimmer Biomet Holdings Inc,Health Care,351010,NYSE,IN,,2025-12-31,17.0,8231.5,2033.8,3698.7,458.5,2499.0,1405.2,292.8,705.1,189.4,525.0,1697.1,23091.7,10385.9,7752.1,591.9,12697.7,195.5,89.92,17579.36,-0.1403,0.3095,0.3075
FTV,Fortive Corp,Industrials,201060,NYSE,WA,,2025-12-31,10.0,4159.1,1069.4,1857.9,259.2,1231.8,794.2,120.5,579.2,92.2,105.1,1083.2,11737.7,5276.6,3306.6,375.5,6453.4,313.4,55.21,17302.814,-0.0313,0.2628,0.9481
THC,Tenet Healthcare Corp,Health Care,351020,NYSE,TX,,2025-12-31,99.0,21310.0,17008.0,,0.0,4302.0,3439.0,830.0,1407.0,0.0,1010.0,3540.0,29677.0,20704.0,14428.0,2883.0,4220.0,86.952,198.72,17279.101,0.5743,0.4155,0.9474
IFF,Intl Flavors & Fragrances,Materials,151010,NYSE,NY,,2025-12-31,21.5,10890.0,6557.0,2486.0,694.0,1847.0,885.0,241.0,-361.0,409.0,594.0,850.0,25539.0,11353.0,6651.0,590.0,14154.0,255.7,67.39,17231.623,-0.1843,0.2808,0.7149
BG,Bunge Global Sa,Consumer Staples,302020,NYSE,MO,2001-08-02,2025-12-31,34.0,70329.0,66210.0,1897.0,28.0,2222.0,1519.0,668.0,816.0,502.0,1723.0,844.0,44528.0,27106.0,15855.0,3085.0,15904.0,193.409,89.08,17228.874,0.1858,0.3212,0.4059
PINS,Pinterest Inc,Communication Services,502030,NYSE,CA,2019-04-18,2025-12-31,5.265,4221.767,817.699,3059.034,1427.447,345.034,319.883,,416.855,0.0,32.375,1284.264,5492.132,746.894,262.018,2467.153,4745.238,664.546,25.89,17205.096,-0.1072,0.523,1.3964
ACM,Aecom,Industrials,201030,NYSE,TX,2007-05-10,2025-09-30,51.0,16139.622,14755.109,157.849,,1226.664,1058.864,184.304,561.774,139.303,136.675,821.602,12200.249,9504.065,3361.904,1585.739,2492.584,131.782,130.47,17193.598,-0.0991,0.2657,0.766
RBC,Rbc Bearings Inc,Industrials,201060,NYSE,CT,2005-08-10,2026-03-31,5.816,1870.9,984.1,310.7,34.4,576.1,447.3,49.8,287.6,0.0,73.1,415.7,5122.7,1761.7,991.4,57.3,3361.0,31.635,543.12,17181.601,0.4991,0.2774,0.8716
MTZ,Mastec Inc,Industrials,201030,NYSE,FL,,2025-12-31,36.0,14299.171,12506.437,709.009,,1083.725,656.643,172.985,399.042,0.0,259.985,545.714,9923.542,6589.021,2799.171,396.03,3259.309,78.898,217.37,17150.058,0.5967,0.4598,1.6077
TLN,Talen Energy Corp,Utilities,551050,NASDAQ,TX,,2025-12-31,,2581.0,2300.0,,,281.0,2.0,302.0,-219.0,0.0,206.0,704.0,10905.0,9812.0,6811.0,752.0,1093.0,45.688,374.84,17125.69,0.8605,0.6061,1.5269
WY,Weyerhaeuser Co,Real Estate,601080,NYSE,WA,,2025-12-31,9.517,6905.0,5371.0,557.0,5.0,977.0,468.0,284.0,324.0,611.0,943.0,562.0,16613.0,7187.0,5719.0,481.0,9426.0,720.531,23.69,17069.379,-0.1307,0.2736,0.6631
DKNG,Draftkings Inc,Consumer Discretionary,253010,NASDAQ,MA,,2025-12-31,5.5,6054.525,3281.447,2500.182,459.912,272.896,-2.604,19.941,3.71,0.0,15.352,662.855,4530.784,3899.323,1889.826,1604.595,631.422,495.053,34.46,17059.526,-0.0737,0.4833,1.1227
PNR,Pentair Plc,Industrials,201060,NYSE,,,2025-12-31,9.0,4176.0,2350.9,756.3,95.9,1068.8,951.1,69.4,653.8,167.3,68.8,814.8,6868.8,2999.6,1765.9,101.6,3869.2,163.236,104.14,16999.397,0.0453,0.2774,1.0734
INVH,Invitation Homes Inc,Real Estate,601060,NYSE,TX,2017-02-01,2025-12-31,1.725,2717.689,1874.812,95.25,,747.627,729.346,432.451,587.924,717.977,,1206.23,18680.29,9112.398,8429.026,354.865,9530.132,610.789,27.79,16973.826,-0.0968,0.2069,0.3736
GPC,Genuine Parts Co,Consumer Discretionary,255010,NYSE,GA,,2025-12-31,65.0,24300.141,15199.243,7050.265,0.0,2050.633,1512.61,172.906,65.945,572.778,469.838,890.762,20795.54,16355.177,6929.765,477.179,4422.991,137.618,122.96,16921.509,0.0868,0.2487,0.5876
YUMC,Yum China Holdings Inc,Consumer Discretionary,253010,NYSE,,,2025-12-31,290.0,11797.0,9446.0,618.0,8.0,1733.0,1289.0,,929.0,353.0,626.0,1466.0,10783.0,4684.0,2348.0,1384.0,5379.0,354.0,47.74,16899.96,0.0119,0.3268,0.6263
LII,Lennox International Inc,Industrials,201020,NYSE,TX,1999-07-29,2025-12-31,12.9,5195.3,3348.0,681.4,103.4,1165.9,1053.4,46.4,805.8,177.4,118.8,757.6,4081.8,2918.7,1770.7,34.7,1163.1,34.796,485.58,16896.242,-0.1955,0.3531,0.9844
ESS,Essex Property Trust,Real Estate,601060,NYSE,CA,1994-06-06,2025-12-31,1.689,1942.005,1215.58,71.973,0.0,,654.452,257.334,669.666,662.199,0.0,1074.423,13159.009,7422.114,6851.756,85.586,5541.372,64.442,261.68,16863.183,-0.05,0.2473,0.6276
NWSA,News Corp,Communication Services,502010,NASDAQ,NY,,2025-06-30,22.3,8452.0,3736.0,3301.0,,1415.0,956.0,,1180.0,114.0,407.0,1134.0,15504.0,6115.0,2940.0,2403.0,8774.0,565.386,29.72,16803.272,-0.0447,0.242,0.7672
DOW,Dow Inc,Materials,151010,NYSE,MI,,2025-12-31,34.6,39968.0,34683.0,2135.0,752.0,3150.0,316.0,1010.0,-2623.0,1490.0,2479.0,1032.0,58538.0,41016.0,19598.0,4337.0,16008.0,717.222,23.38,16768.65,-0.374,0.4901,1.4085
VG,Venture Global Inc,Energy,101020,NYSE,VA,2025-01-24,2025-12-31,2.0,13769.0,6895.0,777.0,344.0,6097.0,5156.0,2755.0,2260.0,83.0,13365.0,6566.0,53446.0,41450.0,35221.0,2550.0,6743.0,2457.0,6.82,16756.74,-0.7139,0.8816,1.8158
GDDY,Godaddy Inc,Information Technology,451020,NYSE,AZ,2015-04-01,2025-12-31,5.845,4951.1,2094.1,1604.0,841.5,1253.0,1139.9,151.0,875.0,0.0,23.9,1599.4,8034.9,7819.8,3862.6,1080.9,215.1,134.737,124.08,16718.167,-0.3713,0.3224,0.7453
LNT,Alliant Energy Corp,Utilities,551010,NASDAQ,WI,,2025-12-31,2.948,4362.0,2475.0,,,1887.0,1041.0,512.0,810.0,521.0,2483.0,1169.0,24991.0,17657.0,12327.0,556.0,7334.0,257.137,65.01,16716.476,0.1352,0.1776,0.2315
EVRG,Evergy Inc,Utilities,551010,NASDAQ,MO,,2025-12-31,4.691,5961.6,3265.5,,,2696.1,1533.2,653.2,855.6,620.8,2796.9,2045.2,33948.5,23680.7,15393.2,25.4,10221.3,230.263,72.49,16691.765,0.2241,0.1666,0.1897
ALB,Albemarle Corp,Materials,151010,NYSE,NC,1994-02-17,2025-12-31,7.8,5142.733,3810.536,595.031,51.398,737.166,78.488,218.68,-510.628,190.638,589.801,1282.267,16374.211,6592.75,3321.212,1618.001,7298.26,117.716,141.44,16649.751,0.677,0.6151,1.6613
USFD,Us Foods Holding Corp,Consumer Staples,301010,NYSE,IL,2016-05-26,2025-12-31,30.0,39424.0,32560.0,5132.0,,1732.0,1270.0,305.0,676.0,0.0,410.0,1369.0,13943.0,9636.0,5555.0,41.0,4307.0,220.5,75.32,16608.06,0.1165,0.2431,0.7452
RPRX,Royalty Pharma Plc,Health Care,352020,NASDAQ,NY,2020-06-16,2025-12-31,0.1,2378.193,785.923,,452.0,1592.27,1588.418,307.664,770.947,378.317,0.0,2489.823,19620.78,9905.841,8970.174,637.496,6476.837,428.669,38.64,16563.77,0.5525,0.2586,0.2847
TRU,Transunion,Industrials,202020,NYSE,IL,2015-06-25,2025-12-31,13.5,4576.3,1872.0,1295.4,,1408.9,834.1,237.9,455.4,89.5,326.0,987.6,11112.9,6567.6,5158.4,856.3,4439.2,192.4,85.75,16498.3,-0.0702,0.4358,1.5969
NVT,Nvent Electric Plc,Industrials,201040,NYSE,,,2025-12-31,12.0,3893.1,2363.3,683.3,78.5,846.5,638.7,75.0,710.2,131.3,93.3,465.2,6851.9,3121.7,1712.9,237.5,3730.2,161.729,101.97,16491.506,0.5127,0.4501,1.5528
DD,Dupont De Nemours Inc,Industrials,201050,NYSE,DE,,2025-12-31,15.0,6849.0,4130.0,1212.0,193.0,1507.0,860.0,282.0,-779.0,597.0,333.0,1412.0,21575.0,7472.0,3411.0,757.0,13919.0,409.195,40.2,16449.639,0.292,0.3539,1.3178
Z,Zillow Group Inc,Real Estate,602010,NASDAQ,WA,2011-07-20,2025-12-31,7.068,2583.0,404.0,1947.0,553.0,232.0,-32.0,18.0,23.0,0.0,133.0,368.0,5685.0,801.0,457.0,1300.0,4884.0,240.446,68.22,16403.226,-0.0787,0.3936,1.0967
IOT,Samsara Inc,Information Technology,451030,NYSE,CA,2021-12-15,2026-01-31,4.1,1618.635,352.501,1294.662,344.589,-28.528,-52.576,,-9.117,0.0,28.766,236.21,2540.674,1120.227,72.768,839.846,1420.447,580.716,28.05,16289.084,-0.1886,0.5313,1.4304
IONQ,Ionq Inc,Information Technology,453010,NYSE,MD,,2025-12-31,1.132,130.016,77.488,560.76,305.705,-508.232,-590.236,0.0,-510.378,0.0,16.417,-283.187,6570.358,2756.666,30.021,2392.156,3799.517,362.593,44.87,16269.548,0.0742,1.1403,2.5942
TKO,Tko Group Holdings Inc,Communication Services,502020,NYSE,NY,1999-10-19,2025-12-31,4.0,4735.151,1903.153,1460.271,,1371.727,966.837,202.724,195.403,185.155,115.271,1285.725,15495.821,6245.742,4063.035,1185.959,3737.38,77.767,209.0,16253.303,0.4892,0.3291,0.806
MAA,Mid-America Apt Cmntys Inc,Real Estate,601060,NYSE,TN,1994-01-28,2025-12-31,2.507,2159.442,1534.881,54.807,0.0,,569.754,204.12,446.909,710.769,0.0,1078.175,11975.383,6135.738,5429.651,73.975,5662.842,116.878,138.91,16235.523,-0.0633,0.2067,0.419
AGI,Alamos Gold Inc,Materials,151040,NYSE,ON,1999-09-02,2025-12-31,2.4,1808.8,381.0,120.6,,1307.2,1087.9,25.9,885.8,42.1,507.1,795.3,6384.6,1938.8,223.0,682.0,4445.8,419.861,38.58,16198.237,1.0993,0.4201,0.315
APTV,Aptiv Plc,Consumer Discretionary,251010,NYSE,,1999-02-05,2025-12-31,140.0,20398.0,15722.0,1465.0,1129.0,3211.0,2220.0,361.0,165.0,0.0,656.0,2185.0,23413.0,13914.0,8094.0,1854.0,9207.0,212.747,76.09,16187.919,0.2581,0.3524,1.1762
ROKU,Roku Inc,Communication Services,502020,NASDAQ,CA,2017-09-28,2025-12-31,3.6,4737.251,2580.185,2071.083,729.477,85.983,17.079,1.906,88.361,0.0,5.28,483.718,4433.483,1775.538,523.324,2317.281,2657.945,147.85,108.49,16040.246,0.4594,0.5593,1.8195
APG,Api Group Corp,Industrials,201030,NYSE,MN,2020-04-29,2025-12-31,29.0,7911.0,5324.0,1566.0,,1021.0,694.0,151.0,302.0,0.0,96.0,759.0,8936.0,5528.0,3072.0,913.0,3408.0,415.915,38.26,15912.908,0.5955,0.3056,1.0522
MEDP,Medpace Holdings Inc,Health Care,352030,NASDAQ,OH,2016-08-11,2025-12-31,6.2,2530.234,1769.616,197.559,,563.059,534.935,,451.123,0.0,31.356,713.223,1975.472,1516.401,136.852,497.049,459.071,28.301,561.65,15895.257,0.6905,0.6577,0.9654
XPO,Xpo Inc,Industrials,203040,NYSE,CT,,2025-12-31,40.3,8157.0,6908.0,,,1249.0,728.0,219.0,316.0,0.0,657.0,986.0,8194.0,6333.0,4091.0,310.0,1861.0,116.954,135.91,15895.218,0.0363,0.4869,1.509
ULS,Ul Solutions Inc,Industrials,202020,NYSE,IL,2024-04-12,2025-12-31,14.851,3053.0,1368.0,940.0,,745.0,557.0,41.0,325.0,105.0,197.0,600.0,2921.0,1627.0,683.0,295.0,1262.0,201.026,78.86,15852.91,0.5933,0.3535,0.5209
NLY,Annaly Capital Management,Financials,402040,NYSE,NY,1997-10-08,2025-12-31,0.212,6198.565,259.902,,0.0,,5938.663,5540.479,2027.262,1853.51,0.0,692.911,135609.838,119449.927,116221.982,2072.227,14288.292,706.972,22.36,15807.894,0.3989,0.2168,0.6875
BWXT,Bwx Technologies Inc,Industrials,201010,NYSE,VA,,2025-12-31,10.4,3198.425,2356.157,408.283,13.867,433.985,324.576,69.907,328.945,92.465,184.557,479.848,4271.495,3038.483,2060.204,502.864,1232.487,91.431,172.84,15802.934,0.5637,0.4233,1.1242
JLL,Jones Lang Lasalle Inc,Real Estate,602010,NYSE,IL,1997-07-17,2025-12-31,113.2,26115.6,24689.5,,,1426.1,1173.3,107.3,792.1,0.0,215.6,1194.1,17801.1,10178.1,2590.1,898.9,7502.8,46.946,336.47,15795.921,0.3292,0.3234,1.1243
SN,Sharkninja Inc,Consumer Discretionary,252010,NYSE,MA,,2025-12-31,4.143,6399.188,3142.839,2196.791,368.073,1059.558,919.927,52.4,701.374,0.0,147.405,634.132,5349.434,2673.223,901.523,777.289,2676.211,141.158,111.9,15795.58,0.1493,0.5174,1.7267
RVMD,Revolution Medicines Inc,Health Care,352010,NASDAQ,CA,2020-02-13,2025-12-31,0.883,0.0,0.0,1174.099,987.332,-1174.099,-1182.369,24.231,-1131.301,0.0,15.99,-897.741,2354.508,723.211,427.148,2025.679,1631.297,197.001,79.65,15691.13,0.821,0.4494,1.0601
ATI,Ati Inc -New,Industrials,201010,NYSE,TX,,2025-12-31,7.6,4587.4,3412.5,348.0,21.3,826.9,651.8,121.3,404.3,0.0,280.6,614.3,5099.6,3182.9,1749.4,416.7,1804.5,135.935,114.76,15599.901,1.085,0.4892,1.559
EWBC,East West Bancorp Inc,Financials,401010,NASDAQ,CA,1999-02-08,2025-12-31,3.35,4672.623,1900.767,684.882,,2086.974,2086.974,,1325.188,335.208,,1501.7,80434.997,71535.795,3173.851,4629.328,8899.202,137.579,112.39,15462.504,0.2029,0.3385,1.2203
ONON,On Holding Ag,Consumer Discretionary,252030,NYSE,,2021-09-15,2025-12-31,3.963,3801.108,1398.364,1766.62,13.368,636.124,475.454,36.574,256.896,0.0,91.937,453.384,3575.867,1517.165,657.69,1286.248,2058.702,330.997,46.48,15384.741,-0.1514,0.5113,1.2925
SUI,Sun Communities Inc,Real Estate,601060,NYSE,MI,1993-12-08,2025-12-31,3.614,2322.5,1971.4,236.7,0.0,,114.4,224.5,1361.2,1017.8,0.0,864.2,12522.9,5194.4,4308.3,636.1,6956.1,123.487,123.91,15301.274,0.0753,0.2381,0.4109
TXT,Textron Inc,Industrials,201010,NYSE,RI,,2025-12-31,34.0,14799.0,11707.0,1694.0,521.0,1398.0,1001.0,164.0,921.0,14.0,383.0,1312.0,18129.0,10254.0,4282.0,2025.0,7875.0,174.31,87.17,15194.603,0.1408,0.2766,0.9418
H,Hyatt Hotels Corp,Consumer Discretionary,253010,NYSE,IL,2009-11-05,2025-12-31,50.0,7101.0,5700.0,597.0,0.0,804.0,479.0,317.0,-52.0,58.0,220.0,379.0,14036.0,10377.0,4556.0,814.0,3334.0,94.604,160.32,15166.913,0.0255,0.36,1.2042
WWD,Woodward Inc,Industrials,201010,NASDAQ,CO,,2025-09-30,10.2,3567.064,2497.494,468.043,147.568,601.527,488.249,45.689,442.111,64.975,130.928,471.294,4630.143,2063.753,727.866,327.497,2566.39,59.872,252.71,15130.253,0.8258,0.3348,1.1275
HOLX,Hologic Inc,Health Care,351010,NASDAQ,MA,1990-06-21,2025-09-30,7.07,4100.5,1490.5,1263.5,270.1,1346.5,1046.7,117.1,565.7,0.0,137.0,1057.1,9014.9,3967.0,2626.8,2202.7,5047.9,222.564,67.49,15020.844,0.0333,0.2896,0.3148
ERIE,Erie Indemnity Co,Financials,403010,NASDAQ,PA,1995-10-02,2025-12-31,6.667,4067.258,3280.624,,,786.634,717.184,0.0,559.335,258.815,115.692,686.657,3355.481,1072.107,0.0,383.212,2283.374,52.29,286.65,14988.928,-0.2939,0.324,0.3221
OKTA,Okta Inc,Information Technology,451020,NASDAQ,CA,2017-04-07,2026-01-31,6.366,2919.0,590.0,2079.0,639.0,250.0,154.0,4.0,235.0,0.0,9.0,884.0,9710.0,2711.0,451.0,2554.0,6999.0,177.357,84.48,14983.119,0.0973,0.4648,1.1053
CRBG,Corebridge Financial Inc,Financials,402010,NYSE,TX,2022-09-15,2025-12-31,4.8,18481.0,17533.0,,,948.0,392.0,552.0,-366.0,511.0,0.0,2021.0,413547.0,399587.0,15486.0,9542.0,12708.0,496.374,30.17,14975.604,0.0389,0.3617,1.3756
RS,Reliance Inc,Materials,151040,NYSE,AZ,1994-09-15,2025-12-31,15.7,14294.3,10174.9,2800.1,,1319.3,1041.1,55.4,739.4,254.7,328.9,831.4,10373.3,3193.8,1739.5,216.6,7170.1,51.735,288.87,14944.689,0.091,0.2602,0.7214
MGA,Magna International Inc,Consumer Discretionary,251010,NYSE,ON,,2025-12-31,156.0,42010.0,36021.0,2221.0,792.0,3768.0,2110.0,275.0,829.0,549.0,1313.0,3598.0,31417.0,18578.0,6689.0,1612.0,12493.0,280.242,53.3,14936.899,0.3369,0.322,0.849
ITT,Itt Inc,Industrials,201060,NYSE,CT,,2025-12-31,11.6,3938.5,2406.6,686.6,110.8,845.3,705.8,46.0,488.0,111.0,113.4,668.3,6310.4,2219.1,867.2,1742.9,4084.4,85.9,173.51,14904.509,0.2252,0.3168,1.1859
BBIO,Bridgebio Pharma Inc,Health Care,352010,NASDAQ,CA,2019-06-27,2025-12-31,0.839,502.076,15.528,983.178,451.953,-496.63,-502.064,178.241,-724.931,0.0,1.097,-445.91,936.025,3012.606,2728.724,588.032,-2086.61,194.772,76.49,14898.11,1.7875,0.4993,1.0115
FNF,Fidelity National Financial,Financials,403010,NYSE,FL,,2025-12-31,24.535,14445.0,12367.0,,,2078.0,1669.0,242.0,602.0,549.0,147.0,5828.0,109014.0,100042.0,4768.0,5175.0,7424.0,271.0,54.59,14793.89,0.0324,0.2624,0.5584
CLX,Clorox Co/De,Consumer Staples,303010,NYSE,CA,,2025-06-30,7.6,7104.0,3698.0,2015.0,121.0,1391.0,1172.0,88.0,810.0,609.0,220.0,981.0,5561.0,5079.0,2916.0,167.0,321.0,122.694,120.07,14731.869,-0.3558,0.2333,0.217
BEPC,Brookfield Renewable Corp,Utilities,551050,NYSE,NY,,2025-12-31,2.411,3728.0,1605.0,,,2123.0,883.0,1672.0,-2344.0,0.0,1138.0,502.0,46267.0,37035.0,16575.0,763.0,-406.0,374.066,38.34,14341.69,0.4512,0.341,0.7646
VTRS,Viatris Inc,Health Care,352020,NASDAQ,PA,,2025-12-31,30.0,14299.9,5920.3,4421.4,1088.1,3958.2,1233.8,464.1,-3514.9,577.1,378.8,2315.9,37193.1,22481.8,14698.0,1454.4,14711.3,1151.215,12.45,14332.627,0.0507,0.3572,0.7961
NBIX,Neurocrine Biosciences Inc,Health Care,352010,NASDAQ,CA,1996-05-23,2025-12-31,2.0,2860.5,2193.9,,1033.1,666.6,636.5,0.0,478.6,0.0,34.0,782.7,4631.5,1378.4,471.3,1480.4,3253.1,100.1,141.83,14197.183,0.039,0.3745,0.8479
WPC,W P Carey Inc,Real Estate,601010,NYSE,NY,1998-01-21,2025-12-31,0.199,1740.839,774.239,140.566,,,826.034,292.356,466.359,799.907,0.0,1282.319,17990.232,9856.09,8866.942,191.518,8118.257,219.146,64.36,14104.237,0.2493,0.1899,0.2913
BALL,Ball Corp,Materials,151030,NYSE,CO,,2025-12-31,16.0,13161.0,10583.0,566.0,,2012.0,1390.0,321.0,912.0,220.0,474.0,1262.0,19524.0,14103.0,7373.0,1219.0,5421.0,265.374,52.97,14056.861,-0.024,0.2623,0.4407
FDS,Factset Research Systems Inc,Financials,402030,NYSE,CT,1996-06-28,2025-08-31,12.8,2321.748,940.091,473.265,300.7,908.392,750.701,56.324,597.04,162.137,108.806,726.26,4304.272,2117.859,1558.509,361.618,2186.413,37.646,373.32,14054.005,-0.3888,0.2861,0.5374
DPZ,Domino'S Pizza Inc,Consumer Discretionary,253010,NASDAQ,MI,2004-07-13,2025-12-31,10.2,4939.994,2877.607,1018.614,,1043.773,954.946,195.972,601.704,237.33,120.558,792.062,1716.459,5617.601,5048.284,341.785,-3901.142,33.628,416.82,14016.823,0.0088,0.2682,0.5225
DECK,Deckers Outdoor Corp,Consumer Discretionary,252030,NYSE,CA,1993-10-14,2026-03-31,6.0,5472.296,2313.448,1820.172,68.899,1338.676,1262.903,2.53,1024.071,0.0,84.623,1181.955,3687.765,1188.127,375.194,1907.249,2499.638,139.978,100.09,14010.398,-0.4895,0.5482,1.301
AVY,Avery Dennison Corp,Materials,151030,NYSE,OH,,2025-12-31,35.0,8855.5,5981.5,1422.5,136.6,1451.5,1123.8,138.3,688.0,288.4,169.0,881.4,8801.7,6559.6,3953.6,257.2,2242.1,76.877,181.88,13982.389,-0.0074,0.2494,0.5533
AA,Alcoa Corp,Materials,151040,NYSE,PA,,2025-12-31,14.9,12831.0,10619.0,323.0,24.0,1889.0,1266.0,185.0,1157.0,104.0,618.0,1185.0,16129.0,9935.0,2756.0,1622.0,6118.0,263.102,53.14,13981.24,0.4245,0.5353,1.6924
ALLY,Ally Financial Inc,Financials,402020,NYSE,MI,2014-01-28,2025-12-31,10.3,15178.0,11642.0,,,3536.0,2381.0,1106.0,852.0,379.0,4275.0,3729.0,196002.0,180504.0,21889.0,12277.0,13174.0,308.493,45.29,13971.648,0.2995,0.3383,1.2334
ICLR,Icon Public Limited Company,Health Care,352030,NASDAQ,,1998-05-15,2025-12-31,40.1,8251.34,6075.746,780.139,,1395.455,1012.459,197.49,229.339,0.0,174.214,1036.205,16269.782,7076.398,3555.782,647.295,9193.384,76.567,182.22,13952.039,-0.1311,0.4717,0.917
LYB,Lyondellbasell Industries,Materials,151010,NYSE,,,2025-12-31,18.97,30153.0,26158.0,1710.0,136.0,2285.0,1020.0,517.0,-745.0,1764.0,1878.0,2262.0,34003.0,23796.0,14635.0,3449.0,10082.0,322.085,43.3,13946.28,-0.3594,0.4222,1.2158
COHR,Coherent Corp,Information Technology,452030,NYSE,PA,1987-10-02,2025-06-30,30.216,5810.115,3365.595,1300.738,581.924,1143.782,590.184,243.251,49.364,0.0,440.836,633.6,14910.936,6429.653,3893.658,918.097,5644.514,155.555,89.21,13877.062,0.9484,0.7486,2.5332
SNAP,Snap Inc,Communication Services,502030,NYSE,CA,2017-03-02,2025-12-31,5.261,5931.447,2663.816,3636.165,1793.601,-368.534,-532.167,121.998,-460.489,0.0,218.981,656.17,7677.802,5396.307,4143.131,2940.572,2281.495,1711.553,8.07,13812.233,-0.2507,0.5864,1.6386
EG,Everest Group Ltd,Financials,403010,NYSE,,1995-10-02,2025-12-31,3.064,17275.0,15458.0,,,1817.0,1817.0,151.0,1591.0,335.0,0.0,3068.0,62514.0,47053.0,3785.0,5742.0,15461.0,40.7,339.35,13811.545,-0.0415,0.2594,0.4682
SOLV,Solventum Corp,Health Care,351010,NYSE,MN,,2025-12-31,20.584,8325.0,3574.0,2890.0,739.0,1861.0,1398.0,347.0,1556.0,0.0,379.0,369.0,14294.0,9245.0,5247.0,878.0,5049.0,173.491,79.24,13747.427,0.1995,0.3192,0.9011
CRS,Carpenter Technology Corp,Industrials,201010,NYSE,PA,,2025-06-30,4.5,2877.1,1969.3,243.2,26.1,664.6,525.4,51.0,376.0,40.3,154.3,440.4,3486.8,1599.8,738.3,315.5,1887.0,49.707,276.38,13738.021,0.8621,0.5057,1.4883
ALLE,Allegion Plc,Industrials,201020,NYSE,,,2025-12-31,13.3,4067.3,2098.4,964.2,132.0,1004.7,874.1,101.0,643.8,,98.1,783.8,5223.7,3156.1,2150.3,356.2,2067.6,86.067,159.22,13703.588,0.2354,0.2559,0.6436
COO,Cooper Cos Inc (The),Health Care,351010,NASDAQ,CA,,2025-10-31,15.0,4092.4,1151.7,1712.6,172.2,1228.1,850.7,97.2,374.9,0.0,362.4,796.1,12394.8,4155.7,2783.6,110.6,8238.9,195.9,69.91,13695.369,-0.1084,0.3657,0.7944
WSO,Watsco Inc,Industrials,201070,NYSE,FL,,2025-12-31,7.05,7239.29,5208.826,1294.13,,736.334,692.582,,496.994,473.765,34.55,569.613,4414.805,1192.744,478.788,733.283,2781.376,40.576,336.95,13672.083,-0.2704,0.3324,0.7566
KIM,Kimco Realty Corp,Real Estate,601070,NYSE,NY,1991-11-22,2025-12-31,0.71,2240.337,1298.941,133.015,0.0,,808.381,333.443,584.741,684.368,0.0,1120.015,19688.25,9120.372,8306.011,212.794,10391.815,674.093,20.27,13663.865,-0.0931,0.2341,0.7214
BBY,Best Buy Co Inc,Consumer Discretionary,255040,NYSE,MN,,2026-01-31,82.0,41691.0,31501.0,7588.0,0.0,2602.0,1771.0,47.0,1069.0,820.0,704.0,1962.0,14670.0,11706.0,4133.0,2176.0,2964.0,209.1,65.1,13612.41,-0.178,0.4322,1.4083
APLD,Applied Digital Corp,Information Technology,451020,NASDAQ,TX,,2026-05-31,0.256,611.311,404.196,326.796,,-119.681,-169.114,85.259,-244.004,0.0,2865.765,89.685,9929.312,6185.735,5099.916,3973.015,1717.476,287.884,47.28,13611.156,2.2094,1.2787,2.0945
SMMT,Summit Therapeutics Inc,Health Care,352010,NASDAQ,FL,,2025-12-31,0.265,0.0,1094.278,,537.674,-1094.278,-1094.424,0.0,-1079.586,0.0,0.657,-322.93,751.182,92.322,20.89,713.764,658.86,775.371,17.49,13561.239,-0.0199,0.9688,1.5501
PFGC,Performance Food Group Co,Consumer Staples,301010,NYSE,VA,1993-08-24,2025-06-30,43.0,59898.9,52219.7,6057.2,0.0,1622.0,904.1,358.4,340.2,0.0,506.0,1210.1,17881.2,13408.8,7995.8,78.5,4472.4,154.9,87.47,13549.103,0.0635,0.2636,0.739
GGG,Graco Inc,Industrials,201060,NYSE,MN,,2025-12-31,4.4,2236.604,958.421,562.447,82.297,715.736,610.736,2.893,521.839,185.499,45.669,683.591,3274.27,620.339,51.596,624.083,2653.931,165.15,81.97,13537.346,-0.0146,0.2126,0.7429
RPM,Rpm International Inc,Materials,151010,NYSE,OH,,2026-05-31,17.546,7863.422,4385.801,2271.638,97.9,1205.983,994.783,111.544,661.392,271.705,223.507,898.708,8344.605,5031.5,2949.378,318.425,3311.533,127.643,105.97,13526.329,-0.1392,0.2694,0.8298
EQH,Equitable Holdings Inc,Financials,402010,NYSE,NY,2018-05-10,2025-12-31,8.0,12765.0,12042.0,,,723.0,630.0,224.0,-1380.0,314.0,34.0,714.0,317990.0,316202.0,7274.0,16969.0,-1142.0,283.358,47.65,13502.009,0.0315,0.3512,1.3309
HII,Huntington Ingalls Ind Inc,Industrials,201010,NYSE,VA,,2025-12-31,44.0,12484.0,10570.0,977.0,26.0,937.0,608.0,105.0,605.0,213.0,396.0,1196.0,12749.0,7676.0,2981.0,774.0,5073.0,39.242,340.07,13345.027,0.8416,0.3712,0.5614
GH,Guardant Health Inc,Health Care,351020,NASDAQ,CA,2018-10-04,2025-12-31,2.506,982.021,310.341,1064.228,364.191,-392.548,-432.284,3.897,-416.277,0.0,48.306,-184.76,2013.659,2112.966,1710.142,1201.598,-99.307,130.635,102.14,13343.059,2.3434,0.6582,1.055
RGA,Reinsurance Group Amer Inc,Financials,403010,NYSE,MO,1993-05-04,2025-12-31,4.3,23505.0,21749.0,,,1756.0,1713.0,366.0,1182.0,240.0,0.0,4091.0,156590.0,143039.0,13293.0,7142.0,13461.0,65.464,203.46,13319.305,-0.0297,0.2943,0.8719
UHS,Universal Health Svcs Inc,Health Care,351020,NYSE,PA,,2025-12-31,101.5,17364.829,14734.071,,0.0,2630.758,2012.015,190.846,1488.796,51.652,1015.152,1864.397,15527.593,8118.185,5166.503,137.797,7275.792,61.064,218.02,13313.173,0.2202,0.327,0.6422
MDGL,Madrigal Pharmaceuticals Inc,Health Care,352010,NASDAQ,PA,,2025-12-31,0.915,958.403,54.642,1202.352,388.525,-298.591,-300.097,22.309,-288.284,0.0,0.467,-189.553,1259.589,656.9,347.63,988.649,602.689,22.842,582.34,13301.81,0.8872,0.5141,0.8537
IEX,Idex Corp,Industrials,201060,NYSE,IL,1989-06-02,2025-12-31,8.7,3457.5,1711.6,814.2,70.0,931.7,725.2,64.4,483.2,213.3,63.6,680.4,6927.0,2900.8,1942.7,583.0,4027.5,74.6,177.94,13274.324,-0.1368,0.2895,0.8652
TSEM,Tower Semiconductor Ltd,Information Technology,453010,NASDAQ,,1994-10-25,2025-12-31,5.316,1566.104,899.138,169.682,86.496,497.284,194.172,4.416,220.47,0.0,444.425,395.482,3322.29,417.707,161.518,1151.91,2919.287,112.534,117.42,13213.742,1.2796,0.5583,1.7515
LECO,Lincoln Electric Hldgs Inc,Industrials,201060,NASDAQ,OH,,2025-12-31,12.0,4233.003,2596.241,795.255,85.55,841.507,742.961,58.379,520.533,168.135,126.974,661.173,3777.577,2307.783,1347.529,308.789,1469.794,54.846,239.64,13143.295,0.2964,0.3115,1.0622
JKHY,Henry (Jack) & Associates,Financials,402010,NASDAQ,MO,,2025-06-30,7.24,2375.288,1155.996,445.826,162.771,773.466,568.715,10.438,455.748,164.644,53.358,641.504,3043.97,913.138,51.187,101.953,2130.832,72.836,180.17,13122.862,0.0549,0.2279,0.3514
CSL,Carlisle Cos Inc,Industrials,201020,NYSE,AZ,,2025-12-31,5.9,5019.9,3046.6,771.7,47.1,1201.6,1005.1,78.5,740.7,181.3,131.2,1101.8,6263.0,4467.6,3022.0,1112.1,1795.4,41.0,319.86,13114.26,-0.1226,0.3435,0.8951
EVR,Evercore Inc,Financials,402030,NYSE,NY,2006-08-11,2025-12-31,2.57,3880.084,2997.173,,,882.911,850.354,22.864,591.922,144.026,74.002,1256.464,5358.097,3038.231,1155.081,3006.658,2031.576,38.523,340.25,13107.451,0.2425,0.4325,1.7705
OHI,Omega Healthcare Invs Inc,Real Estate,601050,NYSE,MD,,2025-12-31,0.069,1189.881,401.948,62.028,0.0,,725.905,216.086,590.185,780.666,0.0,878.551,10049.059,4608.56,4285.523,54.563,5181.299,295.539,44.34,13104.199,0.255,0.2089,0.15
W,Wayfair Inc,Consumer Discretionary,255040,NYSE,MA,2014-10-02,2025-12-31,12.8,12457.0,8387.0,3672.0,0.0,398.0,93.0,165.0,-313.0,0.0,205.0,534.0,3440.0,6222.0,4297.0,1542.0,-2782.0,130.344,100.41,13087.841,1.2656,0.7673,2.4468
LOGI,Logitech International Sa,Information Technology,452020,NASDAQ,,1997-03-27,2026-03-31,7.3,4840.761,2678.268,1299.985,316.221,862.508,785.054,0.0,711.187,232.729,61.562,1037.207,3848.588,1637.194,88.155,1741.546,2211.394,143.502,91.12,13075.902,0.234,0.3754,1.3274
QXO,Qxo Inc,Industrials,201070,NYSE,CT,,2025-12-31,7.794,6842.2,5137.8,1165.5,,538.9,115.8,173.5,-279.4,0.0,78.2,261.4,15887.3,6180.5,3914.5,2365.4,8650.1,674.5,19.29,13011.105,0.2132,0.5415,1.1664
NDSN,Nordson Corp,Industrials,201060,NASDAQ,OH,,2025-10-31,8.0,2791.687,1098.245,813.18,68.239,880.262,729.739,104.156,484.474,179.069,58.06,719.175,5917.681,2874.11,2092.358,108.442,3043.571,55.92,231.95,12970.644,0.1702,0.2722,1.027
MAS,Masco Corp,Industrials,201020,NYSE,MI,,2025-12-31,18.0,7562.0,4727.0,1415.0,,1420.0,1272.0,101.0,810.0,260.0,156.0,1022.0,5201.0,5125.0,3215.0,647.0,-185.0,204.3,63.46,12964.878,-0.1091,0.3129,0.9493
CNA,Cna Financial Corp,Financials,403010,NYSE,IL,,2025-12-31,6.6,14713.0,13164.0,,,1549.0,1479.0,135.0,1278.0,1049.0,86.0,2490.0,69443.0,57822.0,3189.0,4134.0,11621.0,270.672,47.74,12921.881,0.0686,0.2081,0.4112
IONS,Ionis Pharmaceuticals Inc,Health Care,352010,NASDAQ,CA,1991-05-17,2025-12-31,1.402,943.711,1315.387,,915.619,-371.676,-381.684,90.544,-381.387,0.0,51.444,-268.583,3523.836,3034.747,2615.865,2680.448,489.089,163.305,79.11,12919.059,1.2629,0.5246,0.7222
HL,Hecla Mining Co,Materials,151040,NYSE,ID,,2025-12-31,1.865,1423.019,637.031,99.376,,686.612,514.96,36.681,321.712,,252.389,562.638,3560.645,968.999,285.094,301.202,2591.607,670.3,19.19,12863.057,2.9169,0.6536,0.8239
UNM,Unum Group,Financials,403010,NYSE,TN,1986-11-06,2025-12-31,10.91,13070.1,11784.2,,,1285.9,1156.9,208.8,738.5,307.2,132.3,687.7,63519.4,52400.3,4490.3,4552.6,11119.1,165.694,77.5,12841.285,0.0855,0.2977,0.8182
LAMR,Lamar Advertising Co  -Cl A,Real Estate,601080,NASDAQ,LA,1996-08-02,2025-12-31,3.5,2266.214,735.795,494.906,,1035.513,698.118,160.442,587.152,655.856,180.8,864.049,6931.954,5907.175,4918.727,64.812,1011.586,101.331,126.58,12826.478,0.0965,0.2754,0.8433
KTOS,Kratos Defense & Security,Industrials,201010,NASDAQ,CA,1999-11-05,2025-12-31,4.3,1346.8,1014.1,257.9,40.0,74.8,27.7,9.6,22.0,0.0,95.3,-42.1,2467.2,470.9,145.8,560.6,1996.3,168.875,75.91,12819.301,1.8775,0.568,1.0908
ENTG,Entegris Inc,Information Technology,453010,NASDAQ,MA,2000-07-11,2025-12-31,7.7,3196.6,1567.1,754.2,329.0,875.3,485.6,199.8,235.6,61.1,299.2,695.4,8350.5,4397.1,3812.0,360.4,3953.4,151.9,84.25,12797.575,-0.1456,0.6076,2.3153
TOL,Toll Brothers Inc,Consumer Discretionary,252010,NYSE,PA,,2025-10-31,4.9,11181.084,8295.527,1033.622,,1851.935,1769.835,132.871,1346.486,97.049,86.195,1112.411,14519.866,6233.802,2916.253,1338.938,8270.663,94.797,134.95,12792.855,0.0828,0.3484,0.8378
MLI,Mueller Industries,Industrials,201060,NYSE,TN,,2025-12-31,4.832,4178.547,2966.083,253.287,,959.177,890.616,0.108,765.191,111.454,68.805,755.444,3733.029,497.123,27.49,1407.788,3209.966,111.18,114.8,12763.464,0.4628,0.2809,1.0481
SF,Stifel Financial Corp,Financials,402030,NYSE,MO,,2025-12-31,8.9,6347.533,5074.12,,,1273.413,1178.258,79.488,683.779,211.75,62.088,1117.029,41270.782,35293.465,2973.204,2950.655,5292.317,101.664,125.22,12730.366,0.2009,0.3371,1.4016
GLPI,Gaming & Leisure Pptys,Real Estate,601080,NASDAQ,PA,,2025-12-31,0.02,1623.548,321.272,72.152,0.0,,1230.124,389.669,825.111,871.872,0.0,1129.417,12909.609,7901.349,7507.431,224.314,4626.452,283.037,44.69,12648.924,-0.0083,0.1872,0.3263
AKAM,Akamai Technologies Inc,Information Technology,451020,NASDAQ,MA,1999-10-29,2025-12-31,11.382,4208.175,1246.41,1674.445,513.56,1287.32,628.242,32.402,452.031,0.0,819.5,1518.765,11479.643,6502.272,5675.388,1186.533,4977.371,144.711,87.25,12626.035,-0.0878,0.4173,1.1347
REG,Regency Centers Corp,Real Estate,601070,NASDAQ,FL,1993-10-29,2025-12-31,0.507,1694.715,874.894,99.407,0.0,,720.414,217.529,527.46,522.516,0.0,827.692,13001.283,5819.677,4981.669,120.661,6681.89,182.408,69.03,12591.624,-0.0278,0.195,0.5295
BNT,Brookfield Wealth Solutions,Financials,403010,NYSE,,2021-06-28,2025-12-31,4.0,11635.0,7409.0,1039.0,,3187.0,2175.0,379.0,766.0,0.0,69.0,2614.0,157181.0,139264.0,5690.0,15691.0,16252.0,272.687,45.95,12529.968,0.2072,0.3357,1.4268
WYNN,Wynn Resorts Ltd,Consumer Discretionary,253010,NASDAQ,NV,2002-10-25,2025-12-31,28.5,7137.924,4180.918,1217.989,0.0,1739.017,1118.384,682.956,327.334,104.583,660.433,1352.653,13108.117,14139.396,12292.054,2065.198,-275.492,103.99,120.33,12513.117,0.4103,0.4061,1.1911
CLH,Clean Harbors Inc,Industrials,202010,NYSE,MA,1987-11-24,2025-12-31,22.591,6030.837,4144.599,749.001,,1137.237,676.905,171.053,390.974,0.0,424.918,866.725,7624.056,4878.396,3265.014,953.678,2745.66,52.871,234.48,12397.192,0.0189,0.2683,0.7385
RNR,Renaissancere Holdings Ltd,Financials,403010,NYSE,,1995-07-26,2025-12-31,1.04,12790.246,8707.729,,,,4082.517,120.852,2682.334,74.843,0.0,3693.107,53800.39,34589.641,2477.027,8571.995,10858.657,43.962,281.16,12360.356,0.1373,0.2658,0.3724
SNX,Td Synnex Corp,Information Technology,452030,NYSE,CA,2003-11-25,2025-11-30,30.0,62508.086,58021.143,2650.625,,1836.318,1422.099,356.608,827.66,146.381,142.282,1531.704,34250.898,25800.469,5081.982,2435.389,8450.429,80.1,152.48,12213.648,0.2982,0.3278,0.9626
PEN,Penumbra Inc,Health Care,351010,NYSE,CA,2015-09-18,2025-12-31,4.7,1403.665,444.206,752.739,89.766,206.72,189.249,1.311,177.687,0.0,63.729,238.663,1826.519,398.916,219.699,544.816,1427.603,39.23,310.91,12196.999,0.3092,0.3964,0.6767
HST,Host Hotels & Resorts Inc,Real Estate,601030,NASDAQ,MD,,2025-12-31,0.162,6164.0,5159.0,124.0,0.0,,881.0,251.0,765.0,658.0,0.0,1510.0,13049.0,6317.0,5640.0,770.0,6558.0,687.8,17.73,12194.694,0.0726,0.2997,1.0137
DTM,Dt Midstream Inc,Energy,101020,NYSE,MI,,2025-12-31,0.588,1243.0,371.0,,,872.0,614.0,169.0,441.0,332.0,426.0,867.0,10080.0,5202.0,3372.0,54.0,4736.0,101.674,119.68,12168.344,0.2412,0.2878,0.7044
CHWY,Chewy Inc,Consumer Discretionary,255040,NYSE,FL,2019-06-14,2026-01-31,18.0,12601.5,8847.6,3370.3,0.0,383.6,254.3,4.6,222.8,0.0,129.2,691.6,3366.4,2868.5,556.8,878.8,497.9,415.125,29.11,12084.289,-0.0131,0.4257,0.7365
JOBY,Joby Aviation Inc,Industrials,203020,NYSE,CA,,2025-12-31,2.559,53.425,726.867,,581.101,-673.442,-713.6,0.396,-929.842,0.0,53.918,-509.893,1795.069,385.356,44.272,1408.136,1409.713,915.077,13.2,12079.016,0.6236,0.838,1.9264
BEN,Franklin Templeton Inc,Financials,402030,NYSE,CA,,2025-09-30,9.8,8661.3,7077.5,,,1583.8,1035.9,94.9,524.9,688.4,154.5,1066.1,32368.3,18179.5,13500.4,3573.9,12077.8,520.952,23.13,12049.62,0.2469,0.3096,1.0411
ZBRA,Zebra Technologies Cp  -Cl A,Information Technology,452030,NASDAQ,IL,1991-08-15,2025-12-31,10.7,5396.0,2732.0,1679.0,593.0,985.0,800.0,108.0,419.0,0.0,86.0,917.0,8502.0,4914.0,2697.0,125.0,3588.0,49.593,242.82,12042.172,-0.3713,0.4549,1.6698
UDR,Udr Inc,Real Estate,601060,NYSE,CO,,2025-12-31,1.426,1759.88,1278.924,85.104,0.0,395.852,379.201,205.19,377.704,568.406,36.084,902.887,10605.674,6456.911,6004.332,36.932,3245.269,328.273,36.68,12041.054,-0.1171,0.2274,0.588
AIZ,Assurant Inc,Financials,403010,NYSE,GA,2004-02-05,2025-12-31,14.8,12814.3,11301.7,,,1512.6,1243.7,109.7,872.7,168.4,235.5,1833.9,36289.6,30418.0,2280.8,2334.2,5871.6,49.793,240.85,11992.644,0.1471,0.2671,0.6591
BJ,Bjs Whsl Club Hldgs Inc,Consumer Staples,301010,NYSE,MA,2018-06-28,2026-01-31,35.0,21457.274,17172.958,3173.343,0.0,1110.973,820.679,42.566,578.377,0.025,702.048,1030.056,7510.475,5312.816,2738.331,46.245,2197.659,129.638,92.44,11983.737,0.0076,0.3072,-0.0655
WCC,Wesco Intl Inc,Industrials,201070,NYSE,PA,1999-05-12,2025-12-31,21.0,23510.9,18538.9,3541.4,,1430.6,1233.0,386.7,640.2,88.4,99.8,125.0,16494.9,11468.5,6732.5,604.8,5031.6,48.658,244.64,11903.693,0.3645,0.4243,1.5449
HRL,Hormel Foods Corp,Consumer Staples,302020,NYSE,MN,,2025-10-31,20.0,12106.16,9948.935,940.54,35.2,1216.685,960.657,78.038,478.197,637.789,310.901,845.251,13393.119,5477.304,3025.41,703.588,7901.171,550.107,21.59,11876.81,-0.2131,0.26,0.0758
CF,Cf Industries Holdings Inc,Materials,151010,NYSE,IL,2005-08-11,2025-12-31,2.9,7084.0,3436.0,339.0,,3309.0,2385.0,169.0,1455.0,326.0,950.0,2752.0,14088.0,6313.0,3636.0,1982.0,4838.0,153.552,77.34,11875.712,-0.072,0.3325,0.3971
JEF,Jefferies Financial Grp Inc,Financials,402030,NYSE,NY,,2025-11-30,7.787,10823.677,6211.399,,,4612.278,4386.478,3503.226,710.475,361.696,207.467,-1499.517,76012.347,65369.738,43734.083,23611.188,10574.641,206.296,57.56,11874.398,-0.1875,0.4679,1.7983
AGNC,Agnc Investment Corp,Financials,402040,NASDAQ,MD,2008-05-13,2025-12-31,0.054,5727.0,127.0,,0.0,5600.0,5600.0,3364.0,1670.0,1479.0,0.0,653.0,115077.0,102684.0,85342.0,1742.0,10425.0,1107.648,10.72,11873.987,0.3485,0.2081,0.6348
BF.B,Brown Forman Corp,Consumer Staples,302010,NYSE,KY,,2026-04-30,4.9,3928.0,1458.0,1269.0,,1201.0,1109.0,103.0,715.0,427.0,107.0,1000.0,7894.0,3874.0,2611.0,327.0,4020.0,458.703,25.77,11820.776,-0.2931,0.382,0.5702
GMED,Globus Medical Inc,Health Care,351010,NYSE,PA,2012-08-03,2025-12-31,6.0,2938.931,819.123,1247.089,147.246,872.719,594.906,6.977,537.868,0.0,164.679,753.447,5302.761,729.511,119.44,557.243,4573.25,135.055,87.31,11791.652,0.0556,0.5352,1.0301
CELH,Celsius Holdings Inc,Consumer Staples,302010,NASDAQ,FL,,2025-12-31,1.497,2515.269,1225.488,709.125,2.4,580.656,551.205,48.977,107.999,0.0,36.067,359.442,5119.621,2178.179,695.142,539.987,1181.467,256.906,45.74,11750.88,0.7365,0.6469,0.865
ELS,Equity Lifestyle Pptys Inc,Real Estate,601060,NYSE,IL,1993-02-24,2025-12-31,3.7,1537.902,959.936,53.579,0.0,,524.387,131.005,386.508,396.558,0.0,571.148,5745.393,3930.567,3345.577,26.132,1756.275,193.836,60.61,11748.4,-0.0594,0.1978,0.1627
BLD,Topbuild Corp,Consumer Discretionary,252010,NYSE,FL,,2025-12-31,14.707,5409.086,3650.418,741.883,,1016.785,851.046,103.768,521.727,0.0,59.431,756.319,6605.312,4289.152,3151.187,184.742,2316.16,28.069,417.19,11710.106,0.34,0.3876,0.9426
CCK,Crown Holdings Inc,Materials,151030,NYSE,FL,,2025-12-31,23.0,12365.0,9641.0,632.0,33.0,2092.0,1636.0,408.0,738.0,120.0,413.0,1530.0,14272.0,10792.0,6174.0,879.0,2999.0,113.422,102.97,11679.063,0.2587,0.2557,0.5407
IVZ,Invesco Ltd,Financials,402030,NYSE,GA,,2025-12-31,7.499,6377.1,5097.0,,,1280.1,1124.1,,-281.7,377.3,84.3,1525.3,27094.0,14089.1,9784.5,2108.0,9720.5,444.0,26.27,11663.88,0.5692,0.4003,1.4864
MRNA,Moderna Inc,Health Care,352010,NASDAQ,MA,2018-12-07,2025-12-31,4.7,1944.0,657.0,4150.0,3132.0,-2863.0,-3074.0,10.0,-2822.0,0.0,192.0,-1873.0,12338.0,3688.0,1305.0,5800.0,8650.0,394.0,29.49,11619.06,-0.2908,0.6778,1.2664
FHN,First Horizon Corp,Financials,401010,NYSE,TN,,2025-12-31,7.404,4983.0,1629.0,1344.0,,2010.0,1916.0,,982.0,307.0,33.0,628.0,83876.0,74734.0,4945.0,2720.0,8498.0,484.825,23.9,11587.318,0.2212,0.3252,1.1582
GIL,Gildan Activewear Inc,Consumer Discretionary,252030,NYSE,QC,1998-06-10,2025-12-31,80.0,3619.236,2306.403,386.551,,926.282,778.716,142.459,398.879,135.238,106.436,606.315,10465.237,6903.016,4706.281,284.458,3562.221,185.152,62.46,11564.594,0.3507,0.3283,0.9115
BSY,Bentley Systems Inc,Information Technology,451030,NASDAQ,PA,2020-09-23,2025-12-31,5.8,1501.779,250.135,821.631,307.576,430.013,369.85,18.17,277.861,84.963,18.255,538.464,3555.167,2365.675,1284.731,123.278,1189.413,302.355,38.165,11539.379,-0.1778,0.2778,0.7645
OKLO,Oklo Inc,Utilities,551010,NYSE,CA,2021-07-08,2025-12-31,0.205,0.0,138.25,,,-138.25,-138.772,0.0,-105.663,0.0,33.205,-82.174,1528.457,52.247,1.45,1227.971,1476.21,160.514,71.76,11518.485,2.3801,1.2224,2.5309
SWK,Stanley Black & Decker Inc,Industrials,201060,NYSE,CT,,2025-12-31,43.5,15130.4,10130.7,3252.7,321.4,1747.0,1234.6,516.3,401.9,500.6,283.3,971.2,21243.7,12189.1,6340.4,287.4,9054.6,155.036,74.28,11516.074,-0.0314,0.4509,1.5779
HAS,Hasbro Inc,Consumer Discretionary,252020,NASDAQ,RI,,2025-12-31,4.52,4701.3,1631.4,1837.6,385.6,1232.3,1096.8,163.4,-322.4,397.7,63.3,893.2,5552.0,4986.5,3396.3,882.0,538.5,140.385,82.0,11511.57,0.5254,0.3525,1.0595
EXEL,Exelixis Inc,Health Care,352010,NASDAQ,CA,2000-04-07,2025-12-31,1.077,2320.126,54.642,1343.728,825.001,921.756,892.701,0.0,782.57,0.0,8.429,884.267,2844.423,683.104,200.92,1059.091,2161.319,262.483,43.83,11504.63,0.3162,0.4499,0.5627
CNH,Cnh Industrial Nv,Industrials,201060,NYSE,,2013-09-30,2025-12-31,34.197,15346.0,11957.0,2729.0,1025.0,660.0,31.0,1482.0,510.0,313.0,1198.0,2538.0,42747.0,34922.0,27125.0,3229.0,7730.0,1242.065,9.22,11451.839,-0.1704,0.3568,1.0653
CDE,Coeur Mining Inc,Materials,151040,NYSE,IL,,2025-12-31,2.62,2070.126,804.96,159.809,,1105.357,834.561,32.025,585.872,0.0,221.162,886.879,4695.682,1382.631,358.962,553.597,3313.051,642.093,17.83,11448.518,2.1171,0.6837,1.2427
SWKS,Skyworks Solutions Inc,Information Technology,453010,NASDAQ,CA,1968-03-13,2025-09-30,10.0,4086.9,1899.5,1134.3,785.5,1053.1,590.1,27.1,477.1,432.6,195.0,1300.8,7917.0,2159.9,1203.1,1374.2,5757.1,148.7,76.98,11446.926,-0.2551,0.5046,1.7024
MOD,Modine Manufacturing Co,Industrials,201020,NYSE,WI,,2026-03-31,13.2,3181.1,2369.0,360.1,29.3,452.0,372.3,31.6,121.5,0.0,143.3,248.7,2674.6,1471.8,580.1,73.7,1194.5,52.8,216.71,11442.288,0.1516,0.7006,2.0792
BMRN,Biomarin Pharmaceutical Inc,Health Care,352010,NASDAQ,CA,1999-07-23,2025-12-31,3.221,3221.253,717.442,1666.484,921.93,837.327,769.441,10.899,348.901,0.0,103.038,827.994,7594.022,1507.023,642.873,1560.609,6086.999,192.3,59.43,11428.389,-0.0958,0.3552,0.7397
AFG,American Financial Group Inc,Financials,403010,NYSE,OH,,2025-12-31,8.5,8117.0,6935.0,,,1182.0,1096.0,80.0,842.0,608.0,135.0,1533.0,32642.0,27822.0,2036.0,2444.0,4820.0,83.422,136.68,11402.119,0.0546,0.2373,0.491
BLDR,Builders Firstsource,Industrials,201020,NYSE,TX,2005-06-22,2025-12-31,28.0,15190.638,10476.629,3329.001,,1385.008,793.576,273.694,435.199,0.0,362.602,1215.886,11237.53,6885.279,5100.271,181.753,4352.251,110.585,102.89,11378.091,-0.2801,0.4589,1.0672
RBRK,Rubrik Inc,Information Technology,451030,NYSE,CA,2024-04-25,2026-01-31,3.797,1316.191,224.762,1399.73,373.682,-308.301,-345.416,17.227,-348.828,0.0,45.068,282.908,2766.536,3286.098,1167.683,1675.775,-519.562,202.242,55.95,11315.44,0.1701,0.6684,1.8343
GEN,Gen Digital Inc,Information Technology,451030,NASDAQ,AZ,1989-06-23,2026-03-31,3.9,5000.0,802.0,1874.0,409.0,2324.0,1831.0,569.0,973.0,314.0,22.0,1545.0,15589.0,12978.0,8260.0,411.0,2611.0,598.0,18.83,11260.34,0.0107,0.2689,0.8697
ELAN,Elanco Animal Hlth Inc,Health Care,352020,NYSE,IN,2018-09-20,2025-12-31,9.9,4715.0,2018.0,1796.0,368.0,901.0,252.0,200.0,-232.0,0.0,276.0,560.0,13358.0,6811.0,4445.0,545.0,6547.0,496.975,22.63,11246.544,0.8687,0.4994,1.2757
ORI,Old Republic Intl Corp,Financials,403010,NYSE,IL,,2025-12-31,9.5,9136.1,7846.4,,,1289.7,1254.3,70.5,935.4,897.4,0.0,1164.2,29862.7,23934.3,1782.4,3234.3,5914.0,246.355,45.64,11243.642,0.3744,0.2173,0.4494
NYT,New York Times Co  -Cl A,Communication Services,502010,NYSE,NY,,2025-12-31,6.0,2824.918,1389.713,900.672,264.347,534.533,449.526,1.167,343.981,118.584,33.984,584.489,2997.09,955.727,48.721,642.157,2041.363,161.83,69.42,11234.239,0.3506,0.2819,0.4244
DOC,Healthpeak Properties Inc,Real Estate,601050,NYSE,CO,1985-05-23,2025-12-31,0.411,2648.528,2187.071,97.936,0.0,,363.521,388.499,71.347,849.988,0.0,1251.959,20336.018,12033.567,10144.154,537.702,7500.094,695.037,16.08,11176.195,-0.1517,0.2376,0.4752
ALGN,Align Technology Inc,Health Care,351010,NASDAQ,AZ,2001-01-26,2025-12-31,20.29,4034.964,965.529,2122.275,369.911,947.16,709.724,,410.351,0.0,102.445,593.223,6233.693,2184.546,114.446,1094.908,4049.147,71.364,156.15,11143.489,-0.2511,0.5269,1.2347
CMA,Comerica Inc,Financials,401010,NYSE,TX,,2025-12-31,7.876,4798.0,1532.0,1685.0,,1581.0,1581.0,,723.0,,,,80074.0,72367.0,5424.0,7497.0,7315.0,127.981,86.93,11125.388,0.4678,0.3389,1.0928
EPAM,Epam Systems Inc,Information Technology,451020,NYSE,PA,2012-02-08,2025-12-31,62.85,5457.056,3881.571,867.149,,708.336,583.869,,377.678,0.0,42.243,654.934,4902.136,1224.328,143.704,1297.414,3677.226,54.274,204.88,11119.657,-0.1238,0.4091,1.2505
GL,Globe Life Inc,Financials,403010,NYSE,TX,,2025-12-31,3.695,5994.318,4370.069,,,1624.249,1594.249,141.221,1161.238,87.275,142.484,1396.391,30813.692,24839.113,2625.449,581.569,5974.579,79.093,139.86,11061.947,0.2648,0.2568,0.7264
PCOR,Procore Technolgy Inc,Information Technology,451030,NYSE,CA,2021-05-20,2025-12-31,4.421,1322.509,174.908,1155.113,362.373,-7.512,-117.766,1.153,-100.783,0.0,18.1,300.27,2239.065,976.803,79.202,769.097,1262.262,151.709,72.74,11035.313,-0.0292,0.4534,1.4768
EQX,Equinox Gold Corp,Materials,151040,NYSE American,BC,,2025-12-31,5.219,1817.195,794.389,182.865,,839.941,487.868,186.817,221.471,0.0,692.346,818.345,10535.395,4740.088,1835.267,572.038,5795.307,785.632,14.04,11030.273,1.7968,0.524,0.401
TXRH,Texas Roadhouse Inc,Consumer Discretionary,253010,NASDAQ,KY,2004-10-05,2025-12-31,101.0,5878.075,4941.516,255.179,0.0,681.38,474.74,,405.554,180.262,387.996,730.067,3549.472,2067.77,976.761,134.709,1460.82,65.944,166.0,10946.704,-0.0656,0.2834,0.7068
CART,Maplebear Inc,Consumer Staples,301010,NASDAQ,CA,2023-09-19,2025-12-31,3.6,3742.0,915.0,2176.0,650.0,651.0,560.0,0.0,447.0,0.0,61.0,971.0,3687.0,974.0,36.0,859.0,2518.0,242.867,44.98,10924.158,0.0859,0.4425,0.6562
DY,Dycom Industries Inc,Industrials,201030,NYSE,FL,,2026-01-31,19.556,5545.912,4405.795,426.726,,713.391,443.825,66.512,281.189,0.0,240.791,642.503,5979.182,4120.046,2992.006,710.537,1859.136,29.97,364.39,10920.768,0.9413,0.3966,1.0439
RNAM,Avidity Bioscience Inc,Health Care,352010,NASDAQ,CA,2020-06-12,2025-12-31,0.511,18.755,724.647,,559.159,-705.892,-710.043,0.0,-684.631,0.0,17.385,-650.441,1958.05,269.45,49.251,1696.869,1688.6,151.205,72.13,10906.417,1.4804,0.7664,1.0634
DT,Dynatrace Inc,Information Technology,451030,NYSE,MA,2019-08-01,2026-03-31,5.6,2018.387,348.201,1382.215,474.312,287.971,263.912,0.8,162.669,0.0,32.173,561.85,4415.725,1804.335,164.324,1172.101,2611.39,294.653,36.98,10896.268,-0.2026,0.3268,0.9986
SCI,Service Corp International,Consumer Discretionary,253020,NYSE,TX,,2025-12-31,25.187,4309.234,2933.136,159.758,,1216.34,980.316,255.372,542.614,183.571,458.451,942.798,18654.512,17015.671,5216.772,245.812,1638.271,139.678,77.97,10890.694,-0.0069,0.2269,0.2699
RVTY,Revvity Inc,Health Care,352030,NYSE,MA,,2025-12-31,11.0,2856.051,1080.846,934.215,215.84,840.99,435.65,92.185,241.201,32.11,73.522,582.933,12168.411,4918.051,3398.207,919.866,7250.36,112.281,96.75,10863.187,-0.1307,0.3824,1.114
WTRG,Essential Utilities Inc,Utilities,551040,NYSE,PA,,2025-12-31,3.303,2474.615,1136.193,,,1338.422,920.951,329.081,616.369,284.38,1429.98,1010.459,19464.845,12607.389,8335.893,34.778,6857.456,283.083,38.36,10859.064,0.0943,0.2247,-0.1039
CFLT,Confluent Inc,Information Technology,451030,NASDAQ,CA,2021-06-24,2025-12-31,3.241,1166.748,270.139,1204.616,481.706,-308.007,-337.777,3.839,-295.275,0.0,26.155,64.274,2985.27,1816.131,1105.371,2053.972,1169.139,356.138,30.24,10769.613,0.0816,0.7344,1.5626
MKSI,Mks Inc,Information Technology,453010,NASDAQ,MA,1999-03-26,2025-12-31,10.3,3931.0,1997.0,1023.0,299.0,911.0,567.0,212.0,295.0,59.0,148.0,645.0,8796.0,6077.0,4478.0,675.0,2719.0,67.2,159.8,10738.56,0.5435,0.6296,2.4617
PNW,Pinnacle West Capital Corp,Utilities,551010,NYSE,AZ,,2025-12-31,6.61,5339.939,3356.966,,,1982.973,1067.63,469.701,616.531,432.671,2672.351,1805.095,30031.599,22944.524,14299.632,6.604,7046.458,120.904,88.7,10724.185,0.0887,0.1685,0.185
GME,Gamestop Corp,Consumer Discretionary,255040,NYSE,TX,2002-02-13,2026-01-31,20.0,3629.9,2433.7,887.2,0.0,309.0,289.5,,418.4,0.0,17.5,592.3,10388.4,4944.0,4361.9,9017.5,5444.4,448.3,23.88,10705.404,-0.3513,0.5568,0.7021
BXP,Bxp Inc,Real Estate,601040,NYSE,MA,1997-06-18,2025-12-31,0.826,3417.148,2384.942,171.467,0.0,,860.739,703.764,276.8,532.22,0.0,1245.157,26166.164,18473.924,17358.735,1557.266,5147.19,158.548,67.48,10698.819,-0.0473,0.3092,0.887
AR,Antero Resources Corp,Energy,101020,NYSE,CO,2013-10-10,2025-12-31,0.632,5275.823,3345.891,235.615,,1694.317,911.392,83.682,634.418,0.0,820.122,1630.93,13245.407,5529.758,3526.52,210.0,7550.827,308.51,34.46,10631.255,-0.0168,0.4426,1.1117
CR,Crane Co,Industrials,201060,NYSE,CT,,2025-12-31,7.1,2305.0,1282.0,551.5,47.8,471.5,421.3,11.3,366.6,52.9,53.5,394.8,3853.4,1790.0,1216.2,1729.8,2061.1,57.608,184.43,10624.643,0.2218,0.323,1.2023
EHC,Encompass Health Corp,Health Care,351020,NYSE,AL,1986-09-24,2025-12-31,42.3,5935.2,4318.0,236.2,0.0,1381.0,1053.1,140.8,566.2,73.3,736.4,1175.6,7089.7,3813.9,2713.9,145.1,2438.2,99.997,106.14,10613.682,0.1568,0.2648,0.4703
FIVE,Five Below Inc,Consumer Discretionary,255040,NASDAQ,PA,2012-07-19,2026-01-31,24.6,4764.147,3043.354,1056.249,0.0,664.544,472.421,,358.641,0.0,174.741,586.428,4937.019,2743.729,2032.189,932.207,2193.29,55.229,191.64,10584.086,0.7946,0.5767,1.6963
PR,Permian Resources Corp,Energy,101020,NYSE,TX,2016-02-24,2025-12-31,0.515,5065.211,1343.477,218.513,,3503.221,1462.729,283.062,935.174,449.569,3050.155,3607.541,17912.185,6378.302,3696.509,153.69,10278.274,751.746,14.03,10546.996,0.0182,0.4414,1.3445
FN,Fabrinet,Information Technology,452030,NYSE,,2010-06-25,2025-06-30,16.457,3419.327,2952.545,87.466,,379.316,325.883,0.0,332.527,0.0,121.078,328.365,2831.432,849.62,5.471,934.244,1981.812,35.728,294.68,10528.327,1.0706,0.6331,1.9238
TEM,Tempus Ai Inc,Health Care,352030,NASDAQ,IL,2024-06-14,2025-12-31,3.8,1271.789,387.875,1029.862,319.031,-145.948,-248.272,70.267,-245.028,0.0,21.049,-218.09,2274.838,1783.512,1327.13,754.998,491.326,178.096,59.05,10516.569,0.7491,0.9504,2.5604
CACI,Caci Intl Inc  -Cl A,Industrials,202020,NYSE,VA,1968-08-15,2025-06-30,25.0,8627.824,5835.558,1821.956,,970.31,775.185,158.844,499.83,0.0,65.603,547.009,8647.598,4753.653,3335.029,106.181,3893.945,21.992,476.7,10483.586,0.3186,0.3479,0.3187
SJM,Smucker (Jm) Co,Consumer Staples,302020,NYSE,OH,,2026-04-30,8.0,9050.9,5671.1,1496.6,55.2,1883.2,1393.4,381.2,-138.7,467.0,317.4,1473.6,16219.4,10675.6,7129.8,66.0,5543.8,106.662,98.03,10456.076,-0.0756,0.2958,0.2175
JAZZ,Jazz Pharmaceuticals Plc,Health Care,352020,NASDAQ,,2007-06-01,2025-12-31,2.89,4267.586,313.712,2238.201,1730.598,1715.673,1019.376,280.851,-356.148,0.0,58.752,1355.773,11659.34,7340.756,5427.306,2441.899,4318.529,61.435,170.0,10443.95,0.3804,0.3946,0.7468
NVMI,Nova Ltd,Information Technology,453010,NASDAQ,,2000-04-07,2025-12-31,1.612,880.577,351.486,250.14,143.392,278.951,256.585,2.316,259.223,0.0,27.698,245.613,2360.546,1042.298,799.155,1048.51,1318.248,31.78,328.39,10436.234,0.6674,0.5474,1.8277
PAG,Penske Automotive Group Inc,Consumer Discretionary,255040,NYSE,MI,1996-10-23,2025-12-31,27.7,31808.5,26591.5,3760.6,,1456.4,1284.1,262.2,935.4,343.8,324.6,975.1,17597.7,12016.8,8822.8,64.7,5562.4,65.76,158.29,10409.15,0.071,0.2772,0.7294
GAP,Gap Inc,Consumer Discretionary,255040,NYSE,CA,,2026-01-31,79.0,15366.0,8602.0,5153.0,60.0,1611.0,1115.0,97.0,816.0,247.0,470.0,1293.0,12632.0,8831.0,5611.0,3002.0,3801.0,372.0,27.98,10408.56,0.1159,0.5653,1.4612
DOCU,Docusign Inc,Information Technology,451030,NASDAQ,CA,2018-04-27,2026-01-31,7.044,3219.5,558.189,2246.651,664.985,414.66,298.579,2.546,309.085,0.0,106.445,1165.007,4229.55,2311.73,185.119,867.007,1917.82,197.765,52.54,10390.573,-0.2395,0.4711,1.2482
MANH,Manhattan Associates Inc,Information Technology,451030,NASDAQ,GA,1998-04-22,2025-12-31,4.37,1081.392,472.339,316.581,145.062,292.472,286.155,0.0,219.948,0.0,15.457,389.47,839.388,524.623,61.063,328.747,314.765,59.845,173.31,10371.737,-0.3587,0.4471,1.2973
AES,Aes Corp (The),Utilities,551050,NYSE,VA,1991-06-25,2025-12-31,8.336,12233.0,8558.0,227.0,,3448.0,2024.0,1928.0,910.0,498.0,5929.0,4385.0,51768.0,39839.0,30943.0,2247.0,4063.0,712.202,14.34,10212.977,0.1822,0.4935,1.0729
COKE,Coca Cola Consolidated Inc,Consumer Staples,302010,NASDAQ,NC,,2025-12-31,17.0,7228.055,4160.612,1895.193,,1172.25,950.656,102.9,570.582,86.673,312.315,931.904,4302.998,5042.721,2907.241,281.918,-739.723,66.564,153.3,10204.261,0.2262,0.322,0.3858
PEGA,Pegasystems Inc,Information Technology,451030,NASDAQ,MA,1996-07-18,2025-12-31,5.598,1745.812,409.053,1038.67,312.681,298.089,284.39,1.285,393.437,17.949,14.504,505.227,1631.844,844.463,75.967,427.376,787.381,170.347,59.72,10173.123,0.2839,0.5568,1.3989
NCLH,Norwegian Cruise Line Hldgs,Consumer Discretionary,253010,NYSE,FL,2013-01-18,2025-12-31,44.5,9827.592,5639.163,1548.806,,2639.623,1655.969,769.543,423.246,0.0,3259.606,2089.746,22541.401,20331.513,15536.139,209.893,2209.888,455.257,22.32,10161.336,-0.1325,0.5209,1.7135
WBS,Webster Financial Corp,Financials,401010,NYSE,CT,,2025-12-31,4.601,4413.26,1733.614,1089.778,,1589.868,1516.522,,1002.802,267.566,49.566,1058.136,84073.663,74581.427,4519.652,2449.525,9208.257,161.216,62.94,10146.935,0.1727,0.358,1.3505
AAL,American Airlines Group Inc,Industrials,203020,NASDAQ,TX,,2025-12-31,139.1,54633.0,41940.0,8845.0,,3848.0,1629.0,1716.0,111.0,0.0,3779.0,3099.0,61774.0,65501.0,36884.0,6571.0,-3727.0,660.301,15.33,10122.414,-0.1205,0.549,1.724
ENSG,Ensign Group Inc,Health Care,351020,NASDAQ,CA,2007-11-09,2025-12-31,46.0,5057.841,4244.177,269.82,0.0,543.844,439.517,7.988,343.971,14.596,193.557,564.27,5462.97,3228.146,2205.785,572.387,2231.725,58.085,174.2,10118.407,0.3133,0.2611,0.4587
ARMK,Aramark,Consumer Discretionary,253010,NYSE,PA,2013-12-12,2025-09-30,278.39,18506.299,16961.855,278.439,0.0,1266.005,839.405,356.05,326.394,112.82,489.24,921.035,13304.629,10142.44,5721.986,707.144,3148.059,262.899,38.4,10095.322,-0.0008,0.287,0.8263
CNM,Core & Main Inc,Industrials,201070,NYSE,MO,2021-07-23,2026-01-31,5.6,7647.0,5585.0,1154.0,,908.0,722.0,120.0,441.0,0.0,46.0,650.0,6085.0,4011.0,2437.0,220.0,1997.0,188.77,53.36,10072.767,0.0208,0.4093,0.9841
LSCC,Lattice Semiconductor Corp,Information Technology,453010,NASDAQ,OR,1989-11-08,2025-12-31,1.174,523.262,146.419,329.429,187.983,47.414,25.268,,3.084,0.0,42.527,175.107,883.12,169.066,42.107,133.886,714.054,136.771,73.58,10063.61,0.2988,0.5838,2.1124
PCTY,Paylocity Holding Corp,Industrials,202020,NASDAQ,IL,2014-03-19,2025-06-30,6.7,1471.801,400.174,780.205,205.851,291.422,191.786,13.053,227.127,0.0,13.073,418.226,4389.428,3155.681,217.893,398.07,1233.747,55.366,181.19,10031.766,-0.2355,0.2912,0.8321
SEIC,Sei Investments Co,Financials,402030,NASDAQ,PA,,2025-12-31,5.029,2297.381,1587.123,,,710.258,633.765,0.609,715.305,125.503,22.644,607.662,3259.844,556.068,28.562,399.804,2447.784,122.232,82.02,10025.469,0.0064,0.2414,0.9774
AYI,Acuity Inc,Industrials,201040,NYSE,GA,,2025-08-31,13.8,4345.6,2180.9,1384.6,140.2,780.1,647.0,42.5,396.6,20.6,68.4,601.4,4755.2,2030.3,1004.4,422.5,2724.9,30.7,326.47,10022.629,0.2354,0.3203,1.1808
HLI,Houlihan Lokey Inc,Financials,402030,NYSE,CA,2015-08-13,2026-03-31,2.8,2617.516,2020.508,,,597.008,554.374,,425.697,175.335,22.312,704.131,4308.955,1856.024,492.108,1193.868,2342.377,69.486,143.62,9979.579,0.0165,0.2889,0.9976
SPXC,Spx Technologies Inc,Industrials,201060,NYSE,NC,,2025-12-31,4.7,2265.1,1310.7,443.4,54.0,511.0,388.4,48.1,244.0,0.0,92.1,333.3,3604.6,1367.1,577.4,364.0,2237.5,49.867,200.06,9976.392,0.3748,0.3824,1.2004
OWL,Blue Owl Capital Inc,Financials,402030,NYSE,NY,,2025-12-31,1.365,2915.362,1994.567,,,920.795,538.397,163.755,78.833,546.657,57.748,1256.032,12467.684,6413.485,3862.573,194.512,2205.274,667.278,14.94,9969.133,-0.3281,0.4561,1.6947
WMS,Advanced Drainage Systems,Industrials,201020,NYSE,OH,2014-07-25,2026-03-31,6.425,3050.376,1716.721,416.28,,917.375,703.544,93.869,426.465,56.163,249.766,819.054,4505.623,2549.659,1846.093,223.012,1858.734,72.654,137.13,9963.043,0.2597,0.4004,1.0817
OVV,Ovintiv Inc,Energy,101020,NYSE,CO,,2025-12-31,1.465,8908.0,5239.0,319.0,,3350.0,1143.0,376.0,1242.0,308.0,4684.0,3652.0,20390.0,9195.0,6424.0,280.0,11195.0,253.3,39.19,9926.827,-0.0034,0.4558,1.4167
RMBS,Rambus Inc,Information Technology,453010,NASDAQ,CA,1997-05-14,2025-12-31,0.791,707.63,102.426,302.892,187.708,302.312,260.323,1.373,230.455,0.0,26.842,360.019,1529.545,165.12,24.981,761.831,1364.425,107.782,91.89,9904.088,0.7384,0.6415,2.2436
KVYO,Klaviyo Inc,Information Technology,451030,NYSE,MA,2023-09-20,2025-12-31,2.368,1234.019,293.925,985.03,291.209,-44.936,-63.534,0.0,-31.768,0.0,28.465,218.007,1580.604,384.044,120.748,1065.613,1196.56,304.162,32.47,9876.14,-0.2127,0.5378,1.4882
AVAV,Aerovironment Inc,Industrials,201010,NASDAQ,VA,2007-01-23,2026-04-30,4.091,1976.845,1236.389,522.876,127.678,217.58,-22.234,24.077,-265.122,0.0,62.544,-78.404,5716.742,1316.342,834.789,632.297,4400.4,50.611,195.02,9870.157,0.5718,0.5806,1.1161
GTLS,Chart Industries Inc,Industrials,201060,NYSE,GA,1992-12-03,2025-12-31,11.777,4264.0,2739.2,619.1,41.9,905.7,624.4,315.5,40.7,0.0,89.9,292.7,9806.4,6430.7,3679.9,369.8,3230.3,47.797,206.23,9857.175,0.0806,0.5012,1.6564
BAX,Baxter International Inc,Health Care,351010,NYSE,IL,,2025-12-31,37.5,11244.0,6447.0,3016.0,518.0,1781.0,800.0,304.0,-957.0,267.0,513.0,845.0,20055.0,13953.0,9780.0,1968.0,6129.0,514.281,19.11,9827.91,-0.3328,0.431,0.8634
CRL,Charles River Labs Intl Inc,Health Care,352030,NYSE,MA,2000-06-23,2025-12-31,19.7,4015.382,2442.146,714.42,,858.816,573.15,107.029,-144.338,0.0,219.152,737.646,7135.422,3924.228,2631.465,214.436,3164.63,49.217,199.48,9817.807,0.0806,0.5409,1.3443
TPG,Tpg Inc,Financials,402030,NASDAQ,TX,2022-01-13,2025-12-31,1.9,4670.212,3817.354,,,852.858,708.316,112.111,184.588,289.209,28.802,1032.395,13492.935,9356.56,2415.335,839.271,1184.993,153.114,63.84,9774.798,0.0516,0.4147,1.5774
AMKR,Amkor Technology Inc,Information Technology,453010,NASDAQ,AZ,1998-04-29,2025-12-31,30.8,6707.981,5127.861,503.614,166.743,1076.506,434.985,75.444,373.895,81.989,904.614,1095.606,8136.309,3630.022,1666.016,1991.385,4471.106,247.303,39.48,9763.522,0.5586,0.5903,1.9888
QGEN,Qiagen Nv,Health Care,352030,NYSE,,1996-06-28,2025-12-31,5.654,2089.999,600.122,771.185,187.516,718.692,552.551,-8.005,424.88,54.243,201.049,654.326,6281.232,2503.078,1812.372,1121.448,3778.154,216.921,44.97,9754.937,0.0161,0.2553,0.5377
IAG,Iamgold Corp,Materials,151040,NYSE,ON,1996-03-08,2025-12-31,4.596,2852.8,1237.9,82.9,,1532.0,1105.8,142.3,664.4,0.0,336.2,1142.6,5852.5,1606.6,761.8,422.9,4191.4,591.1,16.49,9747.239,2.1957,0.5608,0.687
KRMN,Karman Holdings Inc,Industrials,201010,NYSE,CA,2025-02-13,2025-12-31,1.4,471.5,277.302,85.656,,108.542,72.942,42.067,17.366,,20.336,-22.119,1104.096,721.405,587.308,33.959,382.691,132.322,73.17,9682.001,1.4349,0.6032,1.3287
SARO,Standardaero Inc,Industrials,201010,NYSE,AZ,2024-10-02,2025-12-31,8.0,6062.513,5070.077,250.703,,741.733,548.069,174.217,277.417,0.0,82.408,316.705,6557.411,3890.1,2449.278,289.717,2667.311,334.294,28.68,9587.552,0.1583,0.3583,1.1305
CPB,Campbell'S Co (The),Consumer Staples,302020,NASDAQ,NJ,,2025-07-31,13.7,10253.0,6716.0,1625.0,100.0,1912.0,1478.0,353.0,602.0,460.0,426.0,1131.0,14896.0,10992.0,7212.0,132.0,3902.0,298.0,31.92,9512.16,-0.3048,0.2772,0.1673
EGP,Eastgroup Properties,Real Estate,601025,NYSE,MS,,2025-12-31,0.104,720.473,409.814,23.96,0.0,,286.699,53.843,257.402,313.183,0.0,480.734,5431.807,1935.219,1666.035,1.007,3496.201,53.349,178.14,9503.591,0.1484,0.2301,0.6676
DDS,Dillards Inc  -Cl A,Consumer Discretionary,255030,NYSE,AR,,2026-01-31,29.1,6563.336,3916.862,1778.459,0.0,868.015,688.674,41.582,570.187,485.584,93.382,717.008,3505.023,1726.053,557.562,1072.957,1778.97,15.617,607.56,9488.265,0.4696,0.4418,1.1035
WLK,Westlake Corp,Materials,151010,NYSE,TX,2004-08-11,2025-12-31,14.6,11170.0,9553.0,900.0,,717.0,-204.0,181.0,-1508.0,272.0,995.0,465.0,19961.0,10666.0,6438.0,2928.0,8792.0,127.911,73.94,9457.739,-0.3378,0.4564,1.2082
MGM,Mgm Resorts International,Consumer Discretionary,253010,NYSE,NV,,2025-12-31,78.0,17537.683,9747.552,5518.612,0.0,2271.519,1253.725,421.143,211.257,0.0,1068.927,2529.378,41373.786,38097.468,31553.854,2273.153,2429.917,258.323,36.49,9426.206,0.0531,0.4241,1.3539
STRL,Sterling Infrastructure Inc,Industrials,201030,NASDAQ,TX,,2025-12-31,4.4,2490.049,1862.809,154.814,,472.426,395.312,19.786,290.153,0.0,77.312,439.988,2633.831,1527.396,349.914,390.721,1108.517,30.682,306.23,9395.749,0.8179,0.6415,1.8221
BAH,Booz Allen Hamilton Hldg Cp,Industrials,202020,NYSE,VA,2010-11-17,2026-03-31,31.5,11217.0,8709.0,1251.0,,1257.0,1094.0,212.0,851.0,277.0,90.0,1041.0,7118.0,6013.0,4122.0,728.0,1105.0,120.341,78.03,9390.208,-0.3301,0.3706,0.3167
QBTS,Dwave Quantum Inc,Information Technology,451030,NASDAQ,CA,2020-10-21,2025-12-31,0.388,24.587,4.21,119.182,50.734,-98.805,-100.368,4.013,-355.062,0.0,3.862,-71.982,915.813,63.583,43.457,884.481,852.23,358.742,26.15,9381.103,2.1131,1.4604,2.2899
UHAL,U-Haul Holding Co,Industrials,203040,NYSE,NV,,2026-03-31,34.7,6037.819,4309.566,,,1728.253,337.344,376.654,83.128,35.294,3154.325,1794.584,21502.789,13891.138,8124.331,1253.094,7611.651,196.078,47.78,9368.607,-0.2704,0.27,0.7919
WTFC,Wintrust Financial Corp,Financials,401010,NASDAQ,IL,,2025-12-31,5.902,4229.973,1599.534,1097.574,,1532.865,1532.865,,823.844,133.779,49.951,910.348,71142.046,63883.331,4624.214,3648.491,6833.715,66.975,139.82,9364.444,0.1393,0.3171,1.1893
BWA,Borgwarner Inc,Consumer Discretionary,251010,NYSE,MI,1993-08-12,2025-12-31,37.5,14323.0,10935.0,1304.0,710.0,2084.0,1365.0,110.0,277.0,119.0,469.0,1648.0,13769.0,8155.0,4057.0,2313.0,5442.0,207.057,45.06,9329.988,0.439,0.3011,0.8772
SSB,South State Bank Corp,Financials,401010,NYSE,FL,1997-01-28,2025-12-31,6.393,3527.963,1195.948,958.276,,1373.739,1216.144,,798.667,230.203,70.255,300.846,67197.412,58138.304,1840.028,3172.483,9059.108,99.138,94.11,9329.877,-0.0306,0.3015,1.0032
RRX,Regal Rexnord Corp,Industrials,201040,NYSE,WI,1987-03-27,2025-12-31,29.2,5934.5,3188.5,1478.0,198.7,1268.0,767.4,349.2,279.5,93.0,97.7,990.8,13921.0,7067.7,4941.2,521.7,6844.1,66.4,140.32,9317.248,-0.086,0.4644,1.5447
AXSM,Axsome Therapeutics Inc,Health Care,352020,NASDAQ,NY,2015-11-19,2025-12-31,0.925,638.496,47.478,748.539,183.279,-157.521,-166.585,15.928,-183.174,0.0,0.48,-93.405,689.805,601.51,218.113,322.933,88.295,50.883,182.64,9293.271,1.1586,0.4958,0.6559
SITM,Sitime Corp,Information Technology,453010,NASDAQ,CA,2019-11-21,2025-12-31,0.441,326.66,120.742,226.14,118.893,-20.222,-60.411,0.0,-42.903,0.0,52.028,87.154,1294.699,138.517,3.61,808.407,1156.182,26.299,353.19,9288.544,0.6463,0.8436,2.6583
MTSI,Macom Technlgy Sol Hldgs Inc,Information Technology,453010,NASDAQ,MA,2012-03-15,2025-09-30,2.0,967.258,389.945,376.79,244.466,200.523,134.728,5.516,-54.21,0.0,71.301,235.368,2103.36,776.265,603.452,785.975,1327.095,74.478,124.49,9271.766,0.3185,0.5141,1.8095
AOS,Smith (A.O.),Industrials,201020,NYSE,WI,1983-09-30,2025-12-31,11.5,3830.2,2257.7,759.4,95.0,813.1,728.0,13.5,546.2,195.7,70.8,616.8,3142.8,1284.8,202.9,193.2,1858.0,138.542,66.88,9265.689,0.0006,0.2441,0.5647
TIGO,Millicom Intl Cellular Sa,Communication Services,501020,NASDAQ,,1994-02-28,2025-12-31,14.962,5819.0,1311.0,1758.0,0.0,2750.0,1470.0,702.0,1316.0,1048.0,650.0,1734.0,17253.0,13632.0,9471.0,1602.0,3641.0,167.094,55.44,9263.691,1.5211,0.3192,0.1923
PPC,Pilgrim'S Pride Corp,Consumer Staples,302020,NASDAQ,CO,1986-11-14,2025-12-31,63.0,18497.553,15683.253,550.591,17.9,2263.709,1807.552,160.815,1082.359,1994.347,711.066,1371.65,10343.53,6649.799,3352.982,640.235,3680.05,237.547,38.99,9261.958,0.0079,0.3152,-0.0008
RGEN,Repligen Corp,Health Care,352030,NASDAQ,MA,,2025-12-31,2.0,738.256,267.608,325.873,54.177,144.775,66.029,23.173,48.894,0.0,25.73,117.417,2949.699,843.57,689.948,767.628,2106.129,56.325,163.86,9229.414,0.1384,0.5046,1.4367
WAL,Western Alliance Bancorp,Financials,401010,NYSE,AZ,2005-06-30,2025-12-31,3.769,5371.1,2052.2,828.1,,2490.8,2384.2,,969.0,172.2,114.3,-2678.9,92774.0,84828.0,6476.0,3596.0,7358.0,109.509,84.07,9206.422,0.0256,0.4318,1.4803
WTS,Watts Water Technologies Inc,Industrials,201060,NYSE,MA,1986-08-01,2025-12-31,5.7,2438.5,1175.7,730.3,73.5,532.5,475.7,10.8,340.8,66.9,45.7,402.0,2881.2,853.5,291.9,405.5,2027.7,33.343,276.02,9203.335,0.3685,0.285,0.8987
DRS,Leonardo Drs Inc,Industrials,201010,NASDAQ,VA,,2025-12-31,7.3,3648.0,2708.0,497.0,129.0,443.0,350.0,8.0,278.0,96.0,139.0,366.0,4486.0,1756.0,470.0,647.0,2730.0,265.822,34.09,9061.872,0.0656,0.3893,0.9149
KNSL,Kinsale Capital Group Inc,Financials,403010,NYSE,VA,2016-07-28,2025-12-31,0.72,1873.987,1223.205,,,650.782,644.948,10.646,503.614,15.805,53.685,1043.738,6043.561,4083.978,224.397,181.617,1959.583,23.146,391.12,9052.864,-0.1578,0.3703,0.5167
OC,Owens Corning,Industrials,201020,NYSE,OH,,2025-12-31,25.0,10103.0,6608.0,1163.0,150.0,2332.0,1718.0,256.0,-522.0,239.0,824.0,1786.0,12980.0,9087.0,5705.0,353.0,3853.0,80.2,111.91,8975.182,-0.3301,0.3689,1.1973
REXR,Rexford Indus Realty,Real Estate,601025,NYSE,CA,2013-07-19,2025-12-31,0.256,1003.133,632.741,79.97,0.0,,290.422,140.238,212.029,403.02,0.0,542.085,12612.713,3774.694,3260.209,165.778,8304.887,231.58,38.72,8966.778,0.047,0.2859,0.8737
MP,Mp Materials Corp,Materials,151040,NYSE,NV,,2025-12-31,0.998,224.441,204.549,140.56,,-120.668,-199.665,37.657,-85.874,0.0,172.375,-155.755,3864.16,1471.792,1034.656,1831.096,1978.757,177.358,50.52,8960.126,2.2385,0.9651,1.0028
ACI,Albertsons Cos Inc,Consumer Staples,301010,NYSE,ID,2020-06-26,2026-02-28,280.0,83172.5,60362.9,19322.6,0.0,3487.0,1573.3,502.8,217.4,322.7,1839.4,2366.7,26765.9,24929.7,15296.9,212.3,1836.2,499.543,17.9,8941.82,-0.0993,0.2872,0.0237
TAP,Molson Coors Beverage Co,Consumer Staples,302010,NYSE,CO,,2025-12-31,16.2,11140.8,6384.1,2407.8,,2348.9,1660.7,256.3,-2139.6,374.7,716.6,1784.4,22738.4,12195.7,6512.4,896.5,10230.3,190.8,46.68,8906.544,-0.1556,0.264,0.2695
DOX,Amdocs,Information Technology,451020,NASDAQ,MO,1998-06-19,2025-09-30,26.969,4532.913,2682.408,859.195,340.845,991.31,801.042,42.436,564.704,227.469,103.952,749.096,6249.83,2779.15,826.402,324.999,3429.453,108.448,82.05,8898.158,-0.031,0.2178,0.5719
FRHC,Freedom Holding Corp,Financials,402030,NASDAQ,NY,,2026-03-31,11.846,2030.909,1441.73,,,589.179,554.619,489.036,153.328,0.0,198.766,184.04,13155.239,11665.96,2419.482,2212.427,1489.279,61.293,144.88,8880.13,-0.0689,0.4361,1.2681
ALV,Autoliv Inc,Consumer Discretionary,251010,NYSE,,1997-04-28,2025-12-31,64.3,10815.0,8382.0,942.0,413.0,1491.0,1084.0,103.0,735.0,238.0,441.0,1157.0,8644.0,6062.0,2318.0,604.0,2572.0,74.705,118.7,8867.484,0.302,0.2906,0.8877
MOH,Molina Healthcare Inc,Health Care,351020,NYSE,CA,2003-07-02,2025-12-31,19.0,45426.0,41351.0,3006.0,0.0,1069.0,874.0,192.0,472.0,0.0,101.0,-535.0,15564.0,11495.0,4046.0,8256.0,4069.0,51.0,173.54,8850.54,-0.4037,0.5254,0.1523
SAIL,Sailpoint Inc,Information Technology,451030,NASDAQ,TX,2025-02-13,2026-01-31,3.229,1071.416,264.249,894.113,222.961,-86.946,-297.72,7.935,-270.054,0.0,18.83,70.58,7597.561,751.33,18.081,361.386,6846.231,563.782,15.69,8845.74,-0.0805,0.5514,1.5143
FLS,Flowserve Corp,Industrials,201060,NYSE,TX,,2025-12-31,16.0,4729.26,2987.773,966.801,54.1,774.686,679.232,77.74,346.247,110.02,70.927,505.884,5708.2,3453.876,1760.273,760.183,2191.397,127.03,69.38,8813.341,0.2245,0.4873,1.5019
AIT,Applied Industrial Tech Inc,Industrials,201070,NYSE,OH,,2025-06-30,6.8,4563.424,3180.265,822.542,0.0,560.617,500.137,18.214,392.988,66.91,27.187,492.385,3175.544,1331.024,770.62,388.417,1844.52,37.868,232.45,8802.417,0.0802,0.3294,1.2186
OGE,Oge Energy Corp,Utilities,551010,NYSE,OK,,2025-12-31,2.248,3260.1,1900.9,,,1359.2,799.4,286.1,470.7,344.9,1054.4,1137.1,14370.5,9393.2,5690.4,0.2,4977.3,206.1,42.7,8800.47,0.0764,0.1713,0.2904
SFD,Smithfield Foods Inc,Consumer Staples,302020,NASDAQ,VA,2025-01-28,2025-12-31,34.5,15531.0,13112.0,756.0,214.0,1663.0,1332.0,41.0,987.0,395.0,355.0,1059.0,12177.0,5113.0,2396.0,1539.0,6800.0,393.113,22.33,8778.213,0.1823,0.29,0.4413
HSIC,Henry Schein Inc,Health Care,351020,NASDAQ,NY,1995-11-03,2025-12-31,25.0,13184.0,9061.0,3103.0,0.0,1020.0,709.0,150.0,398.0,0.0,139.0,712.0,11215.0,6421.0,3436.0,156.0,3245.0,115.771,75.58,8749.972,0.0922,0.284,0.5554
AHR,American Healthcare Reit Inc,Real Estate,601050,NYSE,CA,,2025-12-31,0.121,2258.156,2082.457,63.838,0.0,,111.861,86.463,69.806,170.996,0.0,294.441,5426.226,2065.611,1686.191,151.753,3320.638,185.911,47.06,8748.972,0.6999,0.2662,0.4906
UMBF,Umb Financial Corp,Financials,401010,NASDAQ,MO,,2025-12-31,5.222,4140.93,1646.575,1022.52,,1471.835,1330.065,,702.398,123.357,48.584,1026.693,73094.09,65400.522,3871.826,9441.175,7399.502,75.961,115.04,8738.553,0.0344,0.3179,1.107
PAYC,Paycom Software Inc,Industrials,202020,NYSE,OK,2014-04-15,2025-12-31,5.77,2051.7,263.0,1045.2,283.4,743.5,567.2,3.4,453.4,85.3,270.9,678.9,7598.7,5867.2,90.3,370.0,1731.5,54.8,159.36,8732.928,-0.217,0.3526,1.0052
TTEK,Tetra Tech Inc,Industrials,202010,NASDAQ,CA,1991-12-17,2025-09-30,25.0,5442.59,4422.97,357.737,,661.883,603.607,40.639,247.724,65.039,18.633,457.685,4282.174,2502.01,987.157,167.459,1779.785,261.418,33.38,8726.133,-0.1519,0.3311,0.4305
PLNT,Planet Fitness Inc,Consumer Discretionary,253010,NYSE,NH,2015-08-06,2025-12-31,4.393,1324.144,636.433,134.395,,553.316,397.531,106.513,219.104,0.0,163.67,418.421,3103.395,3586.773,2946.747,518.717,-482.777,80.446,108.47,8725.978,0.0971,0.3184,0.5009
SAIA,Saia Inc,Industrials,203040,NASDAQ,GA,2002-09-11,2025-12-31,14.5,3234.286,2645.971,,,588.315,339.742,16.444,255.036,0.0,567.639,594.973,3482.681,904.982,304.994,19.72,2577.699,26.645,326.52,8700.125,-0.2835,0.6045,1.4751
ONB,Old National Bancorp,Financials,401010,NASDAQ,IN,,2025-12-31,4.971,3731.261,1409.7,926.537,,1395.024,1271.421,,669.257,208.982,44.064,681.472,72151.967,63657.179,7677.991,1826.177,8264.288,389.662,22.31,8693.359,0.0544,0.3401,1.2135
ADC,Agree Realty Corp,Real Estate,601070,NYSE,MI,1994-04-15,2025-12-31,0.09,718.398,339.327,44.062,0.0,,335.009,136.639,204.349,344.965,0.0,504.136,9797.612,3526.459,3318.007,20.622,6095.985,120.028,72.03,8645.617,0.066,0.1714,0.0896
ZION,Zions Bancorporation Na,Financials,401010,NASDAQ,UT,,2025-12-31,9.195,4942.0,1629.0,1516.0,,1797.0,1681.0,,899.0,263.0,121.0,1073.0,88990.0,81810.0,4833.0,4305.0,7114.0,147.653,58.54,8643.607,0.1159,0.3594,1.2168
MORN,Morningstar Inc,Financials,402030,NASDAQ,IL,2005-05-03,2025-12-31,10.973,2445.5,948.0,801.0,,696.5,506.6,40.0,374.2,77.2,147.1,589.7,3590.2,2368.3,1261.1,528.7,1221.9,39.741,217.31,8636.117,-0.3504,0.2576,0.8218
APA,Apa Corp,Energy,101020,NASDAQ,TX,,2025-12-31,1.791,8867.0,3271.0,479.0,,5117.0,2653.0,330.0,1434.0,359.0,2766.0,4545.0,17761.0,10758.0,4810.0,516.0,6093.0,352.965,24.46,8633.524,0.1141,0.5391,1.5883
LEVI,Levi Strauss & Co,Consumer Discretionary,252030,NYSE,CA,,2025-11-30,19.0,6282.0,2198.2,3159.1,,924.7,718.7,48.6,578.1,212.9,221.4,529.6,6848.8,4570.2,2305.5,848.8,2278.6,390.377,22.03,8600.005,0.2342,0.4336,1.4457
MBLY,Mobileye Global Inc,Consumer Discretionary,251010,NASDAQ,,2022-10-26,2025-12-31,4.2,1894.0,539.0,1278.0,1151.0,77.0,-440.0,0.0,-392.0,0.0,79.0,602.0,12492.0,611.0,62.0,1891.0,11881.0,814.749,10.44,8505.98,-0.4759,0.5901,1.807
XP,Xp Inc,Financials,402030,NASDAQ,,2019-12-11,2025-12-31,8.069,3340.348,991.832,1234.801,,1113.715,1058.496,113.544,938.598,89.782,37.997,2186.793,71991.515,67716.322,12145.806,4978.177,4275.01,518.744,16.37,8491.839,0.3954,0.4155,0.7465
TFII,Tfi International Inc,Industrials,203040,NYSE,QC,2002-09-30,2025-12-31,25.875,7884.671,6727.043,,,1157.628,547.124,161.888,310.553,150.788,273.22,977.788,7509.235,4831.608,3223.995,210.186,2677.627,82.151,103.35,8490.306,-0.2192,0.4373,0.9765
KNX,Knight-Swift Trptn Hldgs Inc,Industrials,203040,NYSE,AZ,1994-10-25,2025-12-31,37.1,7469.689,6417.265,,,1052.424,264.371,161.795,65.946,117.726,805.817,1266.647,11955.436,4863.57,2685.567,302.801,7082.454,162.339,52.28,8487.083,0.0011,0.3879,1.0888
LNC,Lincoln National Corp,Financials,403010,NYSE,PA,,2025-12-31,9.423,17811.0,16408.0,,,1403.0,1320.0,321.0,1177.0,345.0,0.0,-167.0,417204.0,406298.0,6725.0,15544.0,9920.0,190.051,44.53,8462.971,0.4832,0.3844,1.4098
AM,Antero Midstream Corp,Energy,101020,NYSE,CO,2017-05-04,2025-12-31,,1188.426,320.036,,,868.39,734.08,190.404,413.163,53.665,162.255,932.464,5884.116,3912.075,3222.53,262.935,1972.041,474.06,17.79,8433.527,0.2434,0.2504,0.5543
RGC,Regencell Bioscience Hol Ltd,Health Care,352020,NASDAQ,,2021-07-16,2025-06-30,0.01,0.0,0.0,3.692,0.948,-3.692,-3.77,0.0,-3.584,0.0,0.153,-3.114,5.756,0.896,0.545,4.897,4.86,494.489,17.04,8426.093,160.5387,4.5311,-0.2225
DINO,Hf Sinclair Corp,Energy,101020,NYSE,TX,,2025-12-31,5.165,26869.0,24568.0,465.0,,1836.0,927.0,222.0,579.0,376.0,449.0,1315.0,16510.0,7261.0,3326.0,978.0,9184.0,181.788,46.08,8376.791,0.3808,0.3777,1.0118
PL,Planet Labs Pbc,Industrials,202020,NYSE,CA,2021-03-05,2026-01-31,1.0,307.727,93.699,253.993,106.749,-39.965,-81.79,3.436,-246.86,0.0,76.714,134.362,1145.686,957.255,462.48,640.732,188.431,335.332,24.97,8373.24,3.8812,1.0584,2.0623
APPF,Appfolio Inc,Information Technology,451030,NASDAQ,CA,2015-06-26,2025-12-31,1.702,950.822,345.341,429.913,190.419,175.568,152.917,0.0,140.923,0.0,3.155,242.105,688.967,146.388,38.16,251.473,542.579,35.99,232.65,8373.074,-0.057,0.4323,0.7858
POOL,Pool Corp,Consumer Discretionary,255010,NASDAQ,LA,1995-10-12,2025-12-31,6.0,5289.396,3666.308,991.969,0.0,631.119,580.489,,406.404,184.957,56.334,365.85,3626.126,2440.897,1535.031,104.963,1185.229,36.578,228.75,8367.218,-0.318,0.3104,0.6775
DCI,Donaldson Co Inc,Industrials,201060,NYSE,MN,1983-12-30,2025-07-31,15.0,3690.9,2312.6,704.5,87.8,673.8,574.3,24.2,367.0,134.2,78.9,418.8,2977.2,1523.7,730.2,180.4,1453.5,116.042,71.97,8351.543,0.3369,0.2461,0.8537
NFG,National Fuel Gas Co,Utilities,551020,NYSE,NY,,2025-09-30,2.322,2277.541,865.686,,,1411.855,955.261,155.834,518.504,189.919,912.821,1100.027,8719.104,5624.5,2874.223,43.166,3094.604,90.379,92.37,8348.308,0.3531,0.2073,0.2972
ARE,Alexandria R E Equities Inc,Real Estate,601050,NYSE,CA,1997-05-27,2025-12-31,0.514,2960.582,4475.901,114.592,0.0,,-1629.911,557.122,-1429.57,809.258,0.0,1414.046,34081.835,14925.399,12761.098,553.755,15470.07,170.538,48.94,8346.13,-0.466,0.3931,0.7627
BIRK,Birkenstock Holding Plc,Consumer Discretionary,252030,NYSE,,2023-10-11,2025-09-30,8.4,2460.822,970.586,712.815,,777.421,646.324,88.075,408.677,0.0,90.02,450.882,5798.375,2603.919,1551.088,386.08,3194.456,183.906,45.25,8321.747,-0.2781,0.379,1.0785
RRC,Range Resources Corp,Energy,101020,NYSE,TX,,2025-12-31,0.564,3109.699,1543.871,209.807,,1356.021,956.623,104.897,658.024,86.295,641.515,1171.324,7421.948,3103.267,1372.627,0.204,4318.681,235.458,35.26,8302.249,-0.0106,0.3787,0.9187
COLB,Columbia Banking System Inc,Financials,401010,NASDAQ,WA,1997-04-08,2025-12-31,6.005,3214.0,1063.0,888.0,,1263.0,1106.0,,550.0,339.0,40.0,746.0,66832.0,58992.0,4008.0,2380.0,7840.0,295.422,27.95,8257.045,0.0936,0.3527,1.1219
PRI,Primerica Inc,Financials,403010,NYSE,GA,,2025-12-31,2.833,3291.461,2273.891,,,1017.57,998.27,23.958,751.234,136.052,26.052,901.178,15012.336,12566.434,1821.0,1006.313,2445.902,31.81,258.36,8218.432,-0.0333,0.2572,0.8475
AWI,Armstrong World Industries,Industrials,201020,NYSE,PA,2006-10-18,2025-12-31,3.8,1620.8,841.6,338.5,16.4,440.7,320.3,32.8,308.7,55.3,109.4,355.5,1924.7,1024.0,493.9,112.7,900.7,42.917,191.1,8201.439,0.3624,0.2487,0.844
AG,First Majestic Silver Corp,Materials,151040,NYSE,BC,,2025-12-31,5.535,1257.157,523.336,87.66,,646.161,370.267,18.496,164.923,9.84,210.657,526.01,4694.915,1521.949,308.739,973.821,2761.005,491.322,16.66,8185.425,2.0432,0.6703,0.9758
BPOP,Popular Inc,Financials,401010,NASDAQ,PR,,2025-12-31,9.238,4441.028,1501.969,1037.537,,1901.522,1846.542,,833.159,196.207,197.46,878.447,75348.267,69099.188,1580.925,5029.261,6226.936,65.719,124.52,8183.33,0.3601,0.2746,0.8759
DUOL,Duolingo Inc,Consumer Discretionary,253020,NASDAQ,PA,2021-07-28,2025-12-31,0.9,1037.589,279.474,602.489,306.323,155.626,141.235,0.0,414.065,0.0,18.096,387.823,1992.182,645.176,100.983,1140.467,1347.006,46.628,175.5,8183.214,-0.4587,0.6878,1.4607
BIO,Bio-Rad Laboratories Inc,Health Care,352030,NYSE,CA,,2025-12-31,7.45,2583.2,1076.9,1068.7,448.4,437.6,272.2,49.0,759.9,0.0,157.6,532.2,10576.5,3122.9,1384.8,1542.7,7453.6,26.99,302.99,8177.7,-0.0777,0.4323,1.0376
IDCC,Interdigital Inc,Information Technology,451030,NASDAQ,DE,,2025-12-31,0.46,834.015,288.255,,211.432,545.76,468.229,39.962,406.644,69.277,15.888,544.45,2064.29,963.17,492.301,1258.468,1101.12,25.685,318.38,8177.59,0.6599,0.4138,0.9502
ALSN,Allison Transmission Hldgs,Industrials,201060,NYSE,IN,2012-03-15,2025-12-31,4.0,3010.0,1423.0,490.0,174.0,1097.0,973.0,92.0,623.0,91.0,175.0,836.0,6082.0,4215.0,2908.0,1495.0,1867.0,82.829,97.9,8108.959,-0.0835,0.3152,1.023
CTRE,Caretrust Reit Inc,Real Estate,601050,NYSE,CA,,2025-12-31,0.043,476.393,104.956,57.794,0.0,,313.643,43.707,320.538,279.764,0.0,394.029,5148.436,1089.468,894.22,198.042,4035.28,222.746,36.16,8054.495,0.3933,0.2222,0.2051
BRX,Brixmor Property Group Inc,Real Estate,601070,NYSE,NY,2013-10-30,2025-12-31,0.464,1379.333,775.907,112.669,0.0,,490.757,228.744,386.228,360.412,0.0,652.01,9133.137,6123.081,5542.104,361.53,3009.814,306.105,26.22,8026.073,-0.017,0.239,0.6796
EAT,Brinker Intl Inc,Consumer Discretionary,253010,NYSE,TX,,2025-06-30,83.84,5384.2,4401.8,230.7,0.0,751.7,545.1,53.1,383.1,0.0,265.3,679.0,2678.6,2307.7,1693.5,18.9,370.9,44.5,180.33,8024.685,0.0849,0.5189,1.0642
CFR,Cullen/Frost Bankers Inc,Financials,401010,NYSE,TX,,2025-12-31,6.008,2919.842,728.8,1123.432,,1067.61,979.825,,648.557,255.356,146.652,273.979,53041.424,48468.388,5064.054,8874.055,4427.584,63.287,126.63,8014.033,-0.0275,0.2783,0.9719
GNRC,Generac Holdings Inc,Industrials,201040,NYSE,WI,2010-02-11,2025-12-31,9.4,4209.147,2504.082,1078.691,243.47,626.374,431.539,70.697,159.554,0.0,169.85,437.978,5573.679,2934.633,1384.947,341.413,2632.422,58.677,136.37,8001.782,-0.1205,0.4689,1.303
CADE,Cadence Bank,Financials,401010,NYSE,MS,,2025-12-31,5.749,3005.021,1145.545,789.059,,1070.417,1070.417,,544.464,,,,53529.044,47285.383,2190.473,2215.229,6076.668,186.622,42.84,7994.886,0.2841,0.324,1.1143
TECH,Bio-Techne Corp,Health Care,352030,NASDAQ,MN,1989-02-09,2025-06-30,3.1,1219.635,330.666,555.339,99.496,333.63,223.727,8.509,73.4,50.391,31.006,287.556,2557.868,639.06,444.058,162.186,1918.808,154.972,51.45,7973.309,-0.1789,0.4298,1.1939
G,Genpact Ltd,Industrials,202020,NYSE,,2007-08-02,2025-12-31,146.5,5079.879,3187.529,1045.403,,846.947,761.317,73.516,552.494,117.747,78.203,812.856,5843.267,3293.866,1764.497,1203.836,2549.401,170.341,46.78,7968.552,0.1057,0.3336,0.6034
LUMN,Lumen Technologies Inc,Communication Services,501010,NYSE,LA,1972-12-15,2025-12-31,24.0,12402.0,6638.0,3181.0,,2583.0,-166.0,1438.0,-1739.0,0.0,4367.0,4738.0,34342.0,35459.0,18820.0,1006.0,-1117.0,1025.446,7.77,7967.715,0.4633,0.7469,1.9484
LINE,Lineage Inc,Real Estate,601025,NASDAQ,MI,2024-07-25,2025-12-31,24.0,5355.0,3634.0,574.0,,1147.0,252.0,366.0,-100.0,484.0,747.0,943.0,19185.0,9942.0,8129.0,66.0,8246.0,226.968,35.0,7943.88,-0.3721,0.3849,0.8332
AXS,Axis Capital Holdings Ltd,Financials,403010,NYSE,,2003-07-01,2025-12-31,1.966,6563.678,4425.01,703.931,,1434.737,1424.82,66.659,1008.898,138.518,0.0,-40.932,34461.926,28105.491,1493.185,1705.756,5806.435,74.135,107.09,7939.117,0.2295,0.2505,0.5019
HALO,Halozyme Therapeutics Inc,Health Care,352010,NASDAQ,CA,,2025-12-31,0.423,1396.611,223.885,273.978,366.377,898.748,817.197,18.126,316.889,0.0,6.97,651.558,2525.323,2476.509,2142.63,142.82,48.814,117.782,67.3,7926.729,0.4077,0.4173,0.5344
CHDN,Churchill Downs Inc,Consumer Discretionary,253010,NASDAQ,KY,,2025-12-31,9.0,2925.9,1710.2,246.2,0.0,969.5,736.4,297.7,379.7,30.5,274.9,769.8,7484.5,6428.7,5197.0,288.5,1009.7,69.6,113.78,7919.088,-0.1447,0.3157,0.6194
OMF,Onemain Holdings Inc,Financials,402020,NYSE,IN,2013-10-16,2025-12-31,9.3,6242.0,3611.0,,,2631.0,2344.0,1272.0,783.0,486.0,0.0,3132.0,27388.0,23987.0,22823.0,1758.0,3401.0,117.197,67.55,7916.657,0.3976,0.3629,1.4625
AEIS,Advanced Energy Inds Inc,Information Technology,452030,NASDAQ,CO,1995-11-17,2025-12-31,13.0,1798.8,1066.8,463.8,232.4,268.2,206.2,16.7,148.4,15.6,107.4,233.3,2545.8,1183.0,679.0,791.4,1362.8,37.8,209.37,7914.186,0.8158,0.5172,1.9428
IESC,Ies Holdings Inc,Industrials,201030,NASDAQ,TX,1998-01-26,2025-09-30,10.283,3371.468,2469.377,474.978,,427.113,384.519,1.814,303.058,0.0,67.253,286.096,1595.661,707.699,95.689,231.758,883.955,19.854,397.65,7894.943,0.9358,0.6733,1.9376
HBM,Hudbay Minerals Inc,Materials,151040,NYSE,ON,,2025-12-31,3.072,2211.0,1036.0,156.2,,1018.8,566.5,80.8,568.5,5.6,484.2,707.3,6223.3,2992.3,1156.8,569.1,3231.0,396.834,19.85,7877.155,1.4546,0.5321,1.4858
NUVL,Nuvalent Inc,Health Care,352010,NASDAQ,MA,2021-07-29,2025-12-31,0.228,0.0,0.0,414.307,306.97,-414.307,-414.307,0.0,-425.377,0.0,0.0,-275.209,1412.705,164.366,0.0,1371.952,1248.339,78.239,100.59,7870.061,0.285,0.4558,0.9804
OSK,Oshkosh Corp,Industrials,201060,NYSE,WI,,2025-12-31,18.4,10422.3,8458.0,818.7,173.7,1145.6,945.2,117.6,647.0,130.4,211.8,783.4,10072.4,5541.9,1378.0,481.7,4530.5,62.589,125.63,7863.056,0.3449,0.4062,1.244
VMI,Valmont Industries Inc,Industrials,201030,NYSE,NE,,2025-12-31,10.791,4104.102,2774.297,703.443,33.0,626.362,537.853,42.005,334.784,53.74,145.035,456.484,3369.329,1727.044,947.488,187.14,1632.787,19.535,402.32,7859.321,0.3222,0.3551,1.0467
ONTO,Onto Innovation Inc,Information Technology,453010,NYSE,MA,1999-11-12,2025-12-31,1.615,1005.263,456.578,272.329,131.978,276.356,215.917,,136.759,0.0,28.513,328.315,2367.741,267.094,17.475,639.622,2100.647,49.702,157.86,7845.958,-0.0529,0.6971,2.2722
ATR,Aptargroup Inc,Materials,151030,NYSE,IL,1993-04-21,2025-12-31,14.0,3777.181,2372.446,605.037,105.1,799.698,512.335,52.737,392.789,120.784,270.419,569.999,5252.719,2540.494,1548.649,410.139,2668.096,64.213,121.96,7831.417,-0.2141,0.2497,0.5911
JBTM,Jbt Marel Corp,Industrials,201060,NYSE,IL,,2025-12-31,11.5,3798.2,2197.2,1000.2,116.3,600.8,334.6,102.0,-50.5,20.8,103.6,341.7,8190.7,3726.9,1970.3,188.0,4463.8,51.974,150.67,7830.923,0.189,0.4044,1.1076
GSAT,Globalstar Inc,Communication Services,501010,NASDAQ,LA,2006-11-02,2025-12-31,0.477,272.986,94.086,76.041,6.1,102.859,10.758,61.666,-8.651,0.0,544.859,621.65,2326.265,1570.536,546.335,447.471,355.729,128.05,61.04,7816.172,0.9659,0.7349,1.4219
VFS,Vinfast Auto Ltd,Consumer Discretionary,251020,NASDAQ,,2021-07-16,2025-12-31,29.878,3428.592,4549.94,904.442,377.262,-2025.79,-2459.861,855.264,-3778.605,0.0,873.671,-1690.416,6943.29,10456.177,3385.131,470.223,-6613.069,2339.536,3.34,7814.05,-0.1712,0.4217,0.7573
CYTK,Cytokinetics Inc,Health Care,352010,NASDAQ,CA,2004-04-29,2025-12-31,0.673,88.039,690.172,,416.026,-602.133,-612.258,103.868,-784.955,0.0,24.807,-510.009,1424.537,2084.162,1942.002,882.221,-659.625,122.943,63.54,7811.798,0.3508,0.6519,0.5983
LAD,Lithia Motors Inc  -Cl A,Consumer Discretionary,255040,NYSE,OR,1996-12-18,2025-12-31,30.0,38133.9,31975.4,4069.8,0.0,2088.7,1826.3,714.3,819.6,55.3,350.9,356.7,25107.2,18478.8,15587.2,398.2,6603.2,23.5,332.33,7809.755,-0.0634,0.3696,1.0482
DVA,Davita Inc,Health Care,351020,NYSE,CO,1995-10-31,2025-12-31,78.0,13643.069,9242.476,1649.43,0.0,2751.163,2035.815,579.926,746.803,0.0,575.864,1886.5,17480.103,16321.665,12874.331,782.05,-651.082,68.549,113.61,7787.852,-0.2403,0.3062,0.4733
AMG,Affiliated Managers Grp Inc,Financials,402030,NYSE,FL,1997-11-21,2025-12-31,5.6,2074.4,989.3,408.6,,676.5,640.8,136.5,716.6,1.0,6.1,973.2,9207.4,4785.3,2830.3,636.0,3238.4,27.0,288.28,7783.56,0.5592,0.2997,1.155
BROS,Dutch Bros Inc,Consumer Discretionary,253010,NYSE,AZ,2021-09-15,2025-12-31,32.0,1638.159,1102.459,251.149,0.0,284.551,169.418,28.305,79.842,0.0,241.134,295.545,3009.314,2111.445,1089.022,269.404,680.818,127.054,61.22,7778.246,0.1688,0.6321,1.6053
LYFT,Lyft Inc,Industrials,203040,NASDAQ,CA,2019-03-29,2025-12-31,3.913,6484.261,4048.585,2255.65,451.419,180.026,52.626,20.755,2844.008,0.0,52.822,1168.438,9030.053,5756.53,1316.305,1837.181,3273.523,400.856,19.37,7764.581,0.5016,0.5952,1.3608
ZWS,Zurn Elkay Water Soluti Corp,Industrials,201020,NYSE,WI,2012-03-29,2025-12-31,2.6,1695.9,901.1,417.6,25.0,377.2,291.5,28.6,198.0,66.0,29.9,346.5,2679.4,1076.1,553.2,300.5,1603.3,166.982,46.49,7762.993,0.2581,0.2898,0.8823
AVTR,Avantor Inc,Health Care,352030,NYSE,PA,2019-05-17,2025-12-31,13.5,6552.2,4303.1,1189.5,,1059.6,649.4,211.6,-530.2,0.0,128.8,623.8,11794.7,6229.7,4131.8,365.4,5565.0,675.4,11.46,7740.084,-0.4561,0.5525,1.1054
LKQ,Lkq Corp,Consumer Discretionary,255010,NASDAQ,TN,2003-10-03,2025-12-31,44.0,13651.0,8342.0,3813.0,0.0,1496.0,1087.0,224.0,607.0,311.0,216.0,1063.0,15137.0,8576.0,5061.0,319.0,6537.0,255.0,30.2,7701.0,-0.1497,0.3472,0.5693
MOS,Mosaic Co,Materials,151010,NYSE,FL,2004-10-25,2025-12-31,13.249,12052.4,8998.7,750.4,,2303.3,1151.5,273.2,540.7,282.4,1359.4,824.8,24480.1,12245.9,5279.5,284.4,12084.9,317.409,24.09,7646.383,0.0106,0.3894,0.7139
SFM,Sprouts Farmers Market,Consumer Staples,301010,NASDAQ,AZ,2013-08-01,2025-12-31,36.0,8806.159,5383.039,2580.262,0.0,842.858,686.158,2.659,523.67,0.0,248.267,715.998,4158.649,2755.575,1943.344,260.894,1403.074,95.926,79.67,7642.424,-0.373,0.4554,0.7388
FR,First Indl Realty Trust Inc,Real Estate,601025,NYSE,IL,1994-06-23,2025-12-31,0.152,761.116,370.187,41.945,0.0,348.984,342.375,102.704,247.443,236.141,0.0,461.263,5688.081,2929.151,2572.846,78.032,2671.39,132.47,57.27,7586.557,0.1817,0.2483,0.7872
AGCO,Agco Corp,Industrials,201060,NYSE,GA,1992-04-16,2025-12-31,22.0,10082.0,7258.7,1775.4,374.5,1047.9,720.3,123.0,726.5,86.5,247.9,988.1,11927.8,7355.1,2616.8,861.8,4273.5,72.629,104.32,7576.657,0.1284,0.4023,1.0793
CLF,Cleveland-Cliffs Inc,Materials,151040,NYSE,OH,,2025-12-31,25.0,18610.0,18236.0,543.0,,-169.0,-1409.0,609.0,-1478.0,0.0,561.0,-462.0,20012.0,13689.0,7937.0,57.0,6116.0,569.759,13.28,7566.4,0.4128,0.7787,1.9763
MNDY,Monday Com Ltd,Information Technology,451030,NASDAQ,,2021-06-10,2025-12-31,3.155,1231.997,119.294,1100.646,320.799,12.057,-1.748,0.9,118.742,0.0,23.742,333.644,2106.6,859.764,168.767,1665.457,1246.836,51.161,147.56,7549.317,-0.3733,0.6519,1.6057
R,Ryder System Inc,Industrials,203040,NYSE,FL,,2025-12-31,51.6,12665.0,8354.0,1470.0,,2841.0,1086.0,404.0,499.0,144.0,2135.0,2593.0,16387.0,13335.0,8680.0,198.0,3052.0,39.417,191.39,7544.02,0.2454,0.343,1.1435
NNN,Nnn Reit Inc,Real Estate,601070,NYSE,FL,,2025-12-31,0.085,930.459,334.422,47.409,0.0,,548.628,206.314,389.777,443.202,0.0,667.131,9379.355,4971.053,4820.424,5.822,4408.302,189.937,39.63,7527.203,0.0278,0.196,0.28
CIGI,Colliers Intl Group Inc,Real Estate,602010,NASDAQ,ON,,2025-12-31,23.66,5558.462,3332.381,1568.54,,657.541,401.526,82.373,103.1,15.288,78.702,330.14,6788.467,3968.978,2285.664,311.774,1533.319,51.104,147.01,7512.799,0.0835,0.2877,0.9389
MTCH,Match Group Inc,Communication Services,502030,NASDAQ,TX,1992-05-28,2025-12-31,2.209,3487.197,948.374,1472.434,449.508,1066.389,960.729,147.551,613.446,189.621,56.765,1080.38,4460.811,4714.207,4090.991,1031.299,-253.504,232.531,32.29,7508.426,0.0104,0.3364,0.8562
MUSA,Murphy Usa Inc,Consumer Discretionary,255040,NYSE,AR,,2025-12-31,16.9,17017.9,14658.5,1345.3,,1014.1,733.9,115.3,470.6,41.5,439.6,813.9,4725.8,4102.3,2743.0,28.9,623.5,18.566,403.52,7491.752,-0.1914,0.3327,0.1771
FROG,Jfrog Ltd,Information Technology,451030,NASDAQ,CA,2020-09-16,2025-12-31,1.8,531.84,101.757,491.095,195.089,-61.012,-85.515,0.0,-71.819,0.0,3.46,145.729,1341.377,453.93,12.456,705.125,887.447,119.615,62.46,7471.153,1.1238,0.5118,1.2394
AUR,Aurora Innovation Inc,Information Technology,451030,NASDAQ,PA,2021-03-16,2025-12-31,1.9,3.0,874.0,,745.0,-871.0,-901.0,0.0,-816.0,0.0,31.0,-581.0,2343.0,203.0,84.0,1277.0,2140.0,1943.0,3.84,7461.12,-0.3905,0.8959,2.1816
PRAX,Praxis Precis Medi Inc,Health Care,352010,NASDAQ,MA,2020-10-16,2025-12-31,0.168,0.0,0.0,326.058,267.115,-326.058,-326.198,0.0,-303.268,0.0,0.056,-249.068,937.907,59.771,0.11,599.747,878.136,25.195,294.74,7425.974,2.8298,2.0504,0.7213
TTAN,Servicetitan Inc,Information Technology,451030,NASDAQ,CA,2024-12-12,2026-01-31,3.414,960.965,225.772,820.048,302.589,-84.855,-168.05,7.227,-159.853,0.0,4.704,110.131,1745.057,219.823,51.374,428.935,1525.234,94.601,78.34,7411.042,0.0353,0.4536,0.9462
SRAD,Sportradar Group Ag,Consumer Discretionary,253010,NASDAQ,,2021-09-14,2025-12-31,4.882,1514.581,498.191,409.534,,606.856,211.043,101.358,117.791,0.0,5.756,473.19,3372.951,2224.261,73.796,428.902,1148.688,311.757,23.77,7410.464,0.3708,0.3894,0.8241
PNFP,Pinnacle Finl Partners Inc,Financials,401010,NYSE,GA,,2025-12-31,3.709,3302.222,1354.616,916.731,,1030.875,1030.875,,641.865,74.662,79.926,759.008,57706.053,50662.338,2905.138,3661.477,6826.589,77.662,95.41,7409.731,-0.1577,0.3615,1.2171
SMTC,Semtech Corp,Information Technology,453010,NASDAQ,CA,,2026-01-31,1.92,1049.975,468.44,411.455,196.348,170.08,129.313,17.042,-40.376,0.0,9.783,181.168,1410.337,860.619,517.994,195.179,549.718,92.669,79.75,7390.353,0.1914,0.8192,2.4716
HIMS,Hims & Hers Health Inc,Health Care,351020,NYSE,CA,,2025-12-31,2.442,2347.637,610.951,1561.027,,175.659,121.157,,128.365,0.0,242.591,300.006,2154.705,1613.777,1120.59,577.492,540.928,227.246,32.47,7378.678,0.3428,1.0488,2.1675
ICL,Icl Group Ltd,Materials,151010,NYSE,,,2025-12-31,13.007,7153.0,4310.0,1483.0,70.0,1360.0,703.0,163.0,226.0,224.0,824.0,1056.0,12413.0,6170.0,2756.0,291.0,5983.0,1290.677,5.71,7369.766,0.1887,0.3698,0.7129
HRB,Block H & R Inc,Consumer Discretionary,253020,NYSE,MO,,2025-06-30,70.1,3760.995,1969.284,846.914,,944.797,827.97,78.113,605.773,202.885,82.034,680.883,3263.898,3175.002,2025.248,1003.139,88.896,133.947,54.89,7352.351,-0.1487,0.2624,0.1535
RGTI,Rigetti Computing Inc,Information Technology,453010,NASDAQ,CA,2021-03-02,2025-12-31,0.164,7.088,83.575,,61.345,-76.487,-84.66,0.0,-216.21,0.0,18.676,-58.543,666.574,120.375,7.167,443.511,546.199,331.283,22.15,7337.918,0.4515,1.4877,2.5242
JHG,Janus Henderson Group Plc,Financials,402030,NYSE,,,2025-12-31,2.364,3097.3,1950.1,,,1147.2,1118.1,24.2,815.9,249.3,8.6,719.5,8287.0,2167.0,504.8,2827.2,5108.4,154.029,47.57,7327.16,0.1614,0.3544,1.4372
CRUS,Cirrus Logic Inc,Information Technology,453010,NASDAQ,TX,1989-06-09,2026-03-31,1.668,1997.379,911.697,587.202,433.953,498.48,460.38,0.898,414.408,0.0,13.988,650.598,2489.374,361.378,133.977,887.627,2127.996,50.596,144.62,7317.194,0.19,0.3976,1.3588
TTC,Toro Co,Industrials,201060,NYSE,MN,,2025-10-31,9.227,4510.4,2831.1,997.3,162.3,682.0,539.1,61.3,316.1,151.1,83.7,662.0,3438.8,1985.5,1041.1,341.0,1453.3,97.888,74.73,7315.17,0.0032,0.3117,0.7908
OTEX,Open Text Corp,Information Technology,451030,NASDAQ,ON,1996-01-24,2025-06-30,21.4,5168.405,1245.338,2243.244,755.936,1679.823,1038.579,351.365,435.868,275.907,143.222,830.618,13774.064,9843.476,6646.118,1156.496,3928.867,250.136,29.2,7303.971,0.1895,0.3046,0.8956
HQY,Healthequity Inc,Health Care,351020,NASDAQ,UT,2014-07-31,2026-01-31,2.814,1313.429,353.609,477.683,262.51,482.137,327.48,57.131,215.201,0.0,1.969,457.094,3380.332,1273.136,1001.48,318.927,2107.196,85.007,85.67,7282.55,-0.0452,0.3975,0.9705
EMN,Eastman Chemical Co,Materials,151010,NYSE,TN,1993-10-10,2025-12-31,13.0,8752.0,6402.0,913.0,255.0,1437.0,933.0,234.0,474.0,382.0,546.0,970.0,14859.0,8822.0,4960.0,566.0,5961.0,114.047,63.83,7279.62,-0.2684,0.4109,1.1957
MIDD,Middleby Corp,Industrials,201060,NASDAQ,IL,,2025-12-31,8.826,3201.202,1850.29,646.315,58.8,704.597,605.6,93.828,-277.731,0.0,70.729,630.197,6315.166,3538.937,2286.781,222.239,2776.229,48.923,148.67,7273.382,0.0976,0.4358,1.1952
AN,Autonation Inc,Consumer Discretionary,255040,NYSE,FL,,2025-12-31,24.8,27631.4,22682.9,3354.2,0.0,1594.3,1342.9,370.2,649.1,0.0,309.4,111.9,14392.2,12051.1,10228.5,83.9,2341.1,35.2,206.48,7268.096,0.2157,0.3019,0.944
CBSH,Commerce Bancshares Inc,Financials,401010,NASDAQ,MO,,2025-12-31,4.737,2139.664,428.003,704.281,,1007.38,950.879,,566.251,146.596,52.748,645.136,32915.089,29100.317,3033.896,3547.632,3791.371,137.712,52.34,7207.846,-0.1016,0.2409,0.7465
KRYS,Krystal Biotech Inc,Health Care,352010,NASDAQ,PA,2017-09-20,2025-12-31,0.295,389.13,17.325,204.786,58.045,167.019,161.295,0.0,204.831,0.0,11.951,200.865,1333.794,114.234,9.339,827.791,1219.56,29.192,246.54,7196.996,0.5737,0.4287,0.7852
AL,Air Lease Corp,Industrials,201070,NYSE,CA,2011-04-19,2025-12-31,0.16,2684.519,221.512,,,2463.007,1239.475,933.971,1088.387,98.351,2585.936,1734.629,32883.693,24410.937,19730.129,469.95,8472.747,112.035,64.23,7196.008,0.3531,0.3002,1.039
BTSG,Brightspring Health Svcs Inc,Health Care,351020,NASDAQ,KY,2024-01-26,2025-12-31,23.5,12910.564,11229.839,1208.025,,472.7,309.752,157.311,190.666,0.0,95.484,490.169,6413.311,4526.945,2742.062,88.37,1875.065,192.124,37.45,7195.044,1.1991,0.4615,1.079
RYTM,Rhythm Pharmaceuticls,Health Care,352010,NASDAQ,MA,2017-10-05,2025-12-31,0.414,192.957,18.154,362.281,167.34,-187.478,-188.816,20.583,-196.539,0.0,0.953,-115.675,480.196,210.17,112.174,388.949,139.069,67.205,107.04,7193.623,0.9121,0.5788,0.6742
BOKF,Bok Financial Corp,Financials,401010,NASDAQ,OK,,2025-12-31,5.034,3379.398,1205.924,1009.351,,1164.123,1053.917,,577.99,147.504,,739.62,52237.501,46316.821,4862.364,1658.102,5918.646,60.621,118.46,7181.164,0.1378,0.2696,0.8441
BRKR,Bruker Corp,Health Care,352030,NASDAQ,MA,2000-08-04,2025-12-31,11.085,3436.5,1630.4,1266.1,408.7,540.0,319.7,60.3,-8.6,30.5,90.8,134.1,6241.4,3731.1,2042.9,298.8,2456.5,152.143,47.11,7167.457,-0.1924,0.5269,1.1371
UGI,Ugi Corp,Utilities,551020,NYSE,PA,,2025-09-30,9.4,7287.0,5701.0,,,1586.0,1025.0,411.0,678.0,322.0,837.0,1227.0,15462.0,10676.0,7561.0,355.0,4777.0,214.476,33.26,7133.472,0.3833,0.2098,0.4085
TTMI,Ttm Technologies Inc,Information Technology,452030,NASDAQ,CA,2000-09-21,2025-12-31,18.2,2906.345,2185.042,306.601,28.992,414.702,267.531,49.162,177.448,0.0,292.565,291.882,3840.331,2078.078,1029.53,501.234,1762.253,103.379,69.0,7133.151,1.7879,0.5895,1.8049
JXN,Jackson Financial Inc,Financials,402010,NYSE,MI,,2025-12-31,3.89,6803.0,5630.0,1067.0,,106.0,106.0,220.0,27.0,228.0,0.0,5758.0,352586.0,342244.0,5666.0,7116.0,9420.0,66.826,106.65,7126.993,0.2694,0.3853,1.348
EGO,Eldorado Gold Corp,Materials,151040,NYSE,BC,,2025-12-31,2.35,1818.856,677.596,122.474,,1018.786,754.283,71.141,507.257,0.0,866.362,742.155,6727.297,2444.218,1289.651,869.356,4279.289,197.98,35.92,7111.442,1.4156,0.4564,0.4021
FSV,Firstservice Corp,Real Estate,602010,NASDAQ,ON,,2025-12-31,31.0,5497.5,3651.314,1310.778,,535.408,350.199,73.702,145.047,50.125,127.705,445.941,4283.713,2421.523,1384.382,180.09,1375.999,45.722,155.53,7111.143,-0.1353,0.2417,0.5285
ROAD,Construction Prtnr Inc,Industrials,201030,NASDAQ,AL,2018-05-04,2025-09-30,6.412,2812.356,2224.993,199.29,,388.073,239.803,90.358,101.781,0.0,137.931,291.303,3238.856,2326.893,1689.182,159.015,911.963,55.945,127.0,7105.015,0.2271,0.4605,1.2828
CWAN,Clearwater Ana Hol Inc,Information Technology,451030,NYSE,ID,2021-09-24,2025-12-31,3.0,731.368,175.24,433.8,196.228,122.328,36.787,45.245,-38.807,0.0,11.554,175.896,3031.929,1000.837,860.336,91.245,2021.73,291.427,24.12,7029.219,-0.1235,0.4123,1.0251
STAG,Stag Industrial Inc,Real Estate,601025,NYSE,MA,2011-04-15,2025-12-31,0.093,845.569,476.308,51.933,0.0,,317.328,132.16,273.519,278.692,0.0,463.388,7208.069,3537.04,3291.355,100.883,3595.697,191.005,36.76,7021.344,0.1329,0.234,0.6642
FCFS,Firstcash Holdings Inc,Financials,402020,NASDAQ,TX,1991-04-25,2025-12-31,22.0,3661.043,2754.165,221.844,0.0,685.034,573.228,121.293,330.375,70.875,116.825,585.942,5300.763,3024.001,2568.659,125.197,2276.762,43.977,159.38,7009.054,0.5568,0.2736,0.3092
IBP,Installed Bldg Products Inc,Consumer Discretionary,252010,NYSE,OH,2014-02-13,2025-12-31,10.4,2970.8,1900.1,574.7,,496.0,388.7,31.7,265.4,87.5,70.6,371.4,2068.0,1358.1,991.7,321.9,709.9,26.975,259.39,6997.045,0.5056,0.4582,0.9314
VOYA,Voya Financial Inc,Financials,402010,NYSE,NY,2013-05-02,2025-12-31,11.0,8189.0,7005.0,,,1184.0,1081.0,247.0,654.0,174.0,0.0,1288.0,178859.0,171820.0,3424.0,3345.0,4953.0,93.843,74.49,6990.365,0.1103,0.3302,1.1935
LBRDK,Liberty Broadband Corp,Communication Services,502010,NASDAQ,CO,,2025-12-31,,0.0,0.0,36.0,,-36.0,-36.0,110.0,-2676.0,0.0,0.0,-80.0,8830.0,2932.0,1746.0,95.0,5698.0,143.498,48.6,6974.003,-0.304,0.3968,0.7851
INGR,Ingredion Inc,Consumer Staples,302020,NYSE,IL,1997-12-11,2025-12-31,11.2,7219.0,5169.0,815.0,71.0,1235.0,1013.0,,729.0,224.0,433.0,944.0,7897.0,3595.0,1971.0,1033.0,4274.0,63.0,110.26,6946.38,-0.1788,0.1951,0.3062
IDA,Idacorp Inc,Utilities,551010,NYSE,ID,,2025-12-31,2.185,1812.997,1207.949,,,605.048,353.976,204.402,323.472,188.109,1179.327,601.838,10225.437,6646.751,3670.194,215.718,3571.874,54.859,126.56,6942.955,0.1919,0.172,0.2201
DLB,Dolby Laboratories Inc,Information Technology,451030,NYSE,CA,2005-02-17,2025-09-30,2.051,1349.13,83.364,899.779,261.792,365.987,278.16,,255.018,126.599,36.348,472.198,3227.76,595.814,38.878,794.064,2622.557,95.463,72.37,6908.657,-0.1627,0.2435,0.8031
NGD,New Gold Inc,Materials,151040,NYSE American,ON,2004-11-18,2025-12-31,,1476.1,-45.0,129.7,,1391.4,1152.3,37.9,857.9,0.0,592.7,898.0,3179.7,1267.7,396.4,330.8,1912.0,791.727,8.71,6895.942,2.5121,0.5545,0.5564
AXTA,Axalta Coating Systems Ltd,Materials,151010,NYSE,PA,2014-11-12,2025-12-31,12.3,5117.0,3222.0,876.0,71.0,1019.0,798.0,200.0,378.0,0.0,196.0,649.0,7599.0,5206.0,3311.0,660.0,2346.0,213.4,32.31,6894.954,-0.0558,0.3194,1.0427
PFSI,Pennymac Financial Services,Financials,402010,NYSE,CA,2013-05-09,2025-12-31,5.241,3007.091,1440.727,,,1566.364,1511.972,960.555,501.077,62.55,11.921,-1651.984,29388.689,25079.713,15723.488,1119.695,4308.976,52.061,131.84,6863.722,0.3053,0.3218,0.5458
TFPM,Triple Flag Precious Metals,Materials,151040,NYSE,ON,2021-05-20,2025-12-31,0.02,388.704,46.531,32.008,,310.165,230.587,4.217,240.005,45.845,218.619,312.832,2113.478,68.261,1.463,88.705,2045.217,206.532,33.22,6860.993,1.23,0.3751,0.2599
CAVA,Cava Group Inc,Consumer Discretionary,253010,NYSE,DC,2023-06-15,2025-12-31,12.9,1179.664,889.197,160.689,0.0,129.778,56.117,,63.743,0.0,158.699,184.84,1360.027,580.371,466.248,393.029,779.656,116.127,58.69,6815.494,-0.4797,0.5741,1.7346
CRK,Comstock Resources Inc,Energy,101020,NYSE,TX,,2025-12-31,0.252,1928.351,874.518,58.756,,995.077,353.914,222.797,395.611,0.0,1349.28,899.607,7007.062,4044.159,2903.695,23.93,2646.81,293.055,23.18,6793.015,0.2722,0.5924,1.0898
QRVO,Qorvo Inc,Information Technology,453010,NASDAQ,NC,1997-06-03,2026-03-31,5.2,3678.517,1723.671,1123.59,726.122,831.256,568.867,76.434,338.989,0.0,129.07,808.631,5825.59,2481.291,1606.237,1222.915,3344.299,87.741,77.4,6791.153,0.2085,0.5018,1.8609
ESAB,Esab Corp,Industrials,201060,NYSE,MD,,2025-12-31,10.3,2842.555,1748.313,549.516,44.0,544.726,460.726,,226.766,23.14,47.287,260.567,4766.094,2554.565,1345.174,185.863,2166.04,60.721,111.72,6783.75,-0.0655,0.3797,1.0546
MASI,Masimo Corp,Health Care,351010,NASDAQ,CA,2007-08-08,2025-12-31,2.2,1525.1,550.8,610.2,126.4,364.1,325.3,33.2,-151.5,0.0,19.4,217.8,1698.9,977.7,559.3,152.3,721.2,52.1,130.06,6776.126,-0.2132,0.4163,1.25
PATH,Uipath Inc,Information Technology,451030,NYSE,NY,2021-04-21,2026-01-31,3.981,1610.572,259.141,1275.485,385.208,75.946,60.955,0.0,282.33,0.0,19.048,371.208,3179.2,1096.613,81.246,1472.924,2082.587,537.037,12.59,6761.296,0.2895,0.606,1.3934
DBX,Dropbox Inc,Information Technology,451030,NASDAQ,CA,2018-03-23,2025-12-31,2.113,2521.0,344.9,1319.2,732.0,856.9,699.5,114.8,508.4,0.0,21.0,951.8,2844.9,4642.1,3587.0,1038.2,-1797.2,242.9,27.8,6752.62,-0.0746,0.3202,0.8073
OLLI,Ollie'S Bargain Outlet Hldgs,Consumer Discretionary,255030,NASDAQ,PA,2015-07-16,2026-01-31,13.0,2649.198,1562.014,734.283,0.0,352.901,297.665,,240.596,0.0,101.879,296.539,2954.953,1066.877,685.928,296.308,1888.076,61.09,110.31,6738.838,-0.0011,0.3872,0.7393
MHK,Mohawk Industries Inc,Consumer Discretionary,252010,NYSE,GA,1992-04-01,2025-12-31,40.5,10785.4,7419.0,2002.0,,1364.4,714.4,37.4,369.9,0.0,440.0,1056.2,13687.3,5308.6,2461.0,856.1,8373.3,61.5,109.3,6721.95,-0.0825,0.3637,1.0775
ORA,Ormat Technologies Inc,Utilities,551050,NYSE,NV,2004-11-11,2025-12-31,1.648,989.543,519.228,,,470.315,169.861,169.967,123.898,29.072,619.776,335.101,6246.508,3555.232,2856.956,280.866,2543.943,60.845,110.47,6721.547,0.6407,0.2472,0.4738
PRIM,Primoris Services Corp,Industrials,201030,NYSE,TX,,2025-12-31,18.526,7574.9,6687.6,379.4,,507.9,416.0,28.7,274.9,17.2,129.9,470.4,4407.8,2726.8,950.9,541.3,1681.0,54.045,124.14,6709.146,0.6308,0.5102,1.3393
SIRI,Sirius Xm Holdings Inc,Communication Services,502010,NASDAQ,NY,1994-09-13,2025-12-31,5.119,8558.0,4118.0,1956.0,229.0,2484.0,1937.0,482.0,805.0,365.0,653.0,1898.0,27237.0,15674.0,9982.0,94.0,11563.0,334.955,19.995,6697.425,-0.0802,0.3962,0.9621
RYAN,Ryan Specialty Holdings Inc,Financials,403010,NYSE,IL,2021-07-22,2025-12-31,6.11,3051.126,2158.167,,0.0,892.959,605.444,221.943,63.399,63.882,67.953,643.667,10564.171,9310.12,3530.725,158.322,647.938,129.603,51.63,6691.403,-0.1892,0.3144,0.4089
STWD,Starwood Property Trust Inc,Financials,402040,NYSE,FL,2009-08-12,2025-12-31,0.324,1905.795,509.575,,0.0,,1396.22,1276.987,411.544,685.885,0.0,977.852,63183.357,55693.851,22163.247,724.094,6795.516,370.563,18.01,6673.84,0.0487,0.2051,0.6593
SSD,Simpson Manufacturing Inc,Industrials,201020,NYSE,CA,1994-05-25,2025-12-31,5.545,2332.808,1201.387,600.316,11.5,531.105,442.628,,345.083,47.827,161.044,458.659,3073.626,1038.149,487.581,384.138,2029.762,41.255,161.47,6661.445,-0.0193,0.3032,0.8171
VFC,Vf Corp,Consumer Discretionary,252030,NYSE,CO,,2026-03-31,26.0,9605.207,4058.706,4604.763,,941.738,661.209,166.771,254.92,140.744,114.707,671.274,9290.177,7440.299,4983.354,844.554,1849.878,391.515,16.99,6651.84,-0.1381,0.7003,2.3788
GLBE,Global-E Online Ltd,Consumer Discretionary,255030,NASDAQ,,2021-05-12,2025-12-31,1.219,962.195,514.112,354.895,122.755,93.188,72.205,,68.27,0.0,3.099,283.782,1462.787,530.103,23.502,622.836,932.684,169.05,39.31,6645.356,-0.2791,0.5528,1.6997
EXLS,Exlservice Holdings Inc,Industrials,202020,NASDAQ,NY,2006-10-20,2025-12-31,65.0,2087.679,1286.603,428.242,,372.834,313.75,17.611,251.019,0.0,52.598,350.717,1702.235,789.53,405.782,340.759,912.705,156.43,42.44,6638.889,-0.0437,0.2828,0.7421
LITE,Lumentum Holdings Inc,Information Technology,452010,NASDAQ,CA,,2025-06-30,10.562,1645.0,995.7,568.2,306.6,81.1,-172.9,22.2,25.9,0.0,231.0,126.3,4218.7,3084.0,2608.2,877.1,1134.7,69.8,95.06,6635.188,3.3906,0.7805,2.4612
OR,Or Royalties Inc,Materials,151040,NYSE,QC,,2025-12-31,,277.37,13.39,30.225,,233.755,196.765,4.475,206.088,39.284,36.879,245.596,1566.479,134.438,5.002,142.131,1432.041,187.152,35.39,6623.309,0.9694,0.3554,0.2115
SNDK,Sandisk Corp,Information Technology,452020,NASDAQ,CA,,2025-06-30,11.0,7355.0,4980.0,1705.0,1132.0,670.0,507.0,63.0,-1641.0,0.0,204.0,84.0,12985.0,3769.0,2068.0,1481.0,9216.0,146.0,45.35,6621.1,3.8844,0.9228,2.488
ADT,Adt Inc,Consumer Discretionary,253020,NYSE,FL,2018-01-19,2025-12-31,12.2,5128.607,982.972,1444.35,,2701.285,1334.069,485.37,595.951,183.269,571.733,1884.163,15818.511,12039.901,7787.765,108.54,3778.61,819.946,8.07,6616.964,0.1999,0.2666,0.6461
FSS,Federal Signal Corp,Industrials,201060,NYSE,IL,,2025-12-31,5.8,2180.5,1485.7,255.9,13.4,438.9,359.3,14.0,246.6,34.1,27.6,254.7,2392.6,1010.6,594.6,63.7,1382.0,60.9,108.59,6613.131,0.182,0.3769,0.9784
PSN,Parsons Corp,Industrials,202020,NYSE,VA,2019-05-08,2025-12-31,21.0,6364.245,4821.143,997.838,,545.264,433.696,51.303,241.139,0.0,67.97,478.382,5769.534,3001.862,1386.571,466.388,2642.02,106.968,61.8,6610.622,-0.3301,0.4171,0.6438
VNOM,Viper Energy Inc,Energy,101020,NASDAQ,TX,2014-06-18,2025-12-31,0.0,1395.0,862.0,35.0,,498.0,-109.0,106.0,-68.0,327.0,2424.0,1053.0,12671.0,2308.0,2186.0,13.0,4448.0,170.943,38.63,6603.528,-0.1653,0.3565,0.9988
MOG.A,Moog Inc  -Cl A,Industrials,201010,NYSE,NY,,2025-09-30,13.5,3860.624,2683.547,647.639,93.671,529.438,425.723,77.625,235.028,36.43,144.731,273.086,4426.055,2433.5,1144.007,62.213,1992.555,31.662,207.67,6575.248,0.2446,0.3364,1.1702
WING,Wingstop Inc,Consumer Discretionary,253010,NASDAQ,TX,2015-06-12,2025-12-31,1.367,696.853,96.058,383.565,0.0,217.23,192.162,35.784,174.267,32.235,47.441,153.065,693.409,1430.171,1270.406,228.453,-736.762,27.541,238.49,6568.253,-0.1574,0.5773,0.9123
FND,Floor & Decor Hldgs,Consumer Discretionary,255040,NYSE,GA,2017-04-27,2025-12-31,13.723,4684.088,2406.68,1770.546,0.0,506.862,269.695,17.022,208.647,0.0,317.764,381.836,5469.358,3060.522,1991.477,249.296,2408.836,107.774,60.89,6562.359,-0.3893,0.4612,1.2521
BYD,Boyd Gaming Corp,Consumer Discretionary,253010,NYSE,NV,1993-10-15,2025-12-31,16.009,4091.989,2329.771,569.819,0.0,1192.399,889.689,160.842,1843.273,57.274,588.215,976.679,6574.69,3966.808,2711.657,359.567,2608.499,76.368,85.24,6509.608,0.186,0.2817,0.9463
VLY,Valley National Bancorp,Financials,401010,NASDAQ,NJ,,2025-12-31,3.675,3494.61,1608.614,676.53,,1209.466,1140.748,,597.983,249.369,18.098,343.832,64132.725,56325.027,3430.305,1583.565,7453.353,556.618,11.68,6501.298,0.3481,0.3232,1.0821
GKOS,Glaukos Corp,Health Care,351010,NYSE,CA,2015-06-25,2025-12-31,1.094,507.442,71.476,479.31,150.614,-43.344,-83.849,4.635,-187.691,0.0,24.273,-14.789,893.487,237.332,106.545,278.76,656.155,57.511,112.91,6493.567,-0.247,0.528,1.3967
MKTX,Marketaxess Holdings Inc,Financials,402030,NASDAQ,NY,2004-11-05,2025-12-31,0.868,870.665,422.677,,,447.988,371.289,1.487,246.627,113.785,58.014,382.139,1934.886,776.627,284.938,684.251,1145.667,35.777,181.25,6484.581,-0.1853,0.2746,-0.2449
THG,Hanover Insurance Group Inc,Financials,403010,NYSE,MA,1995-10-10,2025-12-31,4.9,6594.4,5707.4,,,,887.0,43.2,662.5,132.4,7.7,1178.2,16945.9,13374.4,1218.3,1250.2,3571.5,35.4,182.77,6470.058,0.2065,0.2349,0.4138
NEU,Newmarket Corp,Materials,151010,NYSE,VA,,2025-12-31,2.05,2725.169,1764.652,312.675,132.091,647.842,544.725,39.693,418.747,105.931,77.637,568.967,3492.465,1714.222,979.766,77.598,1778.243,9.397,687.26,6458.182,0.3228,0.2623,0.4809
PB,Prosperity Bancshares Inc,Financials,401010,NYSE,TX,1998-11-12,2025-12-31,3.941,1738.624,488.831,390.193,,859.6,825.484,,542.843,221.437,32.529,549.513,38463.425,30847.285,2179.316,1747.728,7616.14,93.058,69.11,6431.238,-0.0513,0.2385,0.7345
DSGX,Descartes Systems Group Inc,Information Technology,451030,NASDAQ,ON,1999-01-26,2026-01-31,2.403,728.992,161.117,260.337,105.31,307.538,220.407,0.967,163.767,0.0,5.73,266.246,1895.665,276.753,8.363,356.526,1618.912,86.022,74.76,6431.005,-0.2283,0.3432,0.9244
TXNM,Txnm Energy Inc,Utilities,551010,NYSE,NM,,2025-12-31,1.755,2165.606,1254.543,,,911.063,485.422,285.422,151.89,172.107,1195.922,584.489,12059.285,8599.75,5743.197,18.256,3404.018,108.921,58.88,6413.268,0.2344,0.187,0.3503
CMC,Commercial Metals,Materials,151040,NYSE,TX,1960-05-16,2025-08-31,12.69,7798.48,6302.347,690.334,,805.799,519.922,56.298,84.662,81.433,402.821,715.07,7171.834,2978.508,1528.174,1043.252,4193.066,111.189,57.67,6412.27,0.4154,0.3742,1.2443
MTG,Mgic Investment Corp/Wi,Financials,402010,NYSE,WI,1991-08-06,2025-12-31,0.542,1213.636,246.243,,,967.393,964.14,35.603,738.347,132.645,1.025,852.798,6639.486,1491.935,646.138,1135.116,5147.551,219.367,29.22,6409.904,0.2589,0.2325,0.6746
LOAR,Loar Holdings Inc,Industrials,201010,NYSE,NY,2024-04-25,2025-12-31,1.7,496.283,214.322,107.768,13.052,174.193,123.193,25.665,72.146,0.0,13.023,112.28,2029.875,855.122,725.293,84.827,1174.753,93.622,68.0,6366.296,-0.08,0.4182,1.1252
CAG,Conagra Brands Inc,Consumer Staples,302020,NYSE,IL,,2026-05-31,17.4,11281.6,8175.8,1396.0,62.7,1709.8,1314.3,397.9,-1916.2,670.0,423.4,1402.1,17274.4,10916.8,7475.1,218.0,6357.6,478.553,13.28,6355.184,-0.3335,0.2521,0.0706
URBN,Urban Outfitters Inc,Consumer Discretionary,255040,NASDAQ,PA,1993-11-09,2026-01-31,31.0,6165.376,3812.855,1614.108,0.0,738.413,605.634,4.916,464.919,0.0,260.168,575.19,5007.613,2192.326,1225.566,695.93,2815.287,89.698,70.85,6355.103,0.3714,0.5692,1.3248
ENS,Enersys,Industrials,201040,NYSE,PA,2004-07-30,2026-03-31,9.682,3751.376,2537.988,610.191,,603.197,489.639,62.395,293.557,38.142,80.074,547.596,4003.324,2094.452,1189.684,438.675,1905.284,36.462,173.72,6334.179,0.6029,0.3522,1.1521
QS,Quantumscape Corp,Consumer Discretionary,251010,NASDAQ,CA,,2025-12-31,0.7,0.0,0.0,404.379,375.608,-404.379,-471.952,2.039,-435.05,0.0,36.277,-242.473,1308.156,139.183,71.0,970.807,1168.973,607.63,10.42,6331.505,1.0077,1.0261,1.6662
KYMR,Kymera Therapeutic Inc,Health Care,352010,NASDAQ,MA,2020-08-21,2025-12-31,0.238,39.211,376.442,,316.568,-337.231,-345.544,0.312,-311.351,0.0,1.449,-232.891,1742.812,163.148,82.252,848.276,1579.664,81.324,77.81,6327.82,0.9341,0.8473,1.516
LRN,Stride Inc,Consumer Discretionary,253020,NYSE,VA,2007-12-13,2025-06-30,8.6,2405.317,1386.498,502.18,16.6,516.639,419.572,10.504,287.941,0.0,1.781,432.816,2293.959,814.34,549.76,985.266,1479.619,43.518,145.19,6318.378,-0.3752,0.6713,0.478
LFUS,Littelfuse Inc,Information Technology,452030,NASDAQ,IL,,2025-12-31,17.0,2386.294,1404.78,483.272,106.899,498.242,363.578,34.303,-71.7,71.991,67.637,433.764,3956.796,1530.762,885.827,563.678,2426.034,24.926,252.92,6304.284,0.0865,0.4128,1.4955
WAY,Waystar Holding Corp,Health Care,351030,NASDAQ,UT,2024-06-07,2025-12-31,1.7,1099.278,346.388,337.529,54.623,415.361,274.813,78.821,112.089,0.0,26.481,309.673,5785.1,1906.274,1490.926,101.686,3878.826,191.587,32.75,6274.474,-0.1076,0.369,0.7943
FAF,First American Financial Cp,Financials,403010,NYSE,CA,,2025-12-31,19.102,7445.0,6258.5,,,1186.5,970.3,157.0,621.8,223.0,188.3,950.8,16228.8,10704.5,2670.1,1619.8,5499.5,102.0,61.44,6266.88,0.0194,0.2683,0.6262
VSAT,Viasat Inc,Information Technology,452010,NASDAQ,CA,1996-12-03,2026-03-31,7.0,4640.28,2013.306,1139.992,164.908,1486.982,132.517,600.95,-34.086,0.0,992.774,1589.885,15226.596,10497.334,6939.566,1746.835,4660.301,136.558,45.8,6254.356,3.0494,0.9234,1.8257
MSA,Msa Safety Inc,Industrials,202010,NYSE,PA,,2025-12-31,5.3,1874.814,933.343,469.13,65.343,472.341,401.983,31.799,278.924,82.303,68.438,363.867,2554.374,1187.362,640.285,165.992,1363.443,38.913,160.14,6231.528,-0.0213,0.2395,0.7532
AAON,Aaon Inc,Industrials,201020,NASDAQ,OK,,2025-12-31,5.897,1442.076,1004.875,211.766,58.2,225.435,146.244,17.726,107.593,32.603,190.563,0.534,1686.51,791.525,424.646,1.239,894.985,81.691,76.25,6228.939,-0.3491,0.6021,1.5299
CWST,Casella Waste Sys Inc  -Cl A,Industrials,202010,NASDAQ,VT,1997-10-28,2025-12-31,5.6,1836.841,1189.832,224.219,,422.79,89.182,63.317,7.871,0.0,245.071,329.776,3303.326,1734.617,1239.127,123.773,1568.709,63.514,97.94,6220.561,-0.0744,0.2765,0.4003
EPRT,Essential Ppt Rlty Tst,Real Estate,601010,NYSE,NJ,2018-06-21,2025-12-31,0.056,563.756,173.175,40.972,,,349.609,111.275,253.013,242.565,0.0,381.08,6863.023,2655.129,2520.546,70.365,4199.994,209.702,29.66,6219.761,-0.0143,0.2092,0.4758
ESNT,Essent Group Ltd,Financials,402010,NYSE,,2013-10-31,2025-12-31,0.514,1260.935,401.144,,,859.791,854.558,32.696,689.969,122.067,7.364,856.053,7441.003,1684.276,531.946,771.541,5756.727,95.456,65.01,6205.595,0.2193,0.2108,0.5097
PTCT,Ptc Therapeutics Inc,Health Care,352010,NASDAQ,NJ,2013-06-20,2025-12-31,0.991,1730.655,32.94,802.392,455.249,895.323,856.508,226.308,682.644,0.0,8.86,711.196,2898.767,3104.08,2707.064,1945.371,-205.313,81.474,75.96,6188.765,0.6828,0.5051,0.9328
NXST,Nexstar Media Group,Communication Services,502010,NASDAQ,TX,2003-11-24,2025-12-31,12.832,4949.0,2549.0,1054.0,,1346.0,875.0,379.0,109.0,226.0,148.0,891.0,10846.0,8784.0,6639.0,280.0,2064.0,30.328,203.05,6158.1,0.3402,0.3327,0.8492
SANM,Sanmina Corp,Information Technology,452030,NASDAQ,CA,1993-04-14,2025-09-30,39.0,8128.382,7292.559,321.308,31.087,514.515,395.049,20.151,245.893,0.0,147.357,620.657,5858.173,3319.01,358.221,966.22,2353.906,53.404,115.11,6147.334,0.9832,0.5632,1.3105
KMX,Carmax Inc,Consumer Discretionary,255040,NYSE,VA,1997-02-04,2026-02-28,27.796,27782.152,24352.888,2403.612,0.0,1025.652,691.952,125.194,247.29,0.0,540.989,1783.847,26367.903,20479.047,18736.885,714.859,5888.856,141.799,43.17,6121.463,-0.5274,0.5044,1.2062
FNB,F N B Corp/Fl,Financials,401010,NYSE,PA,,2025-12-31,4.282,2694.832,1015.736,715.783,,963.313,873.313,,565.387,174.0,106.0,482.0,50229.0,43470.0,4190.1,2498.0,6759.0,357.303,17.1,6109.881,0.1939,0.3061,1.1309
SEE,Sealed Air Corp,Materials,151030,NYSE,NC,,2025-12-31,16.1,5359.8,3578.9,764.3,81.9,1016.6,773.0,276.1,505.5,119.5,169.5,628.0,7012.8,5775.3,4100.1,345.3,1237.5,147.253,41.43,6100.692,0.2541,0.3693,1.0562
TRNO,Terreno Realty Corp,Real Estate,601025,NYSE,WA,2010-02-10,2025-12-31,0.047,481.711,236.68,47.616,0.0,,197.415,37.857,402.992,209.155,0.0,271.862,5388.083,1241.805,946.639,25.588,4146.278,103.572,58.71,6080.712,0.0272,0.2701,0.7928
SYM,Symbotic Inc,Industrials,201060,NASDAQ,MA,2021-03-09,2025-09-30,2.0,2246.922,1814.538,474.292,216.013,-41.908,-81.526,0.0,-16.937,0.0,79.03,866.939,2401.197,1917.984,31.68,1244.993,221.271,112.636,53.9,6071.08,1.5095,0.9817,2.3613
ESI,Element Solutions Inc,Materials,151010,NYSE,FL,,2025-12-31,5.2,2551.2,1329.5,724.3,67.6,497.4,346.2,53.4,190.8,78.3,62.2,289.8,5101.4,2412.0,1711.9,626.5,2674.5,242.7,24.99,6065.073,-0.0043,0.3707,1.4161
RITM,Rithm Capital Corp,Financials,402040,NYSE,NY,,2025-12-31,7.24,4819.848,2316.543,,0.0,,2503.305,1662.433,681.446,542.623,,-1292.051,53063.126,43808.416,31099.218,2656.938,7039.697,555.881,10.9,6059.103,0.0993,0.2285,0.7681
BLCO,Bausch & Lomb Corp,Health Care,351010,NYSE,ON,2022-05-06,2025-12-31,13.0,5101.0,1825.0,2524.0,404.0,752.0,331.0,510.0,-360.0,0.0,349.0,283.0,14022.0,7503.0,5245.0,397.0,6448.0,354.209,17.08,6049.89,-0.0543,0.4397,1.2536
PCVX,Vaxcyte Inc,Health Care,352010,NASDAQ,CA,2020-06-12,2025-12-31,0.507,0.0,0.0,907.279,794.306,-907.279,-923.675,0.0,-766.628,0.0,56.973,-655.577,3002.717,317.207,117.481,1560.959,2685.51,131.059,46.14,6047.062,-0.4364,0.7472,0.8286
BTG,B2Gold Corp,Materials,151040,NYSE American,BC,,2025-12-31,6.327,3061.238,1094.742,92.041,,1874.455,1427.125,31.203,401.908,106.902,862.829,895.836,5879.316,2237.8,598.31,385.292,3593.565,1340.622,4.51,6046.205,0.8896,0.4822,0.496
SGHC,Super Group (Sghc) Ltd,Consumer Discretionary,253010,NYSE,,2020-10-02,2025-12-31,2.9,2231.0,803.0,919.0,14.6,509.0,435.0,11.0,217.0,80.0,41.0,360.0,1267.0,466.0,81.0,535.0,803.0,505.867,11.95,6045.111,0.9507,0.4927,0.9805
GXO,Gxo Logistic Inc,Industrials,203010,NYSE,CT,,2025-12-31,154.0,13178.0,11190.0,1106.0,,882.0,425.0,175.0,32.0,0.0,324.0,434.0,12262.0,9247.0,5854.0,856.0,2983.0,114.512,52.64,6027.912,0.2101,0.4081,1.168
FLR,Fluor Corp,Industrials,201030,NYSE,TX,,2025-12-31,22.995,16174.0,15524.0,149.0,,501.0,433.0,42.0,-51.0,0.0,50.0,-387.0,8236.0,4959.0,1070.0,2194.0,3244.0,152.048,39.63,6025.662,-0.1965,0.5435,1.5198
PACS,Pacs Group Inc,Health Care,351020,NYSE,UT,2024-04-11,2025-12-31,47.455,5288.932,4523.55,318.038,0.0,447.344,391.681,28.363,191.543,0.0,105.405,404.224,5584.034,4631.585,3598.081,232.051,946.771,156.615,38.39,6012.45,1.9283,0.9894,0.6427
CGNX,Cognex Corp,Information Technology,452030,NASDAQ,MA,1989-07-20,2025-12-31,2.745,994.359,289.536,490.75,138.97,214.073,184.184,0.0,114.442,54.627,8.743,245.514,2016.555,524.654,76.586,336.962,1491.901,166.997,35.98,6008.552,0.0125,0.4865,1.372
ENLT,Enlight Renewable Energy,Utilities,551050,NASDAQ,,,2025-12-31,0.406,488.596,204.526,,,284.07,134.148,178.096,132.104,0.0,1812.57,282.648,8629.902,6634.964,5121.07,938.445,1688.141,132.134,45.46,6006.812,1.6361,0.4128,0.7075
GATX,Gatx Corp,Industrials,201070,NYSE,IL,,2025-12-31,2.371,1740.4,521.9,246.1,,972.4,540.6,420.9,333.3,90.2,1316.7,648.1,17999.5,14364.4,12688.2,4984.9,2750.5,35.4,169.6,6003.84,0.1108,0.2389,0.6227
FBIN,Fortune Brands Innovatns Inc,Industrials,201020,NYSE,IL,,2025-12-31,10.0,4463.2,2341.4,1247.5,85.4,874.3,699.4,115.2,298.8,120.6,111.8,478.6,6520.6,4132.0,2818.6,265.4,2388.6,119.956,50.02,6000.199,-0.2547,0.3949,1.1876
MAT,Mattel Inc,Consumer Discretionary,252020,NASDAQ,CA,,2025-12-31,31.0,5347.623,2597.698,1961.916,227.418,788.009,620.024,118.681,397.584,0.0,181.992,593.255,6640.382,4407.334,2683.268,1242.927,2233.048,301.4,19.84,5979.776,0.119,0.4307,1.134
CIFR,Cipher Digital Inc,Information Technology,451030,NASDAQ,NY,,2025-12-31,0.066,223.942,81.216,115.511,,27.215,-171.758,36.559,-822.244,0.0,487.921,-207.938,4291.908,3456.054,2767.048,2389.555,805.535,404.963,14.76,5977.254,2.181,1.1465,2.8628
HR,Healthcare Realty Trust Inc,Real Estate,601050,NYSE,TN,1993-05-26,2025-12-31,0.539,1176.803,1377.639,48.28,0.0,,-249.116,221.112,-246.071,386.93,0.0,457.095,9210.861,4534.236,4147.475,26.172,4616.893,351.603,16.95,5959.671,0.0689,0.2244,0.3064
COMP,Compass Inc,Real Estate,602010,NYSE,NY,2021-04-01,2025-12-31,3.2,6961.6,6110.4,766.9,245.8,84.3,-27.6,9.0,-58.5,0.0,13.4,216.7,1539.5,752.2,476.2,199.0,782.0,563.479,10.57,5955.973,0.8068,0.6135,1.066
PRMB,Primo Brands Corp,Consumer Staples,302010,NYSE,FL,,2025-12-31,12.6,6664.0,3928.1,1390.4,,1345.5,735.3,326.5,60.1,150.4,377.4,687.4,10602.8,7610.2,5725.2,376.9,2992.6,363.941,16.35,5950.435,-0.4596,0.4165,0.4371
LW,Lamb Weston Holdings Inc,Consumer Staples,302020,NYSE,ID,,2026-05-31,10.0,6612.3,4866.9,632.7,18.9,1112.7,720.9,193.0,290.0,208.0,402.7,942.9,7380.1,5555.2,4037.1,68.2,1824.9,137.455,43.18,5935.307,-0.3568,0.4542,0.4212
KEX,Kirby Corp,Industrials,203030,NYSE,TX,,2025-12-31,5.233,3364.05,2252.123,356.305,,755.622,491.496,47.327,354.569,0.0,380.189,670.204,6008.045,2625.252,1134.901,78.775,3380.512,53.771,110.18,5924.489,0.0414,0.3835,1.0563
EXP,Eagle Materials Inc,Materials,151020,NYSE,TX,1994-04-12,2026-03-31,2.8,2308.658,1491.369,89.182,,728.107,563.361,61.457,423.809,31.984,416.739,614.166,3842.244,2367.416,1796.784,297.92,1474.828,31.227,189.45,5915.955,-0.1586,0.3423,1.028
RHP,Ryman Hospitality Pptys Inc,Real Estate,601030,NYSE,TN,1991-10-24,2025-12-31,1.819,2587.335,2045.982,42.771,0.0,,498.582,241.27,243.425,291.112,0.0,590.629,6181.183,4969.407,4135.728,500.18,750.152,62.276,94.62,5892.555,-0.0472,0.2845,0.9368
RLI,Rli Corp,Financials,403010,NYSE,IL,1972-12-15,2025-12-31,1.193,1882.448,1350.157,8.899,,523.392,515.263,5.358,403.337,241.792,5.523,614.221,6161.486,4383.29,114.752,410.161,1778.196,91.879,63.98,5878.418,-0.1913,0.2303,0.3083
LTH,Life Time Grp Hold Inc,Consumer Discretionary,253010,NYSE,MN,2021-10-07,2025-12-31,44.0,2995.255,1907.781,244.611,,842.863,546.518,99.999,373.671,0.0,891.483,870.525,8007.951,4881.74,4193.848,232.169,3126.211,221.077,26.58,5876.227,0.2016,0.3849,1.0458
CHE,Chemed Corp,Health Care,351020,NYSE,OH,,2025-12-31,15.811,2529.978,1706.794,417.188,,405.996,341.155,1.75,265.238,31.695,62.795,388.272,1538.189,558.784,143.759,74.515,979.405,13.71,427.86,5865.961,-0.1887,0.2951,0.2537
TKR,Timken Co,Industrials,201060,NYSE,OH,,2025-12-31,19.0,4581.8,3041.0,748.3,,792.5,562.4,111.7,288.4,98.3,148.2,554.3,6676.8,3331.1,2055.9,386.5,3184.6,69.535,84.13,5849.98,0.2,0.3398,1.2395
ALGM,Allegro Microsystems Inc,Information Technology,453010,NASDAQ,NH,2020-10-29,2026-03-31,4.25,890.096,409.88,369.934,205.804,110.282,42.689,22.135,-14.897,0.0,38.176,163.069,1416.175,459.73,305.912,175.357,954.747,185.357,31.53,5844.306,0.2068,0.5991,1.9372
AMTM,Amentum Holdings Inc,Industrials,202020,NYSE,VA,,2025-09-30,50.0,14393.0,12840.0,531.0,,1022.0,503.0,,66.0,0.0,27.0,543.0,11460.0,6840.0,4167.0,437.0,4505.0,243.465,23.95,5830.987,0.379,0.5411,1.238
ALK,Alaska Air Group Inc,Industrials,203020,NYSE,WA,,2025-12-31,35.951,14239.0,11426.0,1465.0,,1348.0,553.0,272.0,100.0,0.0,1588.0,1249.0,20361.0,16243.0,6893.0,2151.0,4118.0,115.531,50.3,5811.209,-0.2232,0.518,1.6711
LEA,Lear Corp,Consumer Discretionary,251010,NYSE,MI,,2025-12-31,164.3,23259.1,20923.2,669.9,598.7,1666.0,1061.9,100.8,436.8,168.2,561.6,1088.8,14843.1,9642.1,3507.4,1044.0,5035.1,50.647,114.6,5804.146,0.248,0.3447,0.9568
SWX,Southwest Gas Holdings Inc,Utilities,551020,NYSE,NV,,2025-12-31,2.453,1940.38,1135.77,,,804.61,473.886,205.788,439.826,179.845,807.866,556.076,10429.477,6468.358,3508.012,576.645,3961.119,72.224,80.02,5779.364,0.1691,0.2264,0.3273
PIPR,Piper Sandler Cos,Financials,402030,NYSE,MN,,2025-12-31,1.858,1904.217,1491.298,,,412.919,385.532,4.841,281.331,114.146,34.665,586.627,2592.646,1009.853,164.865,828.715,1371.007,16.871,339.71,5731.247,0.1561,0.367,1.4411
IRTC,Irhythm Holdings Inc,Health Care,351010,NASDAQ,CA,2016-10-20,2025-12-31,2.4,747.138,199.146,574.13,74.495,-26.138,-46.88,13.154,-44.551,0.0,46.342,80.863,1020.042,867.296,731.184,583.763,152.746,32.297,177.44,5730.78,0.9678,0.4313,0.7579
MIR,Mirion Technologies Inc,Information Technology,452030,NYSE,GA,,2025-12-31,3.281,925.4,434.6,284.4,38.9,206.4,68.4,42.2,28.8,0.0,36.4,143.3,3588.1,1671.2,1233.7,422.0,1866.4,244.663,23.42,5730.007,0.3421,0.5537,1.4649
GBCI,Glacier Bancorp Inc,Financials,401010,NYSE,MT,,2025-12-31,4.188,1437.182,478.157,448.912,,510.113,461.199,,239.028,162.719,26.848,374.399,31978.063,27764.242,2844.755,1235.261,4213.821,129.972,44.05,5725.267,-0.0956,0.3325,1.0854
SOBO,South Bow Corp,Energy,101020,NYSE,AB,,2025-12-31,0.536,2044.0,1022.0,,,1022.0,775.0,339.0,433.0,416.0,178.0,717.0,11193.0,8484.0,5794.0,575.0,2709.0,208.251,27.47,5720.655,0.2553,0.285,0.5265
COGT,Cogent Biosciences Inc,Health Care,352010,NASDAQ,MA,,2025-12-31,0.258,0.0,0.0,330.799,269.78,-330.799,-333.363,3.062,-328.937,0.0,1.554,-264.444,937.607,301.236,238.797,900.765,636.371,161.052,35.52,5720.567,3.5539,1.3784,1.9634
WIX,Wix Com Ltd,Information Technology,451020,NASDAQ,,2013-11-06,2025-12-31,4.622,1993.044,629.333,1198.943,645.501,164.768,133.315,4.777,50.646,0.0,9.901,582.858,2610.974,2976.976,1586.609,1186.237,-366.002,54.99,103.89,5712.911,-0.5158,0.526,1.1681
WH,Wyndham Hotels & Resrts,Consumer Discretionary,253010,NYSE,NJ,,2025-12-31,2.0,1429.0,659.0,125.0,0.0,645.0,583.0,147.0,193.0,127.0,46.0,367.0,4182.0,3714.0,2566.0,64.0,468.0,75.4,75.56,5697.224,-0.2354,0.3128,1.0244
DAR,Darling Ingredients Inc,Consumer Staples,302020,NYSE,TX,1994-09-07,2025-12-31,15.0,6135.877,4662.419,551.158,,922.3,413.796,222.279,62.804,0.0,380.477,1059.719,10298.782,5489.267,4161.567,105.357,4736.911,158.193,36.0,5694.948,0.0686,0.451,0.9065
TMHC,Taylor Morrison Home Corp,Consumer Discretionary,252010,NYSE,AZ,2013-04-10,2025-12-31,3.0,8121.48,6251.272,727.506,,1142.702,1135.217,101.567,782.5,0.0,40.372,817.345,9837.797,3528.508,2362.632,851.231,6293.322,96.537,58.87,5683.133,-0.0382,0.3374,0.6851
POST,Post Holdings Inc,Consumer Staples,302020,NYSE,MO,,2025-09-30,13.18,8158.1,5474.2,1260.4,31.9,1423.5,922.5,381.0,335.7,0.0,510.2,998.3,13528.4,9764.6,7700.8,223.8,3753.1,52.8,107.48,5674.944,-0.1346,0.2316,0.1301
LPX,Louisiana-Pacific Corp,Industrials,201020,NYSE,TN,,2025-12-31,4.3,2708.0,1979.0,325.0,,404.0,260.0,18.0,146.0,78.0,291.0,382.0,2627.0,896.0,379.0,292.0,1731.0,70.0,80.76,5653.2,-0.2104,0.3756,0.9793
BFAM,Bright Horizons Family Soltn,Consumer Discretionary,253020,NYSE,MA,1997-08-12,2025-12-31,32.2,2933.607,2146.807,375.083,,411.717,318.315,42.021,193.116,0.0,92.177,350.726,3889.603,2550.312,1760.24,155.983,1339.291,55.622,101.4,5640.071,-0.0852,0.3625,0.6759
NOV,Nov Inc,Energy,101010,NYSE,TX,1996-10-28,2025-12-31,31.605,8744.0,6526.0,1178.0,,1040.0,685.0,88.0,145.0,190.0,375.0,1251.0,11291.0,4969.0,2340.0,1552.0,6268.0,360.803,15.63,5639.351,0.1126,0.4538,1.359
ACT,Enact Holdings Inc,Financials,402010,NASDAQ,NC,2021-09-16,2025-12-31,0.419,1235.827,326.221,,,,909.606,49.949,674.244,120.833,0.0,724.519,6893.466,1538.285,752.311,582.493,5355.181,142.209,39.64,5637.165,0.2519,0.2103,0.3883
ARW,Arrow Electronics Inc,Information Technology,452030,NYSE,CO,,2025-12-31,22.23,30852.935,27396.482,2390.627,0.0,1065.826,928.076,261.904,571.266,0.0,101.254,64.049,29078.138,22419.439,3348.314,306.467,6584.712,51.07,110.18,5626.893,-0.026,0.3034,0.9878
WFRD,Weatherford Intl Plc,Energy,101010,NASDAQ,TX,,2025-12-31,16.7,4918.0,3117.0,772.0,108.0,1029.0,762.0,137.0,431.0,74.0,226.0,676.0,5197.0,3501.0,1642.0,1042.0,1699.0,71.6,78.26,5603.416,0.1119,0.5327,1.6811
ACHR,Archer Aviation Inc,Industrials,201010,NYSE,CA,,2025-12-31,1.16,0.3,711.0,,493.9,-710.7,-728.6,4.2,-618.2,0.0,78.8,-432.9,2465.9,263.1,121.9,1972.0,2202.8,744.046,7.52,5595.226,-0.2287,0.8826,2.3981
HXL,Hexcel Corp,Industrials,201010,NYSE,CT,,2025-12-31,5.563,1893.9,1336.8,226.4,56.4,330.7,208.4,52.9,109.4,53.9,73.3,230.5,2704.0,1453.3,1018.7,71.0,1250.7,75.7,73.9,5594.23,0.1919,0.3358,1.0714
OPEN,Opendoor Technologies Inc,Real Estate,602010,NASDAQ,AZ,,2025-12-31,1.042,4371.0,3990.0,627.0,79.0,-246.0,-277.0,131.0,-1300.0,0.0,12.0,1049.0,2407.0,1402.0,1320.0,1301.0,1005.0,957.245,5.83,5580.738,2.701,1.6508,1.7128
POR,Portland General Electric Co,Utilities,551010,NYSE,OR,,2025-12-31,2.877,3576.0,2401.0,,,1175.0,597.0,243.0,306.0,231.0,1189.0,1118.0,13230.0,9097.0,5255.0,76.0,4133.0,115.559,47.99,5545.676,0.1539,0.1985,0.2351
SITE,Siteone Landscape Supply Inc,Industrials,201070,NYSE,GA,2016-05-12,2025-12-31,8.2,4704.8,3063.0,1275.8,0.0,366.0,225.2,35.0,155.4,0.0,53.7,300.5,3219.6,1536.4,980.0,190.6,1659.2,44.39,124.56,5529.218,-0.0547,0.3704,1.0285
RDNT,Radnet Inc,Health Care,351020,NASDAQ,CA,1986-07-01,2025-12-31,11.264,2040.21,1409.371,387.908,,242.931,90.804,77.025,-18.652,0.0,213.251,298.82,3758.563,2402.677,1858.854,767.215,1089.89,77.4,71.35,5522.49,0.0216,0.44,1.0622
OLED,Universal Display Corp,Information Technology,453010,NASDAQ,NJ,1992-05-14,2025-12-31,0.469,657.711,126.241,227.005,146.097,304.465,257.878,,242.075,86.251,56.47,210.83,1963.762,202.743,23.969,602.357,1761.017,47.26,116.78,5519.023,-0.1908,0.4624,1.5714
STVN,Stevanato Group S P A,Health Care,352030,NYSE,,2021-07-16,2025-12-31,6.01,1402.523,898.559,161.745,29.865,342.219,239.666,7.612,164.189,17.303,309.683,335.89,2986.945,1241.583,550.553,153.343,1745.318,273.004,20.12,5492.84,-0.0742,0.4863,0.7314
PTGX,Protagonist Therapeutics Inc,Health Care,352010,NASDAQ,CA,2016-08-11,2025-12-31,0.132,46.016,202.918,,159.29,-156.902,-158.127,0.0,-130.149,0.0,1.59,57.671,668.188,53.481,10.323,567.364,614.707,62.578,87.34,5465.563,1.2627,0.6831,-0.06
HOMB,Home Bancshares Inc,Financials,401010,NYSE,AR,2006-06-23,2025-12-31,2.543,1458.945,407.365,310.578,,741.002,711.81,,475.441,158.92,22.265,399.281,22881.879,18585.008,970.108,670.337,4296.871,196.357,27.78,5454.797,0.0093,0.2562,0.8252
ESE,Esco Technologies Inc,Industrials,201060,NYSE,MO,,2025-09-30,3.425,1095.388,609.399,234.638,23.0,251.351,176.33,17.502,299.223,8.262,36.322,241.939,2410.388,869.517,252.85,101.35,1540.871,25.829,211.11,5452.76,0.4696,0.3536,0.9312
BIPC,Brookfield Infrastrctr,Utilities,551020,NYSE,NY,2020-03-19,2025-12-31,2.7,3668.0,746.0,,,2922.0,2254.0,1155.0,-241.0,0.0,1606.0,1608.0,24025.0,22020.0,18398.0,431.0,-1299.0,119.982,45.4,5447.183,0.1828,0.2799,0.7931
GTES,Gates Industrial Corporation,Industrials,201060,NYSE,CO,2018-01-25,2025-12-31,13.0,3443.2,1850.8,864.7,71.9,727.7,513.9,125.9,251.4,0.0,73.2,478.1,7151.4,3462.2,2383.7,815.0,3334.0,253.544,21.47,5443.59,0.0438,0.4071,1.4927
LMND,Lemonade Inc,Financials,403010,NYSE,NY,2020-07-02,2025-12-31,1.282,737.9,436.9,444.4,93.9,-143.4,-158.6,17.3,-165.5,0.0,9.4,-16.5,1925.7,1392.1,182.1,609.5,533.6,75.907,71.18,5403.06,0.9406,0.8575,2.106
TFX,Teleflex Inc,Health Care,351010,NYSE,PA,,2025-12-31,15.5,1983.713,622.521,889.35,144.781,471.842,294.104,100.223,-905.64,60.47,95.236,340.677,6947.239,3822.471,2746.285,393.264,3124.768,44.195,122.04,5393.558,-0.3067,0.4078,0.7454
SLM,Slm Corp,Financials,402020,NASDAQ,DE,,2025-12-31,1.788,3109.824,1780.904,,,1328.92,1309.196,316.633,744.847,107.691,0.0,-398.581,29746.295,27294.937,5860.909,5008.462,2200.288,199.268,27.06,5392.192,-0.0021,0.3595,1.1216
MTN,Vail Resorts Inc,Consumer Discretionary,253010,NYSE,CO,1997-02-03,2025-07-31,47.03,2964.347,1671.694,433.714,,858.939,562.502,171.628,280.004,328.168,235.191,554.87,5777.885,5023.981,3444.242,456.419,424.499,35.885,150.26,5392.08,-0.2486,0.3575,0.7845
ETSY,Etsy Inc,Consumer Discretionary,255030,NYSE,NY,2015-04-16,2025-12-31,2.375,2883.501,715.955,1688.061,450.192,479.485,377.64,18.509,162.982,0.0,54.664,693.414,2827.254,3925.349,3115.134,1619.924,-1098.095,97.031,55.44,5379.399,0.0482,0.5267,0.9245
UBSI,United Bankshares Inc/Wv,Financials,401010,NASDAQ,WV,,2025-12-31,2.694,1821.007,637.555,391.098,,792.354,792.354,,464.603,212.002,17.714,498.906,33660.281,28164.298,825.782,2542.25,5495.983,139.88,38.4,5371.392,0.065,0.255,0.7871
VNT,Vontier Corp,Information Technology,452030,NYSE,NC,,2025-12-31,7.8,3075.6,1596.7,803.0,175.7,675.9,575.5,59.8,406.1,14.7,69.9,511.0,4368.8,3117.6,2135.5,492.2,1244.2,142.2,37.18,5286.996,0.0223,0.3138,1.2043
MTDR,Matador Resources Co,Energy,101020,NYSE,TX,2012-02-02,2025-12-31,0.483,3696.277,1129.462,137.069,,2429.746,1226.542,237.32,759.221,163.096,2183.371,2425.015,11710.569,5713.917,3548.671,79.477,5658.141,124.262,42.44,5273.679,-0.2232,0.4741,1.4047
FCN,Fti Consulting Inc,Industrials,202020,NYSE,DC,1996-05-08,2025-12-31,8.118,3788.857,2525.618,799.624,,463.615,414.372,21.396,270.871,0.0,58.531,152.132,3490.528,1756.797,626.721,265.091,1733.731,30.864,170.83,5272.497,-0.1062,0.2574,0.2906
SNEX,Stonex Group Inc,Financials,402030,NASDAQ,NY,1994-02-11,2025-09-30,5.43,132378.2,130563.9,,,1814.3,1746.8,1318.7,305.9,0.0,65.4,4388.3,45268.0,42890.6,18623.5,17202.2,2377.4,52.187,100.92,5266.712,0.4565,0.3981,1.0099
M,Macy'S Inc,Consumer Discretionary,255030,NYSE,NY,,2026-01-31,90.134,22621.0,13497.0,7529.0,0.0,1595.0,701.0,167.0,642.0,200.0,373.0,1430.0,16238.0,11378.0,5567.0,1246.0,4860.0,263.0,20.02,5265.26,0.3664,0.5121,1.44
REZI,Resideo Technologies,Industrials,201020,NYSE,AZ,,2025-12-31,14.8,7472.0,5203.0,1424.0,167.0,845.0,650.0,135.0,-527.0,0.0,116.0,-1137.0,8433.0,5516.0,3531.0,661.0,2435.0,149.874,35.12,5263.575,0.5236,0.5359,1.4978
CHRD,Chord Energy Corp,Energy,101020,NASDAQ,TX,2010-06-17,2025-12-31,0.676,4877.126,2540.559,128.632,,2207.935,737.764,84.569,44.459,302.478,1347.937,2040.657,13074.274,4994.32,1510.42,189.531,8079.954,56.762,92.7,5261.837,-0.1635,0.4168,1.2421
PI,Impinj Inc,Information Technology,453010,NASDAQ,WA,2016-07-21,2025-12-31,0.457,361.075,158.435,188.337,102.615,14.303,-0.737,4.367,-10.847,0.0,12.861,58.746,545.186,335.955,304.198,175.336,209.231,30.222,174.01,5258.93,0.1979,0.7476,2.1481
CNX,Cnx Resources Corp,Energy,101020,NYSE,PA,1999-04-30,2025-12-31,0.39,2239.874,774.097,,,1465.777,891.663,170.592,633.162,0.0,494.988,1028.957,9094.446,4757.43,2604.853,13.464,4337.016,142.591,36.77,5243.071,0.0027,0.3404,0.4114
BKH,Black Hills Corp,Utilities,551030,NYSE,SD,,2025-12-31,2.795,2310.0,1478.8,,,831.2,547.4,219.8,291.6,197.9,819.8,673.4,10869.8,6964.1,4701.1,190.4,3823.6,75.477,69.42,5239.613,0.2392,0.1967,0.227
HWC,Hancock Whitney Corp,Financials,401010,NASDAQ,MS,,2025-12-31,3.627,2021.067,557.031,546.86,,917.176,879.909,,486.073,155.077,18.72,541.778,35472.762,31012.645,1338.204,695.261,4460.117,82.259,63.68,5238.253,0.2004,0.3091,1.1013
MMSI,Merit Medical Systems Inc,Health Care,351010,NASDAQ,UT,1990-05-14,2025-12-31,7.5,1515.906,664.204,531.301,97.352,320.401,197.233,26.461,128.489,0.0,81.716,297.371,2685.922,1101.619,821.572,448.549,1584.303,59.424,88.14,5237.631,-0.0887,0.2971,0.8651
FLG,Flagstar Bank Na,Financials,401010,NYSE,NY,1993-10-01,2025-12-31,5.631,4807.0,2929.0,1178.0,,700.0,552.0,,-177.0,15.0,67.0,-181.0,87512.0,79368.0,12611.0,5894.0,7640.0,415.982,12.59,5237.213,0.3538,0.392,0.9158
MCY,Mercury General Corp,Financials,403010,NYSE,CA,,2025-12-31,4.3,6004.968,5263.473,,,741.495,689.572,28.623,541.094,70.343,58.431,1087.188,9560.669,7143.394,588.005,1951.271,2417.275,55.389,94.06,5209.889,0.4407,0.3889,0.7063
ACA,Arcosa Inc,Industrials,201030,NYSE,TX,,2025-12-31,6.39,2883.4,2013.2,305.0,,565.2,342.2,108.8,208.4,10.0,165.6,341.1,4985.2,2343.8,1582.6,214.6,2641.4,49.0,106.32,5209.68,0.1015,0.3545,1.0798
APGE,Apogee Therapeutics Inc,Health Care,352010,NASDAQ,CA,2023-07-14,2025-12-31,0.261,0.0,0.0,284.177,214.712,-284.177,-285.595,0.0,-255.843,0.0,5.147,-227.45,937.134,33.251,8.849,730.192,903.883,68.401,75.48,5162.907,0.6662,0.6427,1.2344
WTM,White Mtns Ins Group Ltd,Financials,403010,NYSE,,,2025-12-31,1.648,2766.8,1692.2,434.3,,640.3,611.9,78.4,1106.4,2.6,0.0,550.5,12306.5,6051.4,893.2,2520.8,5425.4,2.48,2078.03,5152.891,0.0689,0.2488,0.3645
UFPI,Ufp Industries Inc,Industrials,201020,NASDAQ,MI,1993-11-10,2025-12-31,13.8,6320.343,5129.833,660.317,,530.193,369.142,10.917,294.792,82.35,269.377,545.737,4022.893,934.186,356.84,959.445,3062.359,56.592,91.05,5152.702,-0.1802,0.2938,0.7141
WEX,Wex Inc,Financials,402010,NYSE,ME,2005-02-16,2025-12-31,6.6,2660.8,938.7,717.2,,1004.9,673.8,240.6,304.1,0.0,140.6,454.3,14399.5,13165.0,4921.8,6013.5,1234.5,34.3,148.98,5110.014,-0.1502,0.4365,1.4236
LIF,Life360 Inc,Information Technology,451030,NASDAQ,CA,,2025-12-31,0.547,489.481,99.81,351.934,128.409,37.737,24.408,1.3,150.832,0.0,1.792,88.63,959.688,411.506,310.745,494.261,548.182,79.36,64.14,5090.15,0.5542,0.6132,1.7944
KBR,Kbr Inc,Industrials,202020,NYSE,TX,2006-11-16,2025-12-31,36.0,7786.0,6521.0,578.0,,687.0,572.0,158.0,415.0,85.0,42.0,524.0,6584.0,5072.0,2897.0,500.0,1503.0,126.454,40.2,5083.451,-0.2966,0.3079,0.7719
OZK,Bank Ozk,Financials,401010,NASDAQ,AR,1997-07-17,2025-12-31,3.28,2805.814,1250.471,425.851,,1129.492,1129.492,,715.48,198.139,106.001,837.73,40785.84,34655.989,636.276,2833.821,5790.871,110.383,46.02,5079.826,0.0733,0.3218,1.0478
IMVT,Immunovant Inc,Health Care,352010,NASDAQ,NC,,2026-03-31,0.315,0.0,0.0,532.493,456.66,-532.493,-532.902,0.0,-505.606,0.0,0.008,-407.31,957.014,104.422,0.072,902.11,852.592,203.94,24.84,5065.87,0.0262,0.5773,1.0355
HUT,Hut 8 Corp,Information Technology,451030,NASDAQ,FL,,2025-12-31,0.248,235.118,107.774,130.239,,-2.895,-104.796,30.073,-226.149,0.0,202.928,-139.226,2753.72,1064.25,429.331,47.287,1421.925,110.091,45.94,5057.581,1.2421,0.9754,2.6697
ABCB,Ameris Bancorp,Financials,401010,NYSE,GA,,2025-12-31,2.673,1664.939,527.846,393.791,,743.302,710.665,,412.154,55.197,20.539,390.183,27515.879,23439.851,743.017,1088.92,4076.028,68.022,74.27,5051.994,0.2013,0.291,1.0108
MC,Moelis & Co,Financials,402030,NYSE,NY,2014-04-16,2025-12-31,1.416,1516.796,1231.054,,,285.742,273.863,0.0,233.037,212.621,36.33,576.297,1740.685,1060.308,267.155,509.365,568.397,73.421,68.74,5046.96,-0.0316,0.3803,1.4526
MSM,Msc Industrial Direct  -Cl A,Industrials,201070,NYSE,NY,1995-12-15,2025-08-31,7.284,3769.521,2144.998,1222.406,0.0,402.117,313.729,24.063,199.328,190.837,92.84,333.717,2462.064,1065.562,538.807,56.228,1388.21,55.79,90.23,5033.932,0.1729,0.2805,0.8068
CRSP,Crispr Therapeutics Ag,Health Care,352010,NASDAQ,,2016-10-19,2025-12-31,,3.51,552.349,,381.059,-548.839,-568.318,0.0,-581.599,0.0,0.914,-345.014,2265.243,343.43,206.746,1979.718,1921.813,95.894,52.44,5028.681,0.3323,0.6203,1.2653
SIGI,Selective Ins Group Inc,Financials,403010,NASDAQ,NJ,,2025-12-31,2.8,5304.54,4661.56,10.149,,632.831,606.531,49.322,466.411,95.926,38.742,1233.021,15155.71,11546.735,1007.212,1262.034,3408.975,60.076,83.67,5026.559,-0.0879,0.3245,0.3681
MSGS,Madison Square Garden Sports,Communication Services,502020,NYSE,NY,,2025-06-30,1.007,1039.22,755.118,266.076,,18.026,14.808,21.652,-22.438,0.019,3.621,91.607,1472.974,1754.413,1184.668,153.188,-281.439,24.018,208.95,5018.561,0.1461,0.2473,0.6379
GVA,Granite Construction Inc,Industrials,201030,NYSE,CA,1990-04-20,2025-12-31,5.8,4424.379,3549.343,407.561,,467.475,303.655,47.223,193.003,22.721,138.27,468.916,4030.393,2808.86,1497.588,600.241,1179.048,43.497,115.35,5017.379,0.3223,0.2576,0.8035
INGM,Ingram Micro Holding Corp,Information Technology,452030,NYSE,CA,2024-10-24,2025-12-31,22.2,52556.263,48844.626,2357.696,0.0,1353.941,1156.755,302.57,327.882,77.951,130.754,916.127,21244.384,16995.966,3658.726,1864.724,4248.418,235.073,21.34,5016.458,0.1176,0.394,1.2787
SHC,Sotera Health Co,Health Care,352030,NASDAQ,OH,2020-11-20,2025-12-31,3.0,1163.617,409.794,244.694,,509.129,370.102,168.322,77.949,0.0,138.018,287.195,3263.19,2657.155,2273.653,346.456,606.035,284.371,17.64,5016.304,0.2895,0.4394,1.2102
KRG,Kite Realty Group Trust,Real Estate,601070,NYSE,IN,2004-08-11,2025-12-31,0.228,832.715,645.78,55.459,0.0,,131.476,135.377,298.663,267.25,0.0,429.659,6664.497,3472.723,3090.821,478.366,3073.609,208.98,23.97,5009.251,-0.0025,0.2462,0.6969
MMS,Maximus Inc,Industrials,202020,NYSE,VA,1997-06-12,2025-09-30,37.2,5431.276,4056.164,712.68,,662.432,528.716,84.08,319.034,68.71,63.213,429.372,4069.639,2395.604,1444.167,260.459,1674.035,54.805,91.37,5007.533,0.1746,0.2827,0.3751
AUB,Atlantic Union Bankshrs Crp,Financials,401010,NYSE,VA,,2025-12-31,3.064,2026.166,808.362,472.371,,745.433,701.373,,273.715,180.19,12.412,2237.38,37585.754,32579.356,1627.102,966.462,5006.225,141.777,35.3,5004.728,-0.0272,0.3484,1.1919
OPCH,Option Care Health Inc,Health Care,351020,NASDAQ,IL,,2025-12-31,8.266,5649.519,4558.504,682.451,,408.564,337.906,54.558,207.585,0.0,41.307,258.447,3455.769,2129.376,1273.347,232.624,1326.393,156.858,31.86,4997.496,0.3733,0.3316,0.3392
ZETA,Zeta Global Holdings Corp,Information Technology,451030,NYSE,NY,2021-06-10,2025-12-31,3.3,1304.668,513.587,690.237,117.173,100.844,28.805,0.371,-31.509,0.0,13.815,198.902,1503.524,698.935,217.742,319.764,804.589,244.821,20.35,4982.107,0.1312,0.7259,1.9592
CPA,Copa Holdings Sa,Industrials,203020,NYSE,,2005-12-15,2025-12-31,8.565,3617.822,2433.726,,,1184.096,818.96,98.393,671.648,265.766,1067.156,1150.436,6583.024,3807.601,2304.956,1338.159,2775.423,41.138,120.61,4961.654,0.4559,0.2917,0.7591
VICR,Vicor Corp,Industrials,201040,NASDAQ,MA,,2025-12-31,1.115,407.701,172.486,170.959,78.57,64.256,43.47,0.0,118.556,0.0,20.318,139.548,785.831,74.015,7.176,402.805,711.557,45.259,109.6,4960.386,1.2682,0.76,1.6884
MRP,Millrose Properties Inc,Real Estate,601080,NYSE,FL,,2025-12-31,0.0,600.461,87.751,26.642,,486.068,486.068,79.892,404.824,423.309,0.0,3672.821,9258.107,3401.845,2125.062,35.046,5856.262,166.003,29.87,4958.51,0.1891,0.3383,0.6789
HRI,Herc Holdings Inc,Industrials,201070,NYSE,FL,,2025-12-31,9.6,4376.0,2062.0,564.0,,1750.0,670.0,416.0,1.0,87.0,1254.0,1085.0,13776.0,11828.0,9683.0,52.0,1948.0,33.3,148.38,4941.054,-0.201,0.6012,1.5929
BCPC,Balchem Corp  -Cl B,Materials,151010,NASDAQ,NJ,,2025-12-31,1.352,1037.161,635.44,145.943,18.51,255.778,210.376,10.219,154.845,30.942,43.489,216.556,1686.252,428.839,180.687,74.595,1257.413,32.058,153.36,4916.415,-0.0533,0.2199,0.5218
ACIW,Aci Worldwide Inc,Information Technology,451030,NASDAQ,NE,1995-02-23,2025-12-31,2.93,1759.782,897.599,426.421,167.541,435.762,338.814,57.847,226.658,0.0,12.907,322.831,3104.907,1585.829,849.073,196.462,1519.078,102.712,47.81,4910.661,-0.079,0.3354,1.0226
LSTR,Landstar System Inc,Industrials,203040,NASDAQ,FL,1993-03-05,2025-12-31,1.378,4757.445,3904.565,617.945,,234.935,188.547,5.586,115.007,122.243,9.88,224.703,1635.935,840.27,134.091,452.225,795.665,34.059,143.7,4894.278,-0.1443,0.299,0.7504
RDN,Radian Group Inc,Financials,402010,NYSE,PA,1992-10-30,2025-12-31,0.9,1197.084,317.131,,,879.953,869.953,67.777,582.64,145.938,4.206,119.862,8122.397,3340.883,1131.235,1726.089,4781.514,135.498,35.99,4876.573,0.1691,0.2357,0.6074
CAMT,Camtek Ltd,Information Technology,453010,NASDAQ,,2000-07-28,2025-12-31,0.709,496.072,233.476,122.114,48.345,140.482,128.703,1.656,50.722,0.0,14.396,141.871,1259.833,642.83,530.793,668.16,617.003,45.828,106.345,4873.579,0.3166,0.6127,1.9087
ESTC,Elastic Nv,Information Technology,451030,NYSE,,2018-10-05,2026-04-30,4.019,1739.331,404.438,1354.782,451.925,-19.889,-31.723,25.142,367.766,0.0,5.092,326.894,3152.676,1876.176,591.563,1372.035,1276.5,104.751,46.43,4863.589,-0.2386,0.5136,1.3781
FRO,Frontline Plc,Energy,101020,NYSE,,,2025-12-31,0.085,1965.104,992.594,51.367,,921.143,592.683,232.729,379.081,207.039,12.531,682.46,5753.627,3242.749,3067.745,253.414,2511.35,222.623,21.82,4857.634,0.6105,0.4959,0.5897
WK,Workiva Inc,Information Technology,451030,NYSE,IA,2014-12-12,2025-12-31,2.86,884.568,186.395,729.624,214.844,-31.451,-42.441,12.777,-26.169,0.0,2.075,140.07,1493.571,1499.007,797.348,892.333,-5.436,56.32,86.25,4857.6,-0.2123,0.5294,0.9097
ST,Sensata Technologes Hldg Plc,Industrials,201040,NYSE,MA,2010-03-11,2025-12-31,16.7,3704.5,2444.1,490.0,133.8,770.4,514.0,149.1,31.3,70.4,131.2,621.5,6751.7,3966.3,2922.6,573.0,2785.4,145.8,33.29,4853.682,0.2345,0.484,1.7809
OGS,One Gas Inc,Utilities,551020,NYSE,OK,,2025-12-31,4.0,2427.428,1652.705,,,774.723,457.467,154.609,264.224,164.475,707.226,578.833,8853.084,5412.961,3386.178,33.727,3440.123,62.692,77.25,4842.957,0.1555,0.1933,0.1512
AGX,Argan Inc,Industrials,201030,NYSE,VA,,2026-01-31,1.409,944.606,748.64,58.977,,136.989,134.701,0.0,137.774,24.275,3.877,414.718,1186.354,724.092,6.387,894.981,462.262,13.951,347.11,4842.532,1.3058,0.7072,1.5943
NJR,New Jersey Resources Corp,Utilities,551020,NYSE,NJ,,2025-09-30,1.376,2036.412,1396.971,,,639.441,450.667,135.081,335.627,168.835,660.048,466.349,7578.775,5187.109,3767.698,0.591,2391.666,100.479,48.15,4838.064,0.0287,0.1816,0.0861
WULF,Terawulf Inc,Information Technology,451030,NASDAQ,MD,,2025-12-31,0.141,168.455,82.663,166.029,,-80.237,-168.834,89.948,-661.416,0.0,1060.189,-123.18,6558.182,6417.737,5195.726,3456.322,140.445,420.066,11.49,4826.558,1.03,1.1863,2.7501
REYN,Reynolds Consumer Products,Consumer Staples,303010,NASDAQ,IL,2020-01-31,2025-12-31,6.0,3721.0,2712.0,344.0,48.0,665.0,532.0,86.0,301.0,192.0,161.0,477.0,4936.0,2683.0,1698.0,147.0,2253.0,210.3,22.92,4820.076,-0.117,0.2404,0.2685
BC,Brunswick Corp,Consumer Discretionary,252020,NYSE,IL,,2025-12-31,14.0,5362.8,3738.1,1019.7,168.7,605.0,312.5,111.7,-137.3,112.6,165.8,562.1,5312.2,3686.6,2282.8,275.7,1625.6,64.889,74.24,4817.359,0.1807,0.4488,1.4667
CCC,Ccc Intelligent Solutions Hl,Information Technology,451030,NASDAQ,IL,,2025-12-31,2.185,1057.001,203.96,599.394,227.496,253.647,103.367,77.582,0.412,0.0,60.971,315.479,3573.432,1786.422,1362.423,111.192,1787.01,605.449,7.95,4813.32,-0.3223,0.3101,0.7115
LAUR,Laureate Education Inc,Consumer Discretionary,253020,NASDAQ,FL,2017-02-01,2025-12-31,18.34,1701.93,1145.259,51.074,,505.597,431.102,10.661,281.63,0.0,103.043,366.461,2206.35,1017.59,515.471,152.075,1187.937,142.94,33.67,4812.79,0.8409,0.3028,0.6885
CELC,Celcuity Inc,Health Care,352010,NASDAQ,MN,2017-09-20,2025-12-31,0.155,0.0,0.0,172.025,144.995,-172.025,-172.192,17.148,-177.042,0.0,0.249,-153.28,466.558,366.003,321.905,441.497,100.555,48.245,99.74,4811.956,6.6196,1.8215,1.0609
SR,Spire Inc,Utilities,551020,NYSE,MO,,2025-09-30,3.497,2476.4,1654.3,,,822.1,523.9,223.6,271.7,185.2,922.4,578.0,11575.3,8179.8,5239.1,5.7,3147.4,59.026,81.52,4811.8,0.2706,0.1915,0.1768
BCO,Brinks Co,Industrials,202010,NYSE,VA,,2025-12-31,65.4,5261.2,3612.4,778.0,,870.8,572.2,245.5,199.7,42.3,203.1,639.5,7339.2,6931.9,4616.7,1725.9,277.7,41.1,116.73,4797.603,0.2718,0.308,0.8365
GHC,Graham Holdings Co,Consumer Discretionary,253020,NYSE,VA,,2025-12-31,19.92,4911.563,3441.677,1110.198,,359.688,247.282,52.587,292.291,31.36,71.881,347.185,8395.713,3527.035,1466.623,1400.375,4794.025,4.361,1098.6,4790.995,0.2699,0.2813,0.789
THO,Thor Industries Inc,Consumer Discretionary,251020,NYSE,IN,,2025-07-31,20.9,9579.49,8112.089,853.933,48.584,613.468,342.261,48.441,258.559,106.13,122.987,577.923,7065.284,2775.732,1027.146,586.596,4288.498,52.633,90.99,4789.077,0.0978,0.4187,1.0262
WFG,West Frser Tmbr Co Ltd,Materials,151050,NYSE,BC,,2025-12-31,9.6,5462.0,5113.0,280.0,,69.0,-475.0,21.0,-937.0,101.0,411.0,95.0,7620.0,1771.0,333.0,202.0,5849.0,78.3,61.11,4784.913,-0.2807,0.2892,0.595
SRRK,Scholar Rock Holdng Crp,Health Care,352010,NASDAQ,MA,2018-05-24,2025-12-31,0.289,0.0,0.0,346.987,208.44,-346.987,-348.645,6.893,-377.939,0.0,0.602,-300.035,404.272,158.784,108.915,367.563,245.488,108.461,44.05,4777.707,0.0192,0.6865,1.2871
LEU,Centrus Energy Corp,Energy,101020,NYSE,MD,1998-07-23,2025-12-31,0.467,448.7,329.7,58.9,16.9,60.1,50.2,14.0,77.8,0.0,19.7,51.0,2445.9,1680.8,1216.2,1957.4,765.1,19.664,242.76,4773.633,2.6445,0.9585,1.8374
NNI,Nelnet Inc,Financials,402020,NYSE,NE,2003-12-11,2025-12-31,5.744,2092.007,1169.339,,,922.668,889.097,496.95,428.474,42.993,26.238,422.985,14063.783,10486.554,7793.965,1196.009,3685.792,35.877,132.96,4770.206,0.2568,0.2381,0.6835
SBRA,Sabra Health Care Reit Inc,Real Estate,601050,NASDAQ,CA,,2025-12-31,0.058,778.56,465.424,52.663,0.0,,260.473,112.489,155.609,294.351,0.0,348.613,5493.396,2669.608,2536.275,78.14,2821.841,251.697,18.94,4767.141,0.169,0.2208,0.107
BILL,Bill Holdings Inc,Information Technology,451030,NYSE,CA,2019-12-12,2025-06-30,2.364,1462.57,215.297,1238.524,340.059,8.749,-80.694,18.563,23.799,0.0,38.102,350.644,10063.982,6149.942,1785.742,2320.076,3914.04,103.012,46.26,4765.335,-0.3562,0.6096,1.6884
MZTI,Marzetti Co (The),Consumer Staples,302020,NASDAQ,OH,,2025-06-30,3.7,1909.122,1391.398,226.397,,291.327,229.249,0.078,167.347,103.502,58.0,261.496,1274.724,276.229,55.553,161.476,998.495,27.534,172.77,4757.049,-0.0293,0.2988,0.2498
QLYS,Qualys Inc,Information Technology,451030,NASDAQ,CA,2012-09-28,2025-12-31,2.625,669.125,100.277,332.405,117.284,236.443,221.952,0.0,198.32,0.0,4.99,309.4,1095.081,533.928,52.274,445.939,561.153,35.73,132.9,4748.517,-0.0522,0.3557,0.8583
MAC,Macerich Co,Real Estate,601070,NYSE,CA,1994-03-09,2025-12-31,0.598,1049.929,966.13,31.539,0.0,,52.26,300.795,-197.149,173.881,0.0,321.604,8368.685,5841.615,5135.925,372.963,2448.871,256.991,18.46,4744.054,-0.0368,0.3913,1.2876
CZR,Caesars Entertainment Inc,Consumer Discretionary,253010,NASDAQ,NV,,2025-12-31,50.0,11486.0,5743.0,2248.0,0.0,3495.0,2078.0,2329.0,-502.0,0.0,805.0,1302.0,31639.0,27953.0,25622.0,972.0,3504.0,202.629,23.39,4739.492,-0.3001,0.5074,1.5094
GPI,Group 1 Automotive Inc,Consumer Discretionary,255040,NYSE,TX,1997-10-30,2025-12-31,20.452,22571.4,18949.5,2538.1,,1083.8,962.7,288.6,325.2,25.7,270.0,694.5,10349.6,7560.5,5870.3,32.5,2789.1,12.043,393.3,4736.512,-0.0625,0.345,0.8809
CACC,Credit Acceptance Corp,Financials,402020,NASDAQ,MI,1992-06-05,2025-12-31,2.314,2317.2,1209.9,,,1107.3,1103.7,462.9,423.9,0.0,1.6,1054.6,8631.7,7108.1,6356.0,510.3,1523.6,10.68,443.46,4736.153,-0.0554,0.3815,1.1135
HHH,Howard Hughes Holdings Inc,Real Estate,602010,NYSE,TX,,2025-12-31,0.5,1523.662,1034.707,122.472,0.0,,366.483,318.711,123.897,0.0,0.0,462.37,10639.461,6797.215,5114.696,2097.158,3775.456,59.37,79.77,4735.945,0.0371,0.3236,0.8267
AQN,Algonquin Power & Util Corp,Utilities,551030,NYSE,ON,1998-10-08,2025-12-31,3.233,2455.0,639.8,870.4,,944.8,532.6,286.8,180.8,212.2,771.9,593.6,14136.2,9087.9,6533.2,32.7,4456.8,768.351,6.15,4725.359,0.4476,0.3256,0.4757
S,Sentinelone Inc,Information Technology,451030,NYSE,CA,2021-06-30,2026-01-31,2.9,1001.278,213.65,1037.139,323.853,-249.511,-304.444,,-450.735,0.0,24.725,76.616,2438.102,1000.957,15.001,651.286,1437.145,337.777,13.98,4722.122,-0.3243,0.4635,1.3649
RIOT,Riot Platforms Inc,Information Technology,451030,NASDAQ,CO,,2025-12-31,0.816,647.435,401.875,298.776,,-53.216,-400.027,24.144,-663.181,0.0,353.356,-572.928,3936.767,1078.361,866.758,309.789,2858.406,371.576,12.67,4707.868,0.2409,0.8233,2.373
IFS,Intercorp Financial Svcs Inc,Financials,401010,NYSE,,2007-06-21,2025-12-31,8.657,2687.734,1009.352,331.612,,1346.77,1212.93,,574.419,124.872,89.6,544.132,29456.31,25763.967,3834.671,4184.021,3670.569,111.082,42.36,4705.434,0.4891,0.2547,0.5046
ARWR,Arrowhead Pharmaceutical Inc,Health Care,352010,NASDAQ,CA,1993-06-16,2025-09-30,0.711,829.448,707.174,,607.159,122.274,98.346,89.361,-1.631,0.0,22.666,179.552,1385.295,881.879,743.981,919.366,466.052,135.702,34.49,4680.362,2.5314,0.7224,1.7498
TDS,Telephone & Data Systems Inc,Communication Services,501020,NYSE,IL,,2025-12-31,4.0,1228.207,503.26,435.062,,289.885,-62.0,107.864,-6.236,18.445,390.529,589.889,8398.303,3130.95,1404.435,770.15,3727.644,113.783,41.0,4665.103,0.2073,0.3427,0.7607
GOLF,Acushnet Holdings Corp,Consumer Discretionary,252020,NYSE,MA,2016-10-28,2025-12-31,7.3,2558.73,1294.085,893.101,76.506,371.544,316.252,61.404,188.545,57.374,74.342,194.37,2342.699,1557.363,1073.277,52.994,783.566,58.372,79.82,4659.253,0.1372,0.3363,0.8922
SNDR,Schneider National Inc,Industrials,203040,NYSE,WI,2017-04-06,2025-12-31,19.0,5674.3,4922.2,133.0,,619.1,169.1,33.8,103.6,67.2,454.6,637.4,4840.1,1815.4,496.8,243.3,3024.7,175.015,26.53,4643.148,-0.0798,0.3504,0.9497
HCC,Warrior Met Coal Inc,Materials,151040,NYSE,AL,2017-04-13,2025-12-31,1.485,1310.043,1004.891,65.681,,239.471,45.728,21.942,56.998,17.335,411.561,229.246,2783.799,642.414,270.936,353.215,2141.385,52.57,88.17,4635.097,0.6347,0.5416,0.6489
ALKS,Alkermes Plc,Health Care,352010,NASDAQ,,1991-07-16,2025-12-31,2.05,1475.899,169.292,1015.824,323.964,290.783,263.618,12.277,241.664,0.0,40.42,520.754,2486.993,667.698,69.999,1319.421,1819.295,165.607,27.98,4633.684,-0.0271,0.3507,0.5968
CE,Celanese Corp,Materials,151010,NYSE,TX,2005-01-21,2025-12-31,11.434,9544.0,6994.0,1024.0,125.0,1526.0,767.0,725.0,-1165.0,13.0,343.0,1146.0,21695.0,17223.0,12934.0,1263.0,4049.0,109.57,42.28,4632.62,-0.3876,0.6395,1.7599
AD,Array Dig Infrastructure Inc,Communication Services,501020,NYSE,IL,1988-05-04,2025-12-31,0.06,162.961,79.485,84.444,,-0.968,-49.23,28.222,48.756,1986.719,27.2,200.836,4678.088,2103.531,1199.491,113.4,2567.626,86.38,53.62,4631.696,0.2213,0.298,0.5049
TGTX,Tg Therapeutics Inc,Health Care,352010,NASDAQ,NC,1995-12-14,2025-12-31,0.399,616.287,100.655,392.249,160.215,123.383,123.324,26.727,447.179,0.0,0.214,-24.772,1063.253,415.233,254.399,141.97,648.02,155.306,29.81,4629.672,-0.0096,0.5103,0.4683
FXHO,Utime Ltd,Information Technology,452030,NASDAQ,,2021-04-06,2026-03-31,,28.473,27.394,1.404,0.778,-0.325,-1.119,0.867,-4.036,0.0,0.006,-21.21,64.826,44.837,11.633,38.003,20.742,1692.423,2.71,4586.466,-0.9967,1.862,1.3709
ORLA,Orla Mining Ltd,Materials,151040,NYSE American,BC,,2025-12-31,1.085,1057.881,349.901,86.921,,621.059,471.758,27.47,106.895,5.102,117.481,803.269,2078.333,1422.179,366.255,420.776,656.154,340.137,13.47,4581.645,1.4314,0.6954,0.4662
CORZ,Core Scientific Inc,Information Technology,451030,NASDAQ,DE,2021-02-10,2025-12-31,0.325,319.019,212.208,203.031,,-96.22,-165.133,,-288.616,0.0,729.0,278.25,2347.644,3310.384,1162.523,311.378,-962.74,314.231,14.56,4575.203,0.0363,0.8393,2.0784
CVSA,Covista Inc,Consumer Discretionary,253020,NYSE,IL,1991-06-21,2025-06-30,10.371,1788.29,730.728,647.18,,410.382,358.46,50.58,237.065,0.0,50.327,337.899,2752.352,1318.727,774.0,213.964,1433.625,35.952,127.23,4574.173,0.1389,0.4957,0.7777
VVV,Valvoline Inc,Consumer Discretionary,255040,NYSE,KY,2016-09-23,2025-09-30,11.4,1710.3,932.4,349.9,,428.0,308.6,74.0,210.7,0.0,259.2,297.2,2670.4,2331.9,1667.4,51.6,338.5,127.1,35.91,4564.161,-0.1968,0.3104,0.6383
LAZ,Lazard Inc,Financials,402030,NYSE,NY,2005-05-05,2025-12-31,3.309,3147.974,2686.831,,,461.143,426.954,87.619,236.831,186.579,31.946,519.325,4940.734,3951.604,2176.669,1670.571,873.655,93.907,48.56,4560.124,-0.0165,0.4432,1.7264
LOPE,Grand Canyon Education Inc,Consumer Discretionary,253020,NASDAQ,AZ,2008-11-20,2025-12-31,,1106.07,486.523,276.62,,342.927,303.321,0.0,216.17,0.0,34.843,273.491,992.305,245.372,107.323,300.079,746.933,27.393,166.31,4555.73,0.0153,0.3022,0.5935
AROC,Archrock Inc,Energy,101010,NYSE,TX,1997-07-01,2025-12-31,1.35,1489.818,509.425,147.806,,832.587,575.826,165.34,322.29,141.602,502.465,622.107,4349.304,2857.825,2425.427,1.553,1491.479,174.869,26.02,4550.091,0.0801,0.3954,1.2725
RIG,Transocean Ltd,Energy,101010,NYSE,,1993-05-27,2025-12-31,5.22,3965.0,2406.0,195.0,,1364.0,705.0,555.0,-2915.0,0.0,123.0,749.0,15642.0,7534.0,5971.0,997.0,8108.0,1101.528,4.13,4549.311,0.1013,0.6311,1.6057
ACAD,Acadia Pharmaceuticals Inc,Health Care,352010,NASDAQ,CA,2004-05-27,2025-12-31,0.798,1071.505,115.027,839.907,291.013,116.571,104.811,,391.0,0.0,4.69,109.836,1564.195,336.805,52.187,819.686,1227.39,170.309,26.71,4548.953,0.4556,0.4795,0.8713
BDC,Belden Inc,Information Technology,452030,NYSE,MO,1993-09-29,2025-12-31,8.0,2715.194,1607.174,646.891,128.758,461.129,331.696,46.355,237.522,7.986,136.172,354.864,3543.621,2279.197,1410.098,389.887,1264.424,38.947,116.55,4539.273,0.0368,0.3482,1.3442
TERN,Terns Pharmaceutic Inc,Health Care,352020,NASDAQ,CA,2021-02-05,2025-12-31,0.059,0.0,0.0,110.034,77.889,-110.034,-110.124,0.0,-96.207,0.0,0.0,-82.176,1025.078,18.554,0.919,1018.982,1006.524,112.325,40.4,4537.93,6.2924,1.0933,1.0829
QTWO,Q2 Holdings Inc,Information Technology,451030,NYSE,TX,2014-03-20,2025-12-31,2.549,794.809,311.143,383.551,154.33,100.115,46.691,4.926,52.008,0.0,6.81,201.461,1276.277,614.466,346.115,434.367,661.811,62.741,72.16,4527.391,-0.2831,0.4381,1.307
SMR,Nuscale Power Corp,Industrials,201040,NYSE,OR,2020-11-24,2025-12-31,0.428,31.479,18.867,193.609,45.532,-180.997,-182.178,0.0,-355.794,0.0,0.508,-459.61,1412.512,298.961,0.0,1259.317,1168.839,318.481,14.17,4512.876,-0.2097,1.1318,2.4527
CNR,Core Natural Resources Inc,Energy,101020,NYSE,PA,,2025-12-31,4.85,4164.775,3481.936,149.011,,533.828,-87.239,49.36,-153.216,20.83,284.581,305.752,6130.053,2451.819,465.931,469.577,3678.234,50.975,88.51,4511.797,-0.1658,0.5232,0.5626
NPO,Enpro Inc,Industrials,201060,NYSE,NC,,2025-12-31,4.0,1143.3,628.9,237.5,13.3,276.9,174.8,34.0,40.5,26.2,42.0,201.2,2663.0,1119.1,721.4,114.7,1543.9,21.066,214.13,4510.863,0.2495,0.3822,1.3976
CAR,Avis Budget Group Inc,Industrials,203040,NASDAQ,NJ,,2025-12-31,25.0,11652.0,5983.0,1447.0,,4222.0,1334.0,1353.0,-889.0,0.0,4868.0,3296.0,31257.0,34299.0,28676.0,618.0,-3129.0,35.1,128.32,4504.032,0.5919,0.6168,1.3968
AIR,Aar Corp,Industrials,201010,NYSE,IL,1972-04-24,2026-05-31,7.4,3308.0,2613.9,323.2,,370.9,298.8,72.1,187.7,0.0,36.6,98.7,3355.9,1652.1,1012.0,107.8,1703.8,39.88,112.62,4491.286,0.351,0.3969,1.1551
NE,Noble Corp Plc,Energy,101010,NYSE,TX,,2025-12-31,4.5,3285.568,2072.826,133.147,,1079.595,493.912,162.403,216.717,321.331,519.523,951.678,7529.767,2980.917,2135.032,479.999,4548.85,158.854,28.24,4486.037,-0.0324,0.4917,1.4986
MTH,Meritage Homes Corp,Consumer Discretionary,252010,NYSE,AZ,1988-07-20,2025-12-31,1.86,5857.637,4682.293,616.167,,559.177,537.477,74.75,453.013,121.072,25.722,118.288,7622.287,2426.644,1889.524,775.157,5195.643,68.169,65.8,4485.52,-0.1231,0.3827,0.7989
INDV,Indivior Pharmaceuticals Inc,Health Care,352020,NASDAQ,VA,,2025-12-31,0.838,1239.0,188.0,652.0,97.0,399.0,389.0,50.0,210.0,0.0,65.0,-27.0,1201.0,1299.0,351.0,195.0,-98.0,125.0,35.88,4485.0,1.8866,0.5113,0.6663
CLBT,Cellebrite Di Ltd,Information Technology,451030,NASDAQ,,,2025-12-31,1.285,475.675,67.323,325.613,113.877,82.739,70.872,0.165,78.326,0.0,13.225,173.544,938.852,454.534,22.67,437.05,484.318,248.581,18.03,4481.915,-0.1816,0.4539,0.7073
SAIC,Science Applications Intl Cp,Industrials,202020,NASDAQ,VA,,2026-01-31,23.0,7262.0,6235.0,331.0,13.0,696.0,548.0,128.0,358.0,70.0,32.0,609.0,5354.0,3854.0,2706.0,185.0,1500.0,44.0,101.76,4477.44,-0.0873,0.3697,0.3138
PECO,Phillips Edison & Co Inc,Real Estate,601070,NASDAQ,OH,2021-07-15,2025-12-31,0.32,726.517,476.11,57.161,0.0,,193.246,110.248,111.303,158.12,0.0,348.149,5286.438,2697.06,2380.341,43.312,2286.569,125.788,35.57,4474.279,-0.0159,0.187,0.4231
ABG,Asbury Automotive Group Inc,Consumer Discretionary,255040,NYSE,GA,2002-03-14,2025-12-31,15.0,17999.0,14927.3,1982.3,0.0,1089.4,1007.0,278.7,492.0,0.0,205.3,775.1,11618.2,7726.3,6103.4,40.9,3891.9,19.229,232.53,4471.319,-0.0432,0.37,1.0202
MUR,Murphy Oil Corp,Energy,101020,NYSE,TX,,2025-12-31,0.813,2695.772,1119.173,237.368,,1339.231,292.114,104.872,104.234,186.205,1049.645,1247.808,9832.626,4595.929,2201.687,377.196,5118.38,142.785,31.25,4462.031,0.0872,0.5171,1.4552
AVT,Avnet Inc,Information Technology,452030,NASDAQ,AZ,,2025-06-30,14.869,22200.754,19745.645,1760.923,,694.186,622.57,250.473,240.217,113.31,147.474,724.504,12118.553,7107.058,2877.709,192.428,5011.495,83.854,53.08,4450.97,-0.0559,0.3089,1.0872
SSRM,Ssr Mining Inc,Materials,151040,NASDAQ,CO,1996-08-01,2025-12-31,2.9,1629.637,653.303,296.723,,679.611,467.214,9.717,395.754,0.0,230.204,471.853,6093.898,1779.644,395.23,575.613,3507.773,203.001,21.92,4449.782,2.1494,0.5413,0.5688
CRNX,Crinetics Pharmctcl Inc,Health Care,352020,NASDAQ,CA,2018-07-18,2025-12-31,0.594,7.696,520.575,,332.058,-512.879,-516.769,0.0,-465.317,0.0,5.762,-377.922,1126.257,134.174,48.541,1027.889,992.083,95.575,46.55,4449.016,-0.0896,0.6007,1.1474
TNL,Travel Plus Leisure Co,Consumer Discretionary,253010,NYSE,FL,2006-08-01,2025-12-31,19.3,4021.0,1876.0,1083.0,0.0,1062.0,938.0,368.0,230.0,152.0,117.0,640.0,6760.0,7742.0,5759.0,426.0,-981.0,63.058,70.53,4447.481,0.4553,0.3803,1.2925
BOOT,Boot Barn Holdings Inc,Consumer Discretionary,255040,NYSE,CA,2014-10-30,2026-03-31,12.7,2253.859,1316.85,559.21,0.0,377.799,299.145,1.527,225.88,0.0,178.561,304.903,2450.075,1131.419,773.48,141.036,1318.656,30.384,146.36,4447.002,0.1624,0.5203,1.513
GPK,Graphic Packaging Holding Co,Materials,151030,NYSE,GA,1992-06-17,2025-12-31,23.0,8617.0,6479.0,704.0,19.0,1434.0,909.0,272.0,444.0,131.0,922.0,841.0,11775.0,8438.0,5866.0,261.0,3336.0,295.128,15.06,4444.628,-0.4332,0.3291,0.4467
FOLD,Amicus Therapeutics Inc,Health Care,352010,NASDAQ,NJ,2007-05-31,2025-12-31,0.511,634.21,164.229,428.03,44.543,41.951,34.491,46.159,-27.11,0.0,3.296,33.145,949.87,675.629,442.363,293.536,274.241,310.854,14.24,4426.561,0.5117,0.4993,0.7035
DOCN,Digitalocean Holdings Inc,Information Technology,451020,NYSE,CO,2021-03-24,2025-12-31,1.462,901.427,232.818,374.17,161.621,294.439,156.989,17.94,259.262,0.0,266.68,309.604,1837.705,1866.395,1701.208,254.475,-28.69,91.948,48.12,4424.538,0.4124,0.6737,1.9782
KRC,Kilroy Realty Corp,Real Estate,601040,NYSE,CA,1997-01-28,2025-12-31,0.241,1119.637,727.098,73.108,0.0,319.431,301.726,211.379,276.121,258.457,0.0,566.313,10915.076,5277.333,4717.087,179.316,5420.807,118.372,37.37,4423.562,-0.02,0.3033,0.8978
ANF,Abercrombie & Fitch  -Cl A,Consumer Discretionary,255040,NYSE,OH,1996-09-25,2026-01-31,43.2,5266.292,2028.884,2418.657,0.0,818.751,663.73,2.375,506.921,0.0,240.774,619.142,3541.874,2121.463,1168.095,784.576,1403.895,45.005,97.63,4393.838,-0.1579,0.6792,1.3255
BRBR,Bellring Brands Inc,Consumer Staples,303020,NYSE,MO,2019-10-17,2025-09-30,0.53,2316.6,1544.6,327.0,16.0,445.0,426.4,68.4,216.2,0.0,4.7,260.6,941.0,1394.9,1113.8,89.1,-453.9,120.8,36.35,4391.08,-0.6452,0.5577,0.9212
BBWI,Bath & Body Works Inc,Consumer Discretionary,255040,NYSE,OH,,2026-01-31,60.735,7291.0,3848.0,2033.0,0.0,1410.0,1156.0,276.0,649.0,167.0,237.0,1102.0,5069.0,6348.0,4954.0,953.0,-1281.0,201.0,21.8,4381.8,-0.465,0.5704,1.5859
CHH,Choice Hotels Intl Inc,Consumer Discretionary,253010,NYSE,MD,1997-09-16,2025-12-31,1.754,1596.793,735.466,318.439,0.0,542.888,463.619,99.248,369.946,53.212,145.795,270.447,2918.203,2736.974,2022.449,44.997,181.229,45.996,95.26,4381.579,-0.3229,0.2933,0.7465
ECG,Everus Constrction Group Inc,Industrials,201030,NYSE,ND,,2025-12-31,9.4,3746.387,3263.615,189.222,,293.55,264.75,21.451,201.77,0.0,66.836,156.845,1728.731,1098.913,372.088,170.5,629.818,51.007,85.56,4364.159,0.3013,0.6162,1.6378
VSXY,Victorias Secret And Co,Consumer Discretionary,255040,NYSE,OH,,2026-01-31,33.0,6553.0,3913.6,2024.4,0.0,615.0,384.0,70.0,161.0,0.0,187.0,499.0,5013.0,4103.0,2846.0,518.0,856.0,80.0,54.51,4360.8,0.3078,0.6933,1.8271
HLNE,Hamilton Lane Inc,Financials,402030,NASDAQ,PA,2017-03-01,2026-03-31,0.785,758.993,424.172,,,334.821,324.943,14.952,249.18,78.602,5.844,424.917,2304.896,838.357,356.479,371.904,915.22,43.697,99.4,4343.482,-0.0791,0.4228,1.4331
ADMA,Adma Biologics Inc,Health Care,352010,NASDAQ,NJ,,2025-12-31,0.647,516.388,209.456,101.178,4.762,205.754,197.658,7.11,146.93,0.0,22.575,50.396,624.242,146.922,79.885,87.63,477.32,237.874,18.24,4338.822,0.0636,0.5181,1.1341
ZGN,Ermenegildo Zegna N V,Consumer Discretionary,252030,NYSE,,2020-11-19,2025-12-31,7.437,2250.736,711.246,1078.806,,460.684,173.159,50.692,115.748,35.8,97.947,393.988,3328.303,2037.844,1148.034,347.31,1210.536,423.221,10.25,4338.015,0.2605,0.4206,1.1304
FORM,Formfactor Inc,Information Technology,453010,NASDAQ,CA,2003-06-12,2025-12-31,2.153,784.993,437.41,247.204,115.682,100.379,62.79,0.521,54.361,0.0,103.658,115.398,1224.362,188.959,32.358,276.235,1035.403,77.648,55.78,4331.205,0.2677,0.6647,1.9984
CUZ,Cousins Properties Inc,Real Estate,601040,NYSE,GA,,2025-12-31,0.351,985.657,746.522,38.642,0.0,,200.493,166.254,40.503,220.11,0.0,402.275,8890.132,4187.93,3391.0,5.72,4679.59,167.982,25.78,4330.576,-0.1207,0.2428,0.7616
SLAB,Silicon Laboratories Inc,Information Technology,453010,NASDAQ,TX,2000-03-23,2025-12-31,1.93,784.764,303.065,514.155,353.246,-32.456,-70.541,0.975,-64.907,0.0,29.922,95.708,1269.317,174.899,23.956,443.622,1094.418,32.955,130.7,4307.218,0.0522,0.4827,1.8033
SON,Sonoco Products Co,Materials,151030,NYSE,SC,,2025-12-31,22.0,7518.753,5420.671,825.102,21.5,1272.98,766.364,233.485,1003.011,209.287,344.023,689.782,11162.334,7530.502,4644.095,378.398,3613.881,98.634,43.64,4304.388,-0.0632,0.2866,0.6345
RUN,Sunrun Inc,Industrials,201040,NASDAQ,CA,2015-08-05,2025-12-31,9.059,2956.997,1343.699,1023.427,36.125,589.871,-135.629,1046.611,449.947,0.0,2500.338,-421.44,22610.596,17626.622,14836.922,1236.84,3132.484,233.612,18.4,4298.461,0.9892,1.1289,1.5549
LNTH,Lantheus Holdings Inc,Health Care,351010,NASDAQ,MA,2015-06-25,2025-12-31,1.193,1541.609,529.559,546.459,177.308,465.591,400.22,19.749,233.559,0.0,36.089,390.141,2227.399,1137.602,623.236,359.121,1089.797,64.586,66.55,4298.198,-0.2561,0.5597,0.4674
AX,Axos Financial Inc,Financials,401010,NYSE,NV,2005-03-15,2025-06-30,1.989,1946.531,743.438,315.66,,887.433,858.414,,432.908,0.0,54.213,490.331,24783.078,22102.401,431.787,2176.354,2680.677,56.484,76.04,4295.043,0.2335,0.3223,1.1054
CROX,Crocs Inc,Consumer Discretionary,252030,NASDAQ,CO,2006-02-08,2025-12-31,8.01,4040.647,1659.503,1400.812,29.6,980.332,901.05,88.287,-81.198,0.0,51.231,710.431,4174.75,2881.467,1613.849,130.354,1293.283,50.22,85.52,4294.814,-0.2192,0.5869,1.1333
UPST,Upstart Holdings Inc,Financials,402020,NASDAQ,CA,2020-12-16,2025-12-31,1.405,1075.521,976.391,,257.602,99.13,74.295,51.536,53.601,0.0,18.407,-147.725,2974.805,2175.99,1896.836,1132.912,798.815,98.033,43.73,4286.983,-0.2898,0.8235,2.4312
OSCR,Oscar Health Inc,Financials,403010,NYSE,NY,2021-03-03,2025-12-31,2.305,11701.427,10019.025,2049.867,,-367.465,-396.357,17.601,-443.151,0.0,36.372,1094.854,6325.411,5344.676,498.802,3990.612,977.648,297.689,14.37,4277.791,0.0692,0.8304,1.0598
ASB,Associated Banc-Corp,Financials,401010,NYSE,WI,,2025-12-31,3.886,2466.132,1025.607,597.011,,843.514,784.347,,474.777,155.773,36.374,615.692,45202.596,40227.249,4209.363,1720.221,4781.235,165.98,25.76,4275.645,0.1188,0.3169,1.1525
DOCS,Doximity Inc,Health Care,351030,NYSE,CA,2021-06-24,2026-03-31,0.88,644.863,61.515,347.159,130.702,236.189,221.806,0.0,196.051,0.0,8.901,326.458,1123.687,172.85,10.185,748.601,950.837,183.06,23.3,4265.298,-0.1706,0.5993,1.2388
CSW,Csw Industrials Inc,Industrials,201020,NYSE,TX,,2026-03-31,2.7,1082.549,608.479,208.965,5.8,265.105,201.898,22.245,112.045,18.124,17.257,149.653,2316.684,1247.286,944.778,33.799,1050.409,16.349,260.58,4260.222,-0.165,0.3866,1.2693
SEB,Seaboard Corp,Consumer Staples,302020,NYSE American,KS,,2025-12-31,14.0,9746.0,8735.0,454.0,64.0,557.0,239.0,77.0,496.0,9.0,562.0,568.0,8246.0,3011.0,1917.0,1257.0,5212.0,0.958,4444.82,4258.138,0.8348,0.3316,0.3657
SLGN,Silgan Holdings Inc,Materials,151030,NYSE,CT,1997-02-13,2025-12-31,17.2,6483.166,5014.579,491.555,,977.032,657.869,189.365,288.403,86.027,307.092,729.841,9397.083,7122.782,4617.083,1080.659,2274.301,105.442,40.37,4256.694,-0.211,0.3079,0.632
FFIN,First Finl Bankshares Inc,Financials,401010,NASDAQ,TX,,2025-12-31,1.6,833.196,230.202,198.195,,404.799,391.149,,253.579,107.467,13.439,299.445,15446.476,13529.159,84.636,1077.988,1917.317,142.277,29.87,4249.814,-0.1532,0.2668,0.8064
NOVT,Novanta Inc,Information Technology,452030,NASDAQ,MA,,2025-12-31,3.0,980.6,510.861,291.143,95.484,178.596,116.664,21.472,53.829,0.0,15.627,64.056,1807.106,492.819,302.735,380.871,1314.287,35.671,118.99,4244.492,-0.2211,0.4577,1.5509
CAAP,Corporacion America Airports,Industrials,203050,NYSE,,2018-02-01,2025-12-31,6.3,1962.134,1054.894,221.942,,685.298,456.827,91.491,247.724,0.0,16.708,465.217,4448.677,2787.929,1104.95,702.892,1586.579,163.178,26.0,4242.628,0.3933,0.4044,0.874
ATMU,Atmus Filtration Technls Inc,Industrials,201060,NYSE,TN,2023-05-26,2025-12-31,4.5,1764.3,1224.8,220.7,40.7,318.8,288.8,33.4,207.4,17.3,53.9,202.7,1350.7,972.2,613.0,236.4,378.5,81.509,51.91,4231.132,0.3317,0.3325,1.1986
INTA,Intapp Inc,Information Technology,451030,NASDAQ,CA,2021-06-30,2025-06-30,1.336,504.12,118.665,392.159,137.76,-6.704,-24.376,,-18.217,0.0,9.043,123.529,894.161,374.396,22.589,313.309,519.765,81.877,51.62,4226.491,-0.2851,0.4554,1.3974
OUT,Outfront Media Inc,Real Estate,601080,NYSE,NY,,2025-12-31,1.986,1831.7,918.5,438.9,,474.3,311.3,146.4,147.0,203.7,88.8,307.6,5311.6,4577.7,4131.0,99.9,710.4,175.2,24.1,4222.32,0.4135,0.3835,1.2347
BGC,Bgc Group Inc,Financials,402030,NASDAQ,NY,1999-12-10,2025-12-31,4.56,2941.46,2481.656,,,459.804,351.607,125.318,154.962,38.994,66.034,394.353,4411.989,3266.647,1992.742,873.673,972.483,472.628,8.93,4220.568,-0.0059,0.3328,1.0023
FELE,Franklin Electric Co Inc,Industrials,201060,NASDAQ,IN,,2025-12-31,6.5,2131.25,1312.45,483.831,20.0,334.969,272.094,10.641,147.09,48.042,45.337,238.878,1944.385,617.36,234.01,109.362,1322.579,44.178,95.53,4220.324,-0.0086,0.251,0.8278
SOUN,Soundhound Ai Inc,Information Technology,451030,NASDAQ,CA,2021-03-11,2025-12-31,0.954,168.92,79.111,231.542,98.25,-141.733,-175.863,0.67,-14.006,0.0,0.902,-98.222,688.173,224.387,4.359,248.49,463.786,422.606,9.97,4213.382,-0.4975,0.9865,2.7916
ENPH,Enphase Energy Inc,Information Technology,453010,NASDAQ,CA,2012-03-30,2025-12-31,2.872,1472.985,720.538,514.806,189.075,237.641,164.657,4.521,172.133,0.0,40.639,136.54,3509.792,2422.769,1243.783,1512.854,1087.023,131.08,32.05,4201.114,-0.5333,0.7046,1.0614
FG,F&G Annuities & Life Inc,Financials,403010,NYSE,IA,2016-05-20,2025-12-31,1.173,5429.0,4986.0,,,443.0,201.0,164.0,265.0,120.0,15.0,4681.0,98430.0,93513.0,2249.0,2859.0,4804.0,135.61,30.85,4183.569,-0.2358,0.3925,0.8057
ITRI,Itron Inc,Information Technology,452030,NASDAQ,WA,1993-11-04,2025-12-31,5.55,2367.194,1443.593,550.837,207.041,372.764,323.247,22.451,301.055,0.0,22.891,405.952,3720.707,1982.511,1283.778,1020.397,1716.596,44.929,92.86,4172.107,-0.1448,0.3885,0.9866
DLO,Dlocal Limited,Financials,402010,NASDAQ,,2021-06-03,2025-12-31,1.274,1093.587,670.044,170.464,30.707,253.079,226.819,0.254,196.801,149.983,2.282,415.457,1540.964,971.535,90.283,824.067,569.261,294.932,14.14,4170.338,0.3136,0.6326,1.091
TMDX,Transmedics Group Inc,Health Care,351010,NASDAQ,MA,2019-05-02,2025-12-31,0.898,605.494,215.705,254.021,69.055,135.768,108.583,13.782,190.291,0.0,59.251,192.84,1068.373,595.273,519.278,488.366,473.1,34.268,121.65,4168.702,0.9511,0.6021,1.1734
IRT,Independence Realty Trust,Real Estate,601060,NYSE,PA,2013-08-13,2025-12-31,0.904,668.762,516.616,23.966,0.0,128.18,119.45,84.361,56.558,157.78,0.0,282.149,6021.75,2432.324,2284.557,47.622,3459.936,237.235,17.48,4146.868,-0.0855,0.2397,0.5582
NG,Novagold Resources Ltd,Materials,151040,NYSE American,BC,,2025-11-30,0.012,0.0,0.0,25.356,,-25.356,-25.378,14.774,-94.659,0.0,0.0,-14.028,335.913,172.119,159.678,115.143,163.794,406.932,10.19,4146.637,1.7988,0.7548,1.022
IBOC,Intl Bancshares Corp,Financials,401010,NASDAQ,TX,,2025-12-31,2.319,1056.024,228.944,183.047,,644.033,620.684,,412.293,87.062,18.121,491.057,16576.335,13324.697,704.744,536.487,3251.638,62.169,66.44,4130.508,0.0742,0.2627,0.7998
RUSHA,Rush Enterprises Inc,Industrials,201070,NASDAQ,TX,1996-06-06,2025-12-31,7.937,7434.195,5791.824,996.184,,646.187,393.344,48.151,263.778,58.3,399.831,861.839,4430.536,2204.693,1442.531,212.645,2203.229,76.553,53.94,4129.269,-0.0018,0.3254,0.9426
CLSK,Cleanspark Inc,Information Technology,451030,NASDAQ,NV,,2025-09-30,0.314,766.314,343.101,170.287,,252.926,-95.409,11.335,364.464,0.0,562.873,-461.032,3183.631,1008.504,825.647,46.456,2175.125,284.328,14.5,4122.756,0.0988,0.9037,2.1641
EBC,Eastern Bankshares Inc,Financials,401010,NASDAQ,MA,2020-10-15,2025-12-31,2.45,1058.298,361.849,381.593,,314.856,267.914,,88.219,105.395,19.434,432.42,30586.856,26246.303,312.834,316.869,4340.553,223.367,18.43,4116.654,0.1008,0.3203,0.9366
PRM,Perimeter Solutions Inc,Materials,151010,NYSE,MO,2021-11-09,2025-12-31,0.371,652.862,263.376,77.575,,311.911,237.879,39.135,-206.366,0.0,29.591,238.149,2653.007,1402.491,707.092,325.927,1133.319,149.44,27.53,4114.083,1.1542,0.4864,0.9588
MIRM,Mirum Pharmaceuticals Inc,Health Care,352010,NASDAQ,CA,2019-07-18,2025-12-31,0.372,521.312,75.996,443.208,186.178,2.108,-22.136,14.389,-23.363,0.0,0.954,55.827,842.813,528.123,319.452,383.327,314.69,51.896,78.99,4099.265,0.9103,0.4066,0.7787
FTDR,Frontdoor Inc,Consumer Discretionary,253020,NASDAQ,TN,2018-09-13,2025-12-31,2.034,2093.0,936.0,661.0,,496.0,407.0,79.0,255.0,0.0,26.0,416.0,2142.0,1900.0,1195.0,566.0,242.0,70.958,57.69,4093.567,0.0552,0.4363,0.7957
FOUR,Shift4 Payments Inc,Financials,402010,NYSE,PA,2020-06-05,2025-12-31,6.3,4180.0,2642.0,754.0,6.0,784.0,384.0,190.0,119.0,0.0,135.0,634.0,8713.0,6756.0,4616.0,964.0,469.0,64.79,62.97,4079.826,-0.3932,0.4774,1.268
SKY,Champion Homes Inc,Consumer Discretionary,252010,NYSE,MI,,2026-03-31,9.3,2663.639,1906.501,444.082,,313.056,265.267,7.548,206.898,0.0,34.119,303.868,2131.546,558.609,145.432,638.259,1572.937,54.841,74.37,4078.525,-0.0409,0.4754,0.8037
PJT,Pjt Partners Inc,Financials,402030,NYSE,NY,,2025-12-31,1.224,1713.671,1357.095,,,356.576,343.233,0.0,180.115,24.522,45.861,526.298,1843.25,834.207,413.918,585.798,308.247,24.314,167.2,4065.301,0.0662,0.3153,1.0003
KBH,Kb Home,Consumer Discretionary,252010,NYSE,CA,1986-08-01,2025-11-30,2.118,6236.214,5021.357,652.302,,562.555,525.252,113.921,428.789,68.574,48.4,335.682,6680.252,2779.394,1712.778,230.443,3900.858,63.174,64.33,4063.983,-0.1272,0.3662,0.6037
AZZ,Azz Inc,Industrials,201020,NYSE,TX,,2026-02-28,3.767,1650.08,1185.949,105.631,,358.5,268.444,56.693,317.26,23.075,80.776,525.446,2213.474,876.443,538.386,0.705,1337.031,29.88,135.98,4063.082,0.3186,0.3172,1.0874
AGO,Assured Guaranty Ltd,Financials,403010,NYSE,,2004-04-23,2025-12-31,0.367,974.0,524.0,,,450.0,450.0,89.0,503.0,69.0,0.0,259.0,12176.0,6387.0,1779.0,1622.0,5663.0,45.185,89.87,4060.776,0.0144,0.2302,0.6073
COTY,Coty Inc,Consumer Staples,303020,NYSE,NY,2013-06-13,2025-06-30,11.636,5892.9,1837.6,3029.9,123.0,1025.4,605.4,227.0,-367.9,0.0,215.0,492.6,11907.7,7952.1,4245.2,270.4,3542.7,872.3,4.65,4056.195,-0.5575,0.5127,1.1092
VISN,Vistance Networks Inc,Information Technology,452010,NASDAQ,TX,2013-10-25,2025-12-31,4.5,1931.6,954.5,751.0,283.5,226.1,66.5,0.0,2283.7,0.0,23.0,322.9,9371.0,9096.4,7329.6,754.4,-1004.1,223.26,18.13,4047.704,2.4798,1.1391,2.5976
VCTR,Victory Cptl Hldgs Inc,Financials,402030,NASDAQ,TX,2018-02-08,2025-12-31,0.699,1306.131,594.982,83.319,,627.83,554.979,54.787,330.062,156.961,4.157,385.485,4247.85,1823.121,1015.624,163.69,2424.53,64.15,63.09,4047.224,-0.0073,0.3616,1.3142
VSEC,Vse Corp,Industrials,201010,NASDAQ,FL,,2025-12-31,1.6,1112.275,940.947,6.824,,164.504,125.311,22.597,11.703,8.544,21.281,26.99,2028.578,589.77,342.803,69.358,1438.808,23.398,172.77,4042.472,0.8225,0.4539,1.1817
WHR,Whirlpool Corp,Consumer Discretionary,252010,NYSE,MI,,2025-12-31,41.0,15524.0,12826.0,1631.0,370.0,1067.0,729.0,341.0,318.0,300.0,389.0,470.0,16001.0,13286.0,7356.0,669.0,2726.0,56.0,72.14,4039.84,-0.331,0.4387,0.9599
VKTX,Viking Therapeutics Inc,Health Care,352010,NASDAQ,CA,2015-04-29,2025-12-31,0.053,0.0,0.0,393.342,344.955,-393.342,-393.342,0.056,-359.639,0.0,0.0,-278.685,715.729,76.667,0.137,705.739,639.062,114.793,35.18,4038.418,-0.1258,0.8046,1.5064
ALHC,Alignment Healthcare Inc,Health Care,351020,NASDAQ,CA,2021-03-26,2025-12-31,1.849,3948.719,3460.078,443.407,,45.234,15.386,15.799,-0.724,0.0,26.781,139.927,1065.786,886.509,331.601,604.23,179.277,204.154,19.75,4032.042,0.7556,0.4711,0.0377
CBT,Cabot Corp,Materials,151010,NYSE,MA,,2025-09-30,4.064,3713.0,2613.0,314.0,59.0,786.0,632.0,88.0,331.0,96.0,274.0,665.0,3815.0,2110.0,1228.0,258.0,1550.0,52.842,76.05,4018.634,-0.2567,0.3086,0.7978
NAMS,Newamsterdam Pharma Company,Health Care,352010,NASDAQ,,2020-12-09,2025-12-31,0.1,22.503,247.966,,141.832,-225.463,-225.683,0.0,-203.819,0.0,0.246,-147.783,769.284,85.853,0.202,637.562,683.431,114.399,35.08,4013.117,0.365,0.571,0.8983
CNO,Cno Financial Group Inc,Financials,403010,NYSE,IN,1987-01-01,2025-12-31,3.3,4487.4,3544.2,,,943.2,624.7,230.9,229.3,66.4,0.0,675.7,38790.6,36152.4,4144.4,1528.5,2638.2,94.484,42.47,4012.735,0.161,0.2772,0.945
HASI,Ha Sustainable Infra Cap Inc,Financials,402010,NYSE,MD,2013-04-18,2025-12-31,0.178,701.169,416.515,,0.0,,284.654,0.0,184.547,210.119,0.0,167.317,8187.965,5530.096,5149.394,145.218,2574.878,127.644,31.43,4011.851,0.2404,0.3499,0.6565
TCBI,Texas Capital Bancshares Inc,Financials,401010,NASDAQ,TX,2003-08-13,2025-12-31,1.785,1998.927,798.148,528.121,,672.658,620.492,,330.244,0.0,12.569,360.154,31540.274,27908.892,1181.65,2099.118,3331.382,44.254,90.54,4006.757,0.1578,0.3237,1.0725
SKYW,Skywest Inc,Industrials,203020,NASDAQ,UT,,2025-12-31,15.775,4058.202,2745.092,330.767,,982.343,617.846,107.945,428.334,0.0,653.366,940.364,7386.249,4639.816,2474.027,706.909,2746.433,39.871,100.41,4003.447,0.0028,0.3852,1.2788
MWA,Mueller Water Products Inc,Industrials,201060,NYSE,GA,2006-05-26,2025-09-30,3.5,1429.7,862.0,247.3,19.9,320.4,273.5,20.5,191.7,41.9,47.3,219.3,1838.9,857.2,480.0,431.5,981.7,156.331,25.52,3989.567,0.0699,0.3614,0.9205
MDU,Mdu Resources Group Inc,Utilities,551020,NYSE,ND,,2025-12-31,2.096,1875.066,1377.981,,,497.085,290.377,115.174,190.395,111.2,770.394,473.365,7622.206,4849.289,2676.855,28.212,2772.917,204.383,19.52,3989.556,0.1176,0.2369,0.4689
GBTG,Global Business Travl Gp Inc,Consumer Discretionary,253010,NYSE,,2020-10-02,2025-12-31,27.0,2718.0,1085.0,1198.0,527.0,435.0,243.0,95.0,109.0,0.0,129.0,233.0,4916.0,3255.0,1506.0,434.0,1608.0,521.089,7.65,3986.331,-0.1756,0.3692,1.0213
KNF,Knife River Corp,Materials,151020,NYSE,ND,,2025-12-31,5.298,3146.012,2371.243,280.655,,494.114,300.374,81.936,157.074,0.0,348.041,278.475,3650.113,2009.173,1218.127,123.418,1640.94,56.664,70.35,3986.312,-0.3078,0.4347,1.3108
FHI,Federated Hermes Inc,Financials,402030,NYSE,PA,1998-05-14,2025-12-31,2.091,1800.663,1277.681,,,522.982,500.982,12.732,403.299,104.82,2.762,297.345,2229.337,965.86,457.007,725.645,1196.948,76.396,52.07,3977.94,0.3043,0.2243,0.7256
CWEN,Clearway Energy Inc,Utilities,551050,NYSE,NJ,2013-07-17,2025-12-31,0.0,1429.0,571.0,,,858.0,176.0,438.0,169.0,209.0,319.0,688.0,16655.0,10741.0,9422.0,818.0,1924.0,119.459,33.26,3973.206,0.356,0.2825,0.5279
SXT,Sensient Technologies Corp,Materials,151010,NYSE,WI,,2025-12-31,4.07,1612.111,1004.182,323.897,52.9,284.032,222.934,29.581,134.489,69.614,89.409,127.826,2244.137,1050.623,749.384,36.533,1193.514,42.269,93.95,3971.173,0.342,0.3057,0.5312
CRC,California Resources Corp,Energy,101020,NYSE,CA,,2025-12-31,2.5,3669.0,1971.0,345.0,,1353.0,728.0,106.0,363.0,138.0,322.0,865.0,7403.0,3729.0,1361.0,132.0,3674.0,88.754,44.71,3968.191,-0.1083,0.4168,1.2493
MGY,Magnolia Oil & Gas Corp,Energy,101020,NYSE,TX,2017-05-05,2025-12-31,0.262,1311.845,330.107,98.0,,883.738,439.181,31.4,325.252,113.096,469.477,878.639,2903.092,903.919,419.56,266.785,1939.957,181.23,21.89,3967.125,-0.039,0.3739,1.1553
PAY,Paymentus Holdings Inc,Financials,402010,NYSE,NC,2021-05-26,2025-12-31,1.34,1196.507,875.436,204.473,61.474,116.598,75.54,,66.937,0.0,0.361,162.127,667.885,107.496,6.854,324.538,560.389,125.581,31.59,3967.104,-0.033,0.5901,0.9963
NWE,Northwestern Enrgy Group Inc,Utilities,551030,NASDAQ,SD,,2025-12-31,1.667,1610.559,1025.915,,,584.644,335.118,155.181,181.092,161.389,524.456,394.455,8459.691,5573.951,3437.872,30.738,2885.74,61.418,64.54,3963.918,0.2639,0.2048,0.2162
AMRX,Amneal Pharmaceuticals Inc,Health Care,352020,NASDAQ,NJ,,2025-12-31,8.7,3018.76,1677.279,715.434,186.175,626.047,397.874,241.091,72.057,0.0,70.063,339.992,3678.28,3672.317,2689.046,310.871,-70.794,314.565,12.6,3963.519,0.5909,0.3351,0.8618
AEO,Amern Eagle Outfitters Inc,Consumer Discretionary,255040,NYSE,PA,1994-04-13,2026-01-31,45.0,5547.236,3513.842,1485.535,0.0,547.859,327.825,6.4,191.983,85.257,260.795,456.182,4042.481,2351.047,1774.909,238.923,1693.153,168.958,23.31,3938.411,0.6474,0.7332,1.6907
SFBS,Servisfirst Bancshares Inc,Financials,401010,NYSE,AL,2014-05-14,2025-12-31,0.666,1017.649,490.529,109.412,,417.708,412.98,,276.603,67.354,5.939,355.204,17727.19,15876.843,1529.438,1626.696,1849.847,54.625,71.79,3921.529,-0.1388,0.3192,1.0278
GPOR,Gulfport Energy Corp,Energy,101020,NYSE,OK,,2025-12-31,0.245,1422.583,473.088,42.488,,907.007,600.424,60.431,427.81,0.0,527.569,803.193,3029.54,1194.822,788.747,1.813,1834.718,18.81,207.99,3912.292,0.1292,0.3592,0.8694
TBBB,Bbb Foods Inc,Consumer Staples,301010,NYSE,,2024-02-09,2025-12-31,29.202,4341.078,3621.244,643.223,0.0,76.611,-28.879,83.781,-157.727,0.0,197.129,260.045,1695.605,1466.454,776.498,229.886,229.151,116.735,33.39,3897.782,0.1807,0.4226,0.545
ENVA,Enova International Inc,Financials,402020,NYSE,IL,,2025-12-31,1.836,1830.241,1042.412,,,787.829,745.998,339.305,308.389,0.0,47.14,1819.121,6468.432,5131.708,4530.422,421.585,1336.724,24.716,157.2,3885.355,0.6396,0.4149,1.3792
PLXS,Plexus Corp,Information Technology,452030,NASDAQ,WI,1986-02-05,2025-09-30,20.0,4032.966,3549.648,199.46,,283.858,207.054,11.605,172.885,0.0,95.264,249.231,3137.11,1682.522,175.455,306.758,1454.588,26.828,144.69,3881.743,-0.0606,0.3808,1.2594
CENX,Century Aluminum Co,Materials,151040,NASDAQ,IL,1996-03-28,2025-12-31,2.906,2527.9,2179.7,79.9,,268.3,176.5,47.7,41.8,0.0,100.2,185.0,2269.3,1339.4,572.9,135.6,805.6,98.969,39.18,3877.605,1.1504,0.7005,1.8152
EOSE,Eos Energy Enterprises Inc,Industrials,201040,NASDAQ,NJ,,2025-12-31,0.787,114.203,243.857,113.652,28.542,-243.306,-257.489,29.48,-969.647,0.0,53.778,-211.19,885.197,1762.517,834.691,602.628,-2238.862,337.132,11.46,3863.533,1.358,1.0959,1.8945
VRNS,Varonis Systems Inc,Information Technology,451030,NASDAQ,FL,2014-02-28,2025-12-31,2.658,623.532,119.781,630.33,237.814,-126.579,-138.888,10.338,-129.324,0.0,15.521,147.431,1791.612,1192.956,521.747,920.966,598.656,117.547,32.8,3855.542,-0.2618,0.5898,0.7372
STEP,Stepstone Group Inc,Financials,402030,NASDAQ,NY,2020-09-16,2026-03-31,1.31,1993.603,2829.717,140.612,,-976.726,-1022.457,18.502,-535.808,118.525,2.62,66.481,6762.702,5876.676,1305.357,1119.001,-413.598,80.704,47.72,3851.195,0.1364,0.4418,1.6655
SKT,Tanger Inc,Real Estate,601070,NYSE,NC,1993-05-27,2025-12-31,0.477,595.81,331.727,78.722,0.0,,185.361,66.352,114.776,132.2,0.0,295.369,2655.982,1920.878,1688.39,53.528,706.483,115.097,33.37,3840.787,0.0138,0.2698,0.7602
WGS,Genedx Holdings Corp,Health Care,351020,NASDAQ,CT,,2025-12-31,1.3,427.539,123.992,288.725,72.026,14.822,-10.402,2.539,-21.021,0.0,19.017,33.279,523.71,215.528,113.168,171.282,308.182,29.245,130.06,3803.605,0.6922,0.974,1.6349
ACLX,Arcellx Inc,Health Care,352010,NASDAQ,CA,2022-02-04,2025-12-31,0.209,22.286,268.691,,157.611,-246.405,-253.083,0.0,-228.934,0.0,2.327,-210.258,603.99,201.639,51.919,450.334,402.351,57.929,65.2,3776.971,-0.1498,0.5174,0.9164
LB,Landbridge Co Llc,Real Estate,602010,NYSE,TX,2024-06-28,2025-12-31,0.0,199.093,6.675,62.448,,129.97,118.5,32.706,30.128,10.159,233.284,126.273,1366.056,572.071,560.285,30.741,340.302,77.089,48.99,3776.59,-0.2367,0.6849,1.7443
OSIS,Osi Systems Inc,Information Technology,452030,NASDAQ,CA,1997-10-02,2025-06-30,7.337,1713.166,1082.404,370.83,73.444,259.932,216.352,9.2,149.637,0.0,23.832,97.592,2241.257,1290.173,682.323,106.405,951.084,16.794,224.86,3776.299,0.5234,0.4307,1.1944
UCB,United Community Banks Inc,Financials,401010,NYSE,SC,2002-03-18,2025-12-31,3.07,1536.984,522.638,399.419,,614.927,614.927,,328.095,119.978,27.579,384.035,28002.554,24363.868,243.761,395.754,3638.686,120.598,31.22,3765.07,-0.0019,0.3055,1.0549
IREN,Iren Limited,Information Technology,451030,NASDAQ,,2021-11-17,2025-06-30,0.257,501.023,158.992,136.458,,205.573,24.437,11.045,86.941,0.0,573.456,245.886,2940.323,1122.835,964.233,564.526,1817.488,258.103,14.57,3760.561,2.8462,0.9732,2.0901
MATX,Matson Inc,Industrials,203030,NYSE,HI,,2025-12-31,4.17,3344.5,2422.5,294.1,,627.9,467.3,10.8,444.8,44.9,393.4,547.1,4635.6,1876.6,727.1,141.9,2759.0,30.4,123.55,3755.92,-0.0722,0.4407,1.1592
CWK,Cushman & Wakefield,Real Estate,602010,NYSE,IL,2018-08-02,2025-12-31,53.0,10288.2,8408.2,1316.8,,563.2,459.0,216.2,88.2,0.0,47.4,340.4,7676.6,5720.8,3094.6,803.5,1955.3,231.7,16.19,3751.223,0.2378,0.4074,1.2454
CVCO,Cavco Industries Inc,Consumer Discretionary,252010,NASDAQ,AZ,,2026-03-31,7.7,2244.505,1694.576,293.318,,256.611,233.569,0.541,190.551,0.0,35.406,267.491,1491.139,387.957,42.789,273.26,1103.182,7.739,484.29,3747.92,0.3239,0.388,0.8253
DORM,Dorman Products Inc,Consumer Discretionary,251010,NASDAQ,PA,1991-03-12,2025-12-31,3.871,2130.319,1198.862,460.149,34.5,471.308,416.008,86.884,204.194,0.0,37.969,113.634,2493.078,1016.003,560.962,49.436,1477.075,30.392,123.19,3743.99,-0.0491,0.3325,0.6907
INTR,Inter & Co Inc,Financials,401010,NASDAQ,,,2025-12-31,4.124,2643.483,1523.875,177.298,,942.31,880.449,,238.27,36.963,19.893,1403.343,17903.367,16016.478,3283.702,2953.781,1846.335,441.322,8.48,3742.411,1.0389,0.4532,0.7627
RH,Rh,Consumer Discretionary,255040,NYSE,CA,1998-06-19,2026-01-31,7.23,3439.536,1775.48,1127.842,0.0,536.214,389.339,231.965,124.787,0.0,199.843,452.241,4835.71,4775.11,3969.318,41.191,60.6,18.819,198.83,3741.782,-0.5448,0.7933,2.6875
LGND,Ligand Pharmaceutical Inc,Health Care,352020,NASDAQ,FL,1992-11-18,2025-12-31,0.047,215.015,13.482,168.696,81.182,32.837,-0.938,4.715,124.453,0.0,0.452,49.359,1560.637,543.425,451.541,733.521,1017.212,19.774,189.07,3738.67,0.7645,0.3496,0.8426
SIG,Signet Jewelers Ltd,Consumer Discretionary,255040,NYSE,,,2026-01-31,27.097,6813.6,3971.5,2180.3,0.0,661.8,514.3,,294.4,53.0,153.5,678.8,5952.1,3985.9,1217.3,874.8,1966.2,40.4,92.27,3727.708,0.0445,0.5615,1.4965
HGV,Hilton Grand Vacations,Consumer Discretionary,253010,NYSE,FL,,2025-12-31,22.3,5047.0,3784.0,429.0,,834.0,561.0,311.0,81.0,0.0,70.0,300.0,11537.0,10097.0,7350.0,571.0,1289.0,83.134,44.75,3720.246,0.1489,0.4164,1.3416
ONDS,Ondas Inc,Information Technology,452010,NASDAQ,FL,,2025-12-31,0.495,50.731,30.372,67.679,20.879,-47.32,-54.074,6.575,-132.019,0.0,2.034,-38.746,1132.841,661.226,25.209,616.109,437.808,380.763,9.76,3716.247,2.8125,1.3465,2.2223
TREX,Trex Co Inc,Industrials,201020,NYSE,VA,1999-04-08,2025-12-31,1.839,1174.267,651.346,202.003,4.2,320.918,257.961,,190.415,0.0,223.592,358.113,1453.441,419.177,187.334,3.807,1034.264,105.737,35.08,3709.254,-0.4918,0.5245,1.2823
BHF,Brighthouse Finanl Inc,Financials,403010,NASDAQ,NC,,2025-12-31,1.4,6334.0,6102.0,,,232.0,194.0,152.0,433.0,0.0,0.0,259.0,241800.0,234967.0,3155.0,12165.0,6768.0,57.171,64.79,3704.109,0.3487,0.6471,1.3003
TFSL,Tfs Financial Corp,Financials,401010,NASDAQ,OH,2007-04-23,2025-09-30,0.958,791.96,472.986,138.852,,180.122,157.074,,90.959,59.672,11.453,82.419,17456.564,15562.64,4888.211,429.439,1893.924,280.591,13.175,3696.786,0.159,0.228,0.567
LBTYK,Liberty Global Ltd,Communication Services,501010,NASDAQ,,,2025-12-31,6.636,4878.5,2549.3,1223.6,,1105.6,66.7,497.5,-7138.1,0.0,1343.1,1211.1,22595.9,12650.1,9423.4,2157.6,9735.7,334.804,11.04,3696.236,-0.1598,0.302,0.5639
NHI,National Health Investors,Real Estate,601050,NYSE,TN,1991-10-09,2025-12-31,0.032,379.292,150.487,29.534,0.0,,199.271,57.368,142.177,173.017,0.0,236.563,2796.887,1256.983,1163.814,19.624,1521.543,48.303,76.37,3688.9,0.1566,0.1952,0.2048
CORT,Corcept Therapeutics Inc,Health Care,352020,NASDAQ,CA,2004-04-14,2025-12-31,0.73,761.407,11.828,703.633,254.908,45.946,44.797,0.0,99.652,0.0,0.211,141.996,836.651,188.846,6.107,372.152,647.805,105.966,34.8,3687.617,-0.3094,1.3266,1.3135
STNE,Stoneco Ltd,Financials,402010,NASDAQ,,2018-10-25,2025-12-31,16.367,2569.694,471.175,531.45,,1567.069,1401.418,810.846,421.967,0.0,128.099,122.834,11310.283,9306.87,3192.103,1415.514,1996.195,248.905,14.79,3681.305,0.8557,0.4904,0.9289
POWL,Powell Industries Inc,Industrials,201040,NASDAQ,TX,,2025-09-30,3.143,1104.318,772.784,105.009,11.008,226.525,219.26,,180.747,13.093,13.149,167.937,1108.984,468.214,1.664,475.527,640.77,12.07,304.81,3679.057,0.4453,0.5957,1.6691
DJT,Trump Media & Techno Grp Crp,Communication Services,502030,NASDAQ,FL,2021-09-03,2025-12-31,0.031,3.683,1.675,164.407,42.774,-162.399,-169.82,27.348,-712.061,0.0,0.574,14.758,2629.688,982.824,949.677,1193.01,1646.714,276.724,13.24,3663.826,-0.6117,0.7745,1.695
RRR,Red Rock Resorts Inc,Consumer Discretionary,253010,NASDAQ,NV,2016-04-27,2025-12-31,9.5,2011.483,756.308,441.324,0.0,813.851,616.446,209.86,188.066,119.856,320.647,609.513,4167.073,3834.789,3471.209,142.471,208.329,59.091,61.95,3660.687,0.394,0.3783,1.101
CARG,Cargurus Inc,Communication Services,502030,NASDAQ,MA,2017-10-12,2025-12-31,1.218,906.98,56.174,580.57,138.283,270.236,244.949,,155.903,0.0,29.316,295.28,661.897,287.699,190.833,190.518,374.198,94.884,38.35,3638.801,0.0495,0.397,1.1516
GLNG,Golar Lng Ltd,Energy,101020,NASDAQ,,,2025-12-31,0.5,393.522,159.894,48.825,,184.803,135.548,139.356,65.676,103.348,883.302,470.929,5325.601,3258.047,2764.696,1175.916,1842.976,97.743,37.21,3637.017,-0.0976,0.3907,1.0221
BTU,Peabody Energy Corp,Energy,101020,NYSE,MO,,2025-12-31,5.4,3861.5,3334.9,105.0,,421.6,0.6,51.9,-52.9,36.5,411.4,333.7,5807.2,2225.0,459.9,575.3,3536.4,121.6,29.7,3611.52,0.4426,0.6243,1.0204
VERA,Vera Therapeutics Inc,Health Care,352010,NASDAQ,CA,2021-05-14,2025-12-31,0.249,0.0,0.0,315.005,215.256,-315.005,-315.473,7.531,-299.615,0.0,0.63,-241.104,734.733,130.212,77.306,714.589,604.521,71.267,50.64,3608.961,0.1975,0.9773,1.2437
PATK,Patrick Industries Inc,Consumer Discretionary,251010,NASDAQ,IN,,2025-12-31,10.0,3950.773,2964.444,543.791,,442.538,272.326,74.507,135.056,55.34,82.921,329.414,3076.174,1891.877,1494.966,26.432,1184.297,33.225,108.43,3602.587,0.327,0.3296,0.8921
INDB,Independent Bank Corp/Ma,Financials,401010,NASDAQ,MA,,2025-12-31,2.294,1169.124,379.038,345.095,,444.991,402.849,,205.122,108.733,12.135,251.16,24912.896,21347.168,901.253,771.902,3565.728,49.244,73.08,3598.752,0.1791,0.3158,1.0381
XENE,Xenon Pharmaceuticals Inc,Health Care,352010,NASDAQ,BC,2014-11-05,2025-12-31,0.37,7.5,378.027,,300.938,-370.527,-373.07,0.0,-345.91,0.0,0.799,-279.118,633.163,51.403,7.944,548.886,581.76,80.011,44.82,3586.093,0.1434,0.4237,0.9151
ARQT,Arcutis Biotherapeutics Inc,Health Care,352010,NASDAQ,CA,2020-01-31,2025-12-31,0.354,376.072,31.328,351.604,77.051,-6.86,-12.227,12.083,-16.141,0.0,0.686,-5.625,432.973,243.494,114.519,221.29,189.479,123.333,29.04,3581.59,1.0847,0.6591,1.1373
ELF,E.L.F. Beauty Inc,Consumer Staples,303020,NYSE,CA,2016-09-22,2026-03-31,0.849,1636.472,399.764,1018.366,,218.342,138.981,42.214,26.318,0.0,22.449,212.511,2394.158,1263.628,916.9,289.685,1130.53,59.09,60.61,3581.445,-0.3943,0.7526,1.5913
PLMR,Palomar Holdings Inc,Financials,403010,NASDAQ,CA,2019-04-17,2025-12-31,0.439,873.699,613.258,,,260.441,251.514,0.392,197.07,0.0,0.137,409.121,3050.967,2108.3,7.091,169.133,942.667,26.52,134.76,3573.835,0.2763,0.4041,0.7058
PII,Polaris Inc,Consumer Discretionary,252020,NYSE,MN,1987-08-21,2025-12-31,14.5,7142.8,5548.7,1350.4,371.9,243.7,-42.8,131.4,-465.5,150.3,182.9,741.0,4893.7,4054.1,1664.7,138.0,828.4,56.5,63.25,3573.625,0.1598,0.5805,1.3776
ASO,Academy Spo And Ou Inc,Consumer Discretionary,255040,NASDAQ,TX,2020-10-02,2026-01-31,23.0,6053.414,3947.801,1485.98,0.0,619.633,496.767,36.214,376.768,34.657,212.668,434.798,5277.036,3105.659,1892.451,330.32,2171.377,64.946,55.01,3572.679,-0.1223,0.5207,1.6287
BOX,Box Inc,Information Technology,451030,NYSE,CA,2015-01-23,2026-01-31,2.912,1177.253,204.122,837.84,294.542,135.291,95.791,10.698,115.383,0.0,6.074,356.45,1546.06,1348.962,556.144,479.62,-299.278,140.911,25.35,3572.094,-0.0535,0.2886,0.5178
NVST,Envista Holdings Corp,Health Care,351010,NYSE,CA,2019-09-18,2025-12-31,12.0,2719.5,1105.2,1246.5,114.0,367.8,251.8,36.6,47.0,0.0,45.3,275.7,5679.0,2572.7,1597.7,1211.7,3106.3,163.8,21.71,3556.098,0.1255,0.3962,1.271
BANF,Bancfirst Corp/Ok,Financials,401010,NASDAQ,OK,,2025-12-31,2.26,960.395,275.437,251.161,,433.797,411.255,,240.61,63.361,48.311,285.278,14838.893,12984.768,133.688,4496.072,1854.125,33.539,106.02,3555.805,-0.0803,0.2725,0.7801
CALX,Calix Inc,Information Technology,452010,NYSE,CA,2010-03-24,2025-12-31,1.921,1000.01,413.984,547.326,190.356,38.7,20.99,,17.884,0.0,19.435,134.953,1058.522,199.303,15.593,388.104,859.219,67.12,52.93,3552.662,0.5179,0.3907,1.2456
GNW,Genworth Financial Inc,Financials,403010,NYSE,VA,2004-05-25,2025-12-31,3.1,7301.0,6730.0,,,571.0,538.0,105.0,223.0,0.0,0.0,327.0,88083.0,78316.0,1558.0,3616.0,8750.0,391.837,9.03,3538.288,0.2918,0.3306,0.8997
TPC,Tutor Perini Corp,Industrials,201030,NYSE,CA,,2025-12-31,7.4,5543.039,4845.709,415.554,,281.776,231.961,54.965,80.44,3.422,180.854,748.065,5160.422,3897.76,470.92,999.153,1218.634,52.791,67.02,3538.053,1.7718,0.6347,1.6648
GFF,Griffon Corp,Industrials,201020,NYSE,NY,,2025-09-30,5.1,2519.926,1415.914,584.721,20.3,519.291,456.277,99.501,51.11,33.504,52.435,356.018,2063.637,1989.665,1592.0,99.045,73.972,46.346,76.15,3529.248,0.0442,0.3624,1.0808
ICUI,Icu Medical Inc,Health Care,351010,NASDAQ,CA,1992-03-31,2025-12-31,13.0,2231.262,1300.856,578.171,87.495,352.235,151.494,90.615,0.732,0.0,88.043,179.847,4050.508,1926.683,1348.267,307.963,2123.825,24.688,142.67,3522.237,-0.0806,0.4155,0.9627
MMYT,Makemytrip Ltd,Consumer Discretionary,253010,NASDAQ,,2010-08-12,2026-03-31,5.507,1043.991,443.471,417.832,,182.688,154.842,62.171,51.804,0.0,4.511,182.537,1754.881,1813.342,1406.421,765.123,-67.774,94.059,37.29,3507.46,-0.2686,0.4645,1.1009
FIBK,First Interstate Bancsystem,Financials,401010,NASDAQ,MT,2010-03-24,2025-12-31,3.376,1348.7,379.4,424.6,,544.7,493.9,,302.1,194.3,27.8,305.6,26640.6,23193.6,775.7,1309.7,3447.0,101.106,34.6,3498.268,0.1334,0.3374,1.1034
UUUU,Energy Fuels Inc,Energy,101020,NYSE American,CO,,2025-12-31,1.069,65.922,52.169,102.835,,-89.082,-97.735,,-85.634,0.0,51.793,-89.48,1411.852,729.282,675.688,861.842,678.405,240.366,14.54,3494.922,1.8343,0.8515,1.0888
RYN,Rayonier Inc,Real Estate,601080,NYSE,FL,,2025-12-31,0.285,484.485,220.751,66.689,,197.045,90.591,26.351,474.38,385.399,50.049,256.661,3404.653,1154.455,1061.603,842.944,2209.735,161.426,21.65,3494.873,-0.081,0.2584,0.4982
VAL,Valaris Limited,Energy,101010,NYSE,,,2025-12-31,3.8,2369.0,1646.8,104.5,,617.7,471.4,100.7,982.8,0.0,343.5,546.2,5304.8,2133.1,1158.9,606.4,3169.6,69.2,50.4,3487.68,0.1392,0.5362,1.5399
TARS,Tarsus Pharmaceuti Inc,Health Care,352020,NASDAQ,CA,2020-10-16,2025-12-31,0.37,451.36,28.868,491.645,64.322,-69.153,-70.969,8.935,-66.418,0.0,9.859,-12.451,562.158,218.732,83.037,417.828,343.426,42.554,81.88,3484.322,0.4788,0.4883,0.5549
OS,Onestream Inc,Information Technology,451030,NASDAQ,MI,2024-07-24,2025-12-31,1.623,601.934,184.331,508.091,130.601,-90.488,-94.8,,-50.299,0.0,1.042,96.672,1025.764,426.096,14.798,693.58,504.704,189.525,18.38,3483.469,-0.3555,0.5736,1.5399
FULT,Fulton Financial Corp,Financials,401010,NASDAQ,PA,,2025-12-31,3.4,1893.64,616.225,527.847,,749.568,698.83,,391.609,132.363,20.146,304.483,32118.4,28627.953,1450.628,1061.609,3297.569,179.895,19.33,3477.37,0.0428,0.3054,1.0509
TVTX,Travere Therapeutics Inc,Health Care,352010,NASDAQ,CA,,2025-12-31,0.497,490.728,10.339,482.47,206.011,-2.081,-62.824,10.748,-25.546,0.0,0.0,37.784,605.191,490.363,328.733,322.796,114.828,90.923,38.21,3474.168,1.1935,0.6795,1.2506
FRSH,Freshworks Inc,Information Technology,451030,NASDAQ,CA,2021-09-22,2025-12-31,4.5,838.809,109.029,728.329,163.208,1.451,-24.406,0.0,183.723,0.0,21.491,242.37,1602.712,570.062,42.503,843.745,1032.65,283.427,12.25,3471.981,-0.2424,0.4041,1.2611
TEX,Terex Corp,Industrials,201060,NYSE,CT,,2025-12-31,10.7,5421.0,4126.0,578.0,39.0,717.0,566.0,177.0,221.0,46.0,118.0,440.0,6139.0,4044.0,2713.0,772.0,2095.0,64.9,53.38,3464.362,0.1724,0.4778,1.5705
LCID,Lucid Group Inc,Consumer Discretionary,251020,NASDAQ,CA,,2025-12-31,9.0,1353.79,2158.933,2286.967,1211.397,-3092.11,-3543.353,95.101,-2698.051,0.0,868.158,-2931.912,8386.981,5386.204,3196.708,1648.78,717.287,327.366,10.57,3460.259,-0.65,0.7604,1.2084
KEN,Kenon Holdings Ltd,Utilities,551050,NYSE,,,2025-12-31,0.354,871.929,657.835,115.238,,98.856,26.441,75.1,66.274,250.096,116.406,283.793,5380.138,2195.432,1779.303,1585.652,1588.544,52.103,66.31,3454.95,1.2805,0.349,0.7646
GRAL,Grail Inc,Health Care,352010,NASDAQ,CA,,2025-12-31,0.91,147.172,53.401,471.624,223.794,-377.853,-534.197,,-408.351,0.0,0.909,-299.007,2922.015,344.153,54.863,904.43,2577.862,40.331,85.59,3451.93,3.795,1.1354,2.3833
YOU,Clear Secure Inc,Information Technology,451030,NYSE,NY,2021-06-30,2025-12-31,3.301,900.779,320.464,359.213,72.383,221.102,186.478,,109.168,73.155,29.34,372.452,1303.392,1099.007,112.323,700.173,177.734,98.338,35.08,3449.697,0.3532,0.4375,0.6751
EXPO,Exponent Inc,Industrials,202020,NASDAQ,CA,1990-08-17,2025-12-31,1.212,582.014,426.623,25.521,,129.87,119.787,0.0,106.009,61.737,9.39,131.73,777.519,387.178,82.834,237.991,390.341,49.62,69.46,3446.605,-0.2081,0.2381,0.5174
VRRM,Verra Mobility Corp,Industrials,202020,NASDAQ,AZ,,2025-12-31,1.901,979.079,408.59,198.707,,371.782,257.437,64.618,136.633,0.0,119.094,255.802,1645.662,1352.702,1066.133,68.318,292.96,153.557,22.41,3441.212,-0.0732,0.3156,0.6257
USLM,U S Lime & Minerals,Materials,151020,NASDAQ,TX,,2025-12-31,0.346,372.727,165.452,24.197,,183.078,157.859,,134.275,6.872,62.698,164.97,681.044,50.284,4.013,371.124,630.76,28.668,119.74,3432.706,-0.0959,0.3813,1.1004
JOE,St Joe Co,Real Estate,602010,NYSE,FL,,2025-12-31,1.131,513.246,319.544,,,193.702,146.231,30.482,115.627,33.63,23.813,190.696,1518.426,742.801,572.744,136.511,766.29,57.547,59.37,3416.565,0.3366,0.3036,0.6547
WSC,Willscot Holdings Corp,Industrials,201030,NASDAQ,AZ,,2025-12-31,4.7,2281.446,783.89,578.659,,918.897,529.542,231.511,-52.99,51.678,342.016,761.985,5816.167,4959.913,3900.853,14.587,856.254,181.184,18.83,3411.695,-0.4308,0.5074,1.6729
MARA,Mara Holdings Inc,Information Technology,451030,NASDAQ,FL,,2025-12-31,0.266,907.093,576.436,378.053,30.117,-47.396,-820.164,48.381,-1311.48,0.0,407.071,-802.725,7286.899,3809.809,3645.353,559.132,3471.72,379.465,8.98,3407.596,-0.4645,0.7945,2.1888
MYRG,Myr Group Inc,Industrials,201030,NASDAQ,CO,,2025-12-31,9.0,3657.889,3172.409,256.357,,229.123,162.611,5.648,118.416,0.0,94.372,326.567,1644.079,983.656,103.509,150.156,660.423,15.523,218.5,3391.775,0.4687,0.4847,1.3835
OTTR,Otter Tail Corp,Utilities,551010,NASDAQ,MN,,2025-12-31,2.198,1304.058,840.269,,,463.789,345.682,48.726,275.893,88.064,288.068,385.985,3964.279,2102.519,1130.65,440.504,1861.76,41.906,80.81,3386.424,0.1234,0.2426,0.426
KTB,Kontoor Brands Inc,Consumer Discretionary,252030,NYSE,NC,,2025-12-31,10.6,3152.456,1650.226,1001.489,,500.741,468.241,62.162,227.452,116.085,21.047,455.809,2582.672,2017.805,1293.869,108.442,564.867,55.24,61.09,3374.612,-0.2629,0.4821,1.2414
LIVN,Livanova Plc,Health Care,351010,NASDAQ,,1993-02-10,2025-12-31,3.3,1388.053,397.719,733.063,185.764,257.271,211.007,49.286,-242.471,0.0,81.05,254.34,2606.053,1406.066,433.772,635.552,1199.987,54.649,61.53,3362.553,0.3286,0.4553,0.9332
KAI,Kadant Inc,Industrials,201060,NYSE,MA,1992-11-02,2025-12-31,3.9,1052.248,553.596,284.407,15.264,214.245,163.026,15.571,101.969,16.021,17.048,171.328,1712.178,721.111,415.775,122.681,979.809,11.789,285.02,3360.101,-0.1704,0.3916,1.3239
HAYW,Hayward Holdings Inc,Industrials,201020,NYSE,NC,2021-03-12,2025-12-31,1.98,1122.155,553.64,269.793,27.201,298.722,241.436,63.452,151.57,0.0,30.672,256.034,3150.984,1557.976,1018.207,399.11,1593.008,217.356,15.45,3358.15,0.0105,0.3442,1.0411
CGON,Cg Oncology Inc,Health Care,352010,NASDAQ,TX,2024-01-25,2025-12-31,0.142,4.04,193.369,,116.641,-189.329,-190.774,0.3,-160.995,0.0,0.134,-132.346,791.592,38.99,7.021,742.155,752.602,80.689,41.52,3350.207,0.4477,0.6571,1.5165
SPSC,Sps Commerce Inc,Information Technology,451030,NASDAQ,MN,2010-04-22,2025-12-31,2.948,751.505,210.54,364.404,68.68,176.561,118.303,0.0,93.339,0.0,26.524,178.79,1169.859,195.966,7.192,151.355,973.893,37.517,89.13,3343.89,-0.5156,0.4698,1.0086
VCYT,Veracyte Inc,Health Care,352010,NASDAQ,CA,2013-10-30,2025-12-31,0.755,517.145,139.457,305.457,70.814,72.231,50.816,0.001,66.353,0.0,9.677,136.307,1406.019,96.443,39.654,412.889,1309.576,79.359,42.1,3341.014,0.0631,0.5751,1.2189
KFY,Korn Ferry,Industrials,202020,NYSE,CA,1999-02-11,2026-04-30,8.965,2938.641,2217.327,257.214,,464.1,379.102,19.998,277.434,104.645,89.899,414.192,4064.776,2085.873,596.172,1134.359,1972.606,50.225,66.44,3336.949,0.0058,0.2682,0.7542
ARIS,Aris Mining Corp,Materials,151040,NYSE,BC,,2025-12-31,3.578,927.664,414.506,90.827,,422.331,368.355,38.617,78.345,0.0,243.906,372.974,2506.98,1060.92,525.51,391.874,1446.06,205.532,16.23,3335.784,3.6371,0.522,0.7117
RNST,Renasant Corp,Financials,401010,NYSE,MS,,2025-12-31,3.0,1444.139,565.747,432.214,,446.178,397.988,,181.272,78.604,33.72,271.471,26751.426,22866.521,1112.757,1070.718,3884.905,94.636,35.22,3333.08,0.0098,0.3163,1.0542
BNL,Broadstone Net Lease Inc,Real Estate,601010,NYSE,NY,2020-09-17,2025-12-31,0.062,454.527,226.791,38.828,0.0,,188.908,98.738,96.495,220.173,0.0,299.496,5717.267,2683.806,2519.991,33.642,2901.995,191.423,17.37,3325.018,0.1716,0.2099,0.3986
BRC,Brady Corp,Industrials,202010,NYSE,WI,1984-06-28,2025-07-31,6.4,1513.605,703.129,510.305,79.889,300.171,259.532,4.747,189.256,45.542,27.577,181.196,1734.253,542.042,158.565,174.349,1192.211,47.069,70.57,3321.659,0.0759,0.2472,0.6527
GTX,Garrett Motion Inc,Consumer Discretionary,251010,NASDAQ,MI,,2025-12-31,6.7,3584.0,2754.0,234.0,151.0,596.0,497.0,108.0,310.0,41.0,72.0,413.0,2367.0,3169.0,1469.0,179.0,-802.0,190.556,17.43,3321.391,0.9724,0.4416,0.8888
YETI,Yeti Holdings Inc,Consumer Discretionary,252020,NYSE,TX,2018-10-25,2025-12-31,1.39,1870.769,775.757,820.964,25.2,274.048,219.816,0.443,165.387,0.0,42.667,254.737,1235.418,585.142,228.462,188.342,650.276,74.992,44.17,3312.397,0.147,0.4628,1.2999
BL,Blackline Inc,Information Technology,451030,NASDAQ,CA,2016-10-28,2025-12-31,1.85,700.427,128.105,480.001,109.202,92.321,45.786,10.149,24.518,0.0,8.074,169.567,1759.519,1388.072,920.407,778.398,332.326,59.881,55.29,3310.82,-0.09,0.3684,0.8757
BKU,Bankunited Inc,Financials,401010,NYSE,FL,2011-01-28,2025-12-31,1.803,1898.432,873.153,385.013,,640.266,589.249,,268.353,93.805,0.0,358.614,35039.451,31985.622,1940.108,217.784,3053.829,74.138,44.57,3304.331,0.2089,0.3403,1.1988
PSMT,Pricesmart Inc,Consumer Staples,301010,NASDAQ,CA,1997-08-28,2025-08-31,12.0,5270.094,4267.561,679.395,0.0,323.138,234.977,12.941,147.887,38.733,158.134,261.307,2269.157,1021.785,329.057,325.271,1247.372,30.746,107.26,3297.816,0.3482,0.281,0.3991
MHO,M/I Homes Inc,Consumer Discretionary,252010,NYSE,OH,1986-10-03,2025-12-31,1.801,4417.781,3389.736,510.646,,517.399,506.553,16.002,402.941,0.0,9.609,137.349,4777.125,1610.935,1029.831,689.189,3166.19,25.763,127.95,3296.376,-0.0376,0.359,0.6941
SMG,Scotts Miracle-Gro Co,Materials,151010,NYSE,OH,,2025-09-30,5.2,3413.1,2285.3,591.7,34.8,536.1,461.1,129.9,145.2,154.3,97.4,371.3,2742.0,3099.5,2380.2,36.6,-357.5,57.8,56.95,3291.71,-0.0804,0.388,0.9587
SPHR,Sphere Entertainment Co,Communication Services,502020,NYSE,NY,,2025-12-31,3.3,1220.045,589.979,434.03,,196.036,-140.375,70.546,33.405,0.0,52.347,243.346,4209.908,1976.669,961.458,521.264,2233.239,34.442,95.08,3274.745,1.3581,0.548,1.6745
SHAK,Shake Shack Inc,Consumer Discretionary,253010,NYSE,NY,2015-01-30,2025-12-31,13.873,1445.306,1076.716,195.429,0.0,173.161,66.561,2.159,45.725,0.0,165.849,222.355,1896.209,1342.46,902.126,360.123,525.325,40.254,81.17,3267.417,-0.3747,0.5096,1.5776
BFH,Bread Financial Holdings Inc,Financials,402020,NYSE,OH,2001-06-08,2025-12-31,6.0,4699.0,3630.0,,,1069.0,989.0,300.0,518.0,42.0,24.0,2092.0,22663.0,19336.0,4393.0,3628.0,3327.0,44.1,74.03,3264.723,0.2304,0.4068,1.4545
SLG,Sl Green Realty Corp,Real Estate,601040,NYSE,NY,1997-08-15,2025-12-31,1.289,952.517,812.973,31.926,0.0,,107.618,289.209,-96.91,199.782,0.0,82.906,11082.607,6729.517,5968.688,336.495,3449.223,71.159,45.87,3264.063,-0.2903,0.3695,1.0843
CATY,Cathay General Bancorp,Financials,401010,NASDAQ,CA,,2025-12-31,1.268,1384.692,639.431,224.318,,520.943,514.345,,315.124,93.8,4.911,368.569,24229.575,21304.187,172.82,1424.409,2925.388,67.2,48.39,3251.808,0.0462,0.2983,0.9085
FBP,First Bancorp P R,Financials,401010,NYSE,PR,,2025-12-31,3.218,1255.034,340.177,334.061,,580.796,560.043,,344.866,115.667,11.032,448.556,19132.892,17166.027,364.369,658.599,1966.865,156.619,20.73,3246.712,0.1552,0.2808,0.8673
UNF,Unifirst Corp,Industrials,202010,NYSE,MA,,2025-08-31,16.0,2432.352,1541.525,562.39,,328.437,185.927,,148.271,24.858,154.345,296.872,2778.155,609.198,72.439,209.173,2168.957,18.231,177.82,3241.836,0.136,0.4082,0.5466
MCHB,Mechanics Bancorp,Financials,401010,NASDAQ,CA,,2025-12-31,1.971,889.209,245.562,286.432,,357.215,329.461,,265.739,48.561,6.513,193.592,22351.475,19489.1,278.808,1029.983,2862.375,221.305,14.63,3237.692,0.2996,0.4547,0.7898
DYN,Dyne Therapeutics Inc,Health Care,352010,NASDAQ,MA,2020-09-17,2025-12-31,0.258,0.0,0.0,466.135,398.333,-466.135,-468.184,6.192,-446.214,0.0,20.71,-403.207,1186.958,214.829,169.199,1110.562,972.129,164.951,19.56,3226.442,-0.1698,0.9514,1.6853
BXMT,Blackstone Mortgage Tr Inc,Financials,402040,NYSE,NY,,2025-12-31,0.0,1550.088,447.798,,0.0,,1102.29,988.947,109.569,321.256,0.0,275.873,20002.946,16498.556,16151.853,452.526,3498.91,168.259,19.13,3218.795,0.2105,0.2378,0.6889
CVLT,Commvault Systems Inc,Information Technology,451030,NASDAQ,NJ,2006-09-22,2026-03-31,3.3,1183.69,223.12,840.421,162.213,120.149,109.801,3.795,70.657,0.0,7.529,244.68,1886.305,1878.811,917.501,899.987,7.494,41.255,77.89,3213.352,-0.1693,0.4866,1.4116
KGS,Kodiak Gas Services Inc,Energy,101010,NYSE,TX,2023-06-29,2025-12-31,1.3,1308.1,479.925,139.968,,688.207,412.022,198.37,80.521,161.43,315.472,599.74,4318.017,3110.621,2611.462,3.179,1202.482,85.753,37.4,3207.162,-0.0375,0.4417,1.2609
CNS,Cohen & Steers Inc,Financials,402030,NYSE,NY,2004-08-13,2025-12-31,0.424,556.116,367.978,,,188.138,178.352,0.0,153.217,129.684,5.979,-120.444,876.694,242.846,138.326,145.452,561.953,51.032,62.78,3203.789,-0.2978,0.3068,0.9205
FIZZ,National Beverage Corp,Consumer Staples,302010,NASDAQ,FL,1991-09-06,2026-04-30,1.677,1180.552,720.79,207.152,,252.61,230.11,,183.648,0.0,25.142,181.254,851.647,215.933,58.936,349.543,635.564,93.612,34.22,3203.403,-0.2526,0.2659,0.084
WSBC,Wesbanco Inc,Financials,401010,NASDAQ,WV,,2025-12-31,2.969,1438.695,534.882,393.841,,509.972,460.717,,223.105,141.823,10.426,290.412,27696.333,23664.42,1697.549,956.109,3807.726,96.068,33.24,3193.3,0.0704,0.2944,0.8096
WVE,Wave Life Sciences Inc,Health Care,352020,NASDAQ,,2015-11-11,2025-12-31,0.317,42.727,254.67,,182.779,-211.943,-215.383,0.0,-204.378,0.0,0.718,-187.493,638.499,112.268,17.766,602.068,518.357,187.66,17.0,3190.22,0.3743,1.6529,1.0899
HWKN,Hawkins Inc,Materials,151010,NASDAQ,MN,,2026-03-31,1.2,1083.696,786.099,128.7,,168.897,116.355,13.507,81.548,15.665,58.239,144.327,986.29,452.281,261.457,3.914,534.009,20.752,153.6,3187.507,0.1645,0.3665,0.8031
APLS,Apellis Pharmaceuticals,Health Care,352010,NASDAQ,MA,2017-11-09,2025-12-31,0.739,1003.782,100.678,846.119,295.854,56.985,55.427,44.327,22.388,0.0,0.313,45.327,1075.257,705.11,474.36,467.76,370.147,126.621,25.12,3180.72,-0.2128,0.6299,0.9388
VERX,Vertex Inc,Information Technology,451030,NASDAQ,PA,2020-07-29,2025-12-31,2.1,748.444,197.001,456.611,83.715,94.832,-2.099,4.844,7.211,0.0,96.236,165.543,1270.835,1011.915,350.772,314.009,258.92,159.232,19.97,3179.863,-0.6257,0.4854,0.6783
MRCY,Mercury Systems Inc,Industrials,201010,NASDAQ,MA,1998-01-30,2025-06-30,2.162,912.02,618.348,222.059,67.647,71.613,-10.414,33.43,-37.904,0.0,19.803,138.851,2434.764,961.303,656.048,309.099,1473.461,59.003,53.86,3177.902,0.7383,0.492,0.7518
PBF,Pbf Energy Inc,Energy,101020,NYSE,NJ,2012-12-13,2025-12-31,3.678,29332.3,29480.9,302.7,,-451.3,-724.4,235.9,-158.5,127.8,705.2,-78.0,13019.9,7570.0,2913.7,527.9,5319.5,116.937,27.12,3171.331,0.0674,0.6479,1.2592
VRDN,Viridian Therapeutics Inc,Health Care,352010,NASDAQ,MA,,2025-12-31,0.252,70.849,432.184,,338.929,-361.335,-361.795,4.948,-342.601,0.0,0.495,-276.391,899.418,177.251,86.896,874.652,590.111,101.827,31.12,3168.856,0.6234,0.5286,0.9067
AVA,Avista Corp,Utilities,551030,NYSE,WA,,2025-12-31,1.929,1964.0,1321.0,,,643.0,354.0,154.0,193.0,159.0,570.0,469.0,8359.0,5650.0,3295.0,19.0,2709.0,82.193,38.54,3167.718,0.1061,0.1923,0.11
OPLN,Openlane Inc,Industrials,202010,NYSE,IN,2009-12-11,2025-12-31,4.8,1934.5,1041.7,487.6,,405.2,313.5,128.0,177.7,0.0,55.4,391.9,4724.3,3193.8,2356.6,185.4,1240.7,106.175,29.78,3161.892,0.501,0.3472,0.861
ATEC,Alphatec Holdings Inc,Health Care,351010,NASDAQ,CA,2006-06-02,2025-12-31,0.913,764.155,169.835,598.578,76.268,-4.258,-81.75,45.922,-143.358,0.0,42.455,45.231,791.208,755.179,596.092,160.806,12.426,150.257,21.04,3161.407,1.2919,0.5526,0.6766
FUL,Fuller (H. B.) Co,Materials,151010,NYSE,MN,,2025-11-30,7.1,3473.589,2194.418,701.733,62.15,577.438,399.118,133.908,151.967,50.657,142.275,263.493,5182.706,3179.512,2082.599,107.213,2003.218,54.175,58.28,3157.319,-0.1045,0.3356,0.9405
NMRK,Newmark Group Inc,Real Estate,602010,NASDAQ,NY,2017-12-15,2025-12-31,8.8,3294.024,2901.778,,,392.246,202.453,60.708,126.186,21.723,29.372,172.001,5019.167,3267.363,2102.775,349.285,1461.574,181.942,17.34,3154.874,0.3649,0.3879,1.2658
KNSA,Kiniksa Phrmcticals Intl Plc,Health Care,352010,NASDAQ,,2018-05-24,2025-12-31,0.366,677.564,306.022,290.625,96.853,80.917,79.721,0.0,59.005,0.0,1.568,137.985,763.633,196.027,9.497,414.074,567.606,76.294,41.25,3147.128,1.0854,0.4368,0.5076
WHD,Cactus Inc,Energy,101010,NYSE,TX,2018-02-08,2025-12-31,1.5,1079.051,633.429,131.207,,314.415,250.501,4.349,166.014,37.794,38.805,258.417,1871.617,438.569,37.749,494.582,1226.39,68.89,45.68,3146.895,-0.2076,0.4383,1.4223
TGNA,Tegna Inc,Communication Services,502010,NYSE,VA,,2025-12-31,5.5,2711.998,1730.843,418.671,,562.484,465.491,158.388,219.856,80.459,43.43,325.995,6873.934,3717.755,2601.307,291.24,3156.179,161.065,19.41,3126.272,0.0903,0.4105,0.7143
GTM,Zoominfo Techno Inc,Communication Services,502030,NASDAQ,WA,2020-06-04,2025-12-31,3.18,1249.5,130.8,759.2,182.0,359.5,271.2,42.6,124.2,0.0,76.1,465.4,6439.5,4930.8,1569.2,179.9,1508.7,307.294,10.17,3125.18,-0.0324,0.5324,1.6611
NMIH,Nmi Holdings Inc,Financials,402010,NASDAQ,CA,2013-11-08,2025-12-31,0.225,706.44,166.898,,,539.542,528.282,28.478,388.926,0.0,6.781,419.299,3841.098,1249.112,425.538,336.169,2591.986,76.285,40.79,3111.665,0.1096,0.2501,0.6251
NUVB,Nuvation Bio Inc,Health Care,352020,NYSE,NY,,2025-12-31,0.298,62.902,7.559,266.668,115.106,-211.325,-213.064,13.682,-204.627,0.0,0.354,-173.427,594.822,289.106,212.759,529.211,305.716,346.504,8.96,3104.676,2.3684,0.9444,1.3366
FHB,First Hawaiian Inc,Financials,401010,NASDAQ,HI,2016-08-04,2025-12-31,2.0,1168.349,314.761,332.422,,521.166,504.477,,276.266,129.907,31.779,335.07,23955.252,21185.887,60.889,1477.752,2769.365,122.689,25.3,3104.032,0.0166,0.2646,0.8602
SBCF,Seacoast Banking Corp/Fl,Financials,401010,NASDAQ,FL,,2025-12-31,1.962,935.524,334.158,260.993,,340.373,303.819,,144.878,65.589,9.174,188.061,20842.331,17786.544,1399.086,402.969,2712.662,97.928,31.42,3076.898,0.1711,0.2943,0.9669
MEOH,Methanex Corp,Materials,151010,NASDAQ,BC,,2025-12-31,1.649,3589.224,1838.379,817.756,,933.089,485.267,217.88,79.876,53.552,98.993,1015.56,7282.656,4555.997,3508.083,428.831,2443.208,77.34,39.72,3071.945,-0.189,0.4688,1.4263
MANU,Manchester United Plc,Communication Services,502020,NYSE,,2012-08-10,2025-06-30,0.932,913.191,658.157,,0.0,255.034,-36.927,54.207,-45.245,0.0,61.272,99.609,2243.858,1978.424,877.311,117.972,265.434,172.429,17.81,3070.96,-0.0824,0.3828,0.6977
XMTR,Xometry Inc,Industrials,201070,NASDAQ,MD,2021-06-30,2025-12-31,1.174,686.631,417.123,295.324,46.792,-25.816,-44.209,4.907,-61.743,0.0,30.18,6.086,703.72,426.983,339.422,219.141,275.601,51.318,59.47,3051.881,0.394,0.8079,1.5797
TTAM,Titan America Sa,Materials,151020,NYSE,,2025-02-07,2025-12-31,2.554,1664.188,1128.901,153.768,,381.519,270.385,27.467,185.439,0.0,160.545,295.414,1893.875,859.809,462.413,211.75,1034.066,184.362,16.48,3038.286,-0.0025,0.4095,1.1687
IDYA,Ideaya Biosciences Inc,Health Care,352010,NASDAQ,CA,2019-05-23,2025-12-31,0.145,218.71,375.323,,314.704,-156.613,-159.313,0.0,-113.698,0.0,2.368,-71.098,1109.324,86.39,27.914,639.388,1022.934,87.797,34.57,3035.142,0.3451,0.5206,1.0012
SHOO,Madden Steven Ltd,Consumer Discretionary,252030,NASDAQ,NY,1993-12-10,2025-12-31,6.3,2534.109,1453.749,874.586,0.0,205.774,175.892,,44.661,60.962,42.658,162.199,1914.277,1010.295,486.138,112.423,866.388,72.674,41.64,3026.145,0.0061,0.5404,1.3836
CBU,Community Financial Syst Inc,Financials,401010,NYSE,NY,,2025-12-31,3.001,1010.732,214.075,362.164,,434.493,404.291,,210.455,98.15,68.528,301.859,17303.296,15297.262,746.661,301.755,2006.034,52.682,57.44,3026.054,-0.0384,0.2785,0.8427
COCO,Vita Coco Company Inc,Consumer Staples,302010,NASDAQ,NY,2021-10-21,2025-12-31,0.336,609.78,386.113,139.878,0.399,83.789,82.717,,71.32,0.0,8.149,47.174,461.158,129.616,14.817,198.154,331.542,57.082,53.01,3025.917,0.4362,0.4419,0.7644
PPLI,People Inc,Communication Services,502030,NASDAQ,NY,,2025-12-31,5.156,2393.189,809.765,1342.764,196.021,240.66,110.035,111.527,-104.026,0.0,19.201,61.277,7130.729,2341.706,1625.781,978.97,4733.827,77.344,39.1,3024.15,0.0845,0.3607,0.9746
IPGP,Ipg Photonics Corp,Information Technology,452030,NASDAQ,MA,2006-12-13,2025-12-31,4.84,1003.777,565.298,345.517,117.402,92.962,30.415,,31.096,0.0,78.798,75.344,2424.28,296.15,17.25,839.328,2128.13,42.127,71.6,3016.293,-0.0154,0.4522,1.622
DAVE,Dave Inc,Financials,402020,NASDAQ,CA,2021-03-05,2025-12-31,0.28,554.182,199.055,157.029,,198.098,191.123,7.043,195.865,0.0,0.317,290.023,487.418,134.691,75.204,121.311,352.727,13.601,221.41,3011.397,1.5473,0.8398,2.1705
IRON,Disc Medicine Inc,Health Care,352010,NASDAQ,MA,,2025-12-31,0.155,0.0,0.0,234.889,170.64,-234.889,-235.17,3.607,-212.184,0.0,0.933,-180.393,806.879,67.053,31.023,791.152,739.826,37.891,79.41,3008.924,0.2525,0.515,1.2521
LQDA,Liquidia Corp,Health Care,352020,NASDAQ,NC,2018-07-26,2025-12-31,0.216,158.32,12.138,194.454,39.276,-48.272,-49.376,24.172,-68.924,0.0,4.336,-35.686,327.934,283.186,197.927,190.68,44.748,87.204,34.49,3007.666,1.9328,0.6369,1.1665
PPTA,Perpetua Resources Corp,Materials,151040,NASDAQ,ID,,2025-12-31,0.049,0.0,0.0,127.789,,-127.789,-127.957,0.0,-100.392,0.0,1.51,-104.56,877.644,16.343,0.244,714.171,861.301,124.124,24.21,3005.042,1.269,0.8145,0.9371
FSM,Fortuna Mining Corp,Materials,151040,NYSE,BC,,2025-12-31,1.633,947.059,241.435,97.74,,607.884,414.666,24.626,287.469,0.0,178.004,467.35,2360.641,625.323,211.296,560.745,1677.034,305.761,9.81,2999.515,1.2867,0.5579,0.6878
AEHR,Aehr Test Systems,Information Technology,453010,NASDAQ,CA,1997-08-14,2026-05-31,0.138,50.001,29.551,31.794,12.633,-11.344,-14.143,,-7.126,0.0,2.066,-3.31,246.694,27.183,9.882,116.358,219.511,32.48,92.33,2998.878,0.2141,1.0129,2.4421
BANC,Banc Of California Inc,Financials,401010,NYSE,CA,2000-06-02,2025-12-31,1.904,1818.792,769.867,410.13,,638.795,561.254,,228.973,65.646,20.83,255.601,34797.442,31256.165,3137.146,2307.965,3042.761,155.458,19.29,2998.785,0.2801,0.3448,1.1321
HNI,Hni Corp,Industrials,202010,NYSE,IA,,2025-12-31,19.5,2839.0,1584.2,903.2,56.6,351.6,244.5,26.1,54.2,62.4,65.8,276.3,4885.0,3049.4,1593.6,215.7,1835.6,71.3,42.04,2997.452,-0.1391,0.3032,0.7779
EEFT,Euronet Worldwide Inc,Financials,402010,NASDAQ,KS,1997-03-06,2025-12-31,10.8,4244.2,3203.5,367.7,,673.0,534.5,84.5,309.5,0.0,125.5,559.8,6488.7,5166.2,2177.3,1713.8,1307.5,39.33,76.11,2993.406,-0.2599,0.3359,1.0551
LBRT,Liberty Energy Inc,Energy,101010,NYSE,CO,2018-01-12,2025-12-31,5.8,4006.116,3168.109,237.236,,600.771,100.439,40.306,147.872,54.642,595.493,609.598,3558.305,1479.416,618.286,27.554,2078.889,161.979,18.46,2990.132,-0.0496,0.6751,1.903
AVPT,Avepoint Inc,Information Technology,451030,NASDAQ,NJ,,2025-12-31,3.443,419.497,103.128,271.771,52.585,44.598,38.393,,34.799,0.0,3.683,85.257,789.181,306.778,17.483,481.273,478.699,215.076,13.89,2987.406,-0.1587,0.4626,1.1095
RCUS,Arcus Biosciences Inc,Health Care,352010,NYSE,CA,2018-03-15,2025-12-31,0.601,247.0,623.0,,523.0,-376.0,-386.0,8.0,-353.0,0.0,2.0,-482.0,1139.0,508.0,219.0,981.0,631.0,125.3,23.83,2985.899,0.6004,0.6286,1.3565
MPT,Medical Properties Trust,Real Estate,601050,NYSE,AL,2005-07-08,2025-12-31,0.121,1051.873,495.767,130.427,0.0,,425.679,523.282,-277.049,200.446,0.0,230.767,15001.775,10394.526,9771.763,543.995,4606.195,597.008,5.0,2985.04,0.3523,0.4279,0.7045
FRPT,Freshpet Inc,Consumer Staples,302020,NASDAQ,NJ,2014-11-07,2025-12-31,1.288,1102.015,588.222,333.593,,180.2,93.328,16.775,139.137,0.0,148.184,160.561,1777.775,569.116,494.984,277.975,1208.659,48.97,60.93,2983.742,-0.5886,0.5484,1.0767
CPK,Chesapeake Utilities Corp,Utilities,551020,NYSE,DE,,2025-12-31,1.3,930.0,581.2,,,348.8,257.1,72.5,140.3,63.8,448.6,233.7,3994.8,2396.3,1629.7,1.8,1598.5,23.896,124.76,2981.265,0.0506,0.2042,0.1153
HURN,Huron Consulting Group Inc,Industrials,202020,NASDAQ,IL,2004-10-13,2025-12-31,8.61,1699.143,1158.73,318.135,,222.278,190.658,34.197,105.04,0.0,10.437,193.394,1526.683,998.054,548.34,24.508,528.629,17.196,172.91,2973.36,0.3915,0.3611,0.7095
MLYS,Mineralys Therapeutics Inc,Health Care,352010,NASDAQ,PA,2023-02-10,2025-12-31,0.076,0.0,0.0,170.545,132.009,-170.545,-170.604,,-154.651,0.0,0.015,-142.416,661.806,15.113,0.0,656.635,646.693,81.537,36.29,2958.978,1.948,1.1672,0.3338
BLKB,Blackbaud Inc,Information Technology,451030,NASDAQ,SC,2004-07-22,2025-12-31,2.8,1128.365,381.092,441.309,138.13,305.964,219.749,67.97,114.97,0.0,7.767,265.55,2390.682,2305.628,1115.861,758.975,85.054,46.705,63.32,2957.361,-0.1434,0.3229,0.5188
WSFS,Wsfs Financial Corp,Financials,401010,NASDAQ,DE,,2025-12-31,2.335,1359.586,342.807,445.331,,571.448,544.078,,287.349,37.166,6.388,219.999,21314.076,18586.001,427.97,1699.154,2738.545,53.41,55.24,2950.368,0.0524,0.2816,0.9192
ERO,Ero Copper Corp,Materials,151040,NYSE,BC,,2025-12-31,3.547,785.844,308.616,72.487,,404.741,267.081,54.879,263.723,0.0,282.439,395.136,1923.878,986.016,632.347,105.442,935.533,104.192,28.29,2947.592,1.0987,0.5249,1.3306
COLM,Columbia Sportswear Co,Consumer Discretionary,252030,NASDAQ,OR,1998-03-27,2025-12-31,9.62,3419.174,1680.629,1445.671,,292.874,236.039,,177.224,65.53,66.166,282.903,2928.493,1218.35,477.689,790.794,1710.143,53.495,55.09,2947.04,-0.3306,0.41,1.0381
WU,Western Union Co,Financials,402010,NYSE,CO,2006-10-02,2025-12-31,9.6,4050.7,2429.5,731.9,,889.3,768.2,143.0,499.6,311.5,38.5,543.7,8305.9,7348.1,3103.5,1235.7,957.8,315.7,9.31,2939.167,-0.0276,0.325,0.7012
LCII,Lci Industries,Consumer Discretionary,251010,NYSE,IN,,2025-12-31,12.3,4122.017,3077.577,643.287,15.0,401.153,279.922,43.01,188.25,114.043,52.644,330.976,3175.987,1815.154,1235.406,222.615,1360.833,24.199,121.34,2936.307,0.2284,0.3594,0.9089
PRVA,Privia Health Group Inc,Health Care,351020,NASDAQ,VA,2021-04-29,2025-12-31,1.226,2122.842,1913.412,165.288,,44.142,34.235,,22.919,0.0,0.0,163.404,1369.378,578.435,9.531,479.685,737.217,123.605,23.71,2930.675,0.2128,0.3152,0.5435
LXP,Lxp Industrial Trust,Real Estate,601025,NYSE,FL,1993-08-10,2025-12-31,0.058,345.823,261.01,40.231,0.0,,44.582,63.293,113.16,167.821,0.0,188.716,3537.022,1488.644,1360.534,170.651,1942.663,59.077,49.58,2929.038,0.2976,0.2526,0.6269
WDFC,Wd-40 Co,Consumer Staples,303010,NASDAQ,CA,,2025-08-31,0.714,619.985,276.342,232.045,8.7,111.598,103.793,3.441,90.994,50.26,4.528,87.925,475.809,207.657,97.7,58.13,268.152,13.528,216.04,2922.589,-0.1744,0.2438,0.1324
KD,Kyndryl Holdings Inc,Information Technology,451020,NYSE,NY,,2026-03-31,72.0,15092.0,11012.0,2654.0,57.0,1426.0,636.0,89.0,198.0,0.0,608.0,948.0,12551.0,11258.0,4956.0,2626.0,1176.0,222.7,13.12,2921.824,-0.2324,0.4427,1.3464
RELY,Remitly Global Inc,Financials,402010,NASDAQ,WA,2021-09-23,2025-12-31,3.2,1635.147,650.706,877.76,,106.681,81.647,7.612,67.933,0.0,41.82,325.082,1458.713,589.924,192.122,543.309,868.789,210.626,13.8,2906.639,-0.3886,0.4947,0.975
BRSL,Brightstar Lottery Plc,Consumer Discretionary,253010,NYSE,,,2025-12-31,5.815,2511.0,1243.0,385.0,47.0,883.0,662.0,203.0,147.0,770.0,316.0,-99.0,9158.0,7568.0,4299.0,1500.0,875.0,186.852,15.48,2892.469,0.1113,0.3149,0.8851
FBK,Fb Financial Corp,Financials,401010,NYSE,TN,2016-09-16,2025-12-31,1.594,876.688,361.104,245.806,,269.778,252.426,,122.622,38.295,8.849,155.863,16300.292,14352.034,273.32,1155.895,1948.165,51.752,55.8,2887.762,0.0996,0.3054,0.9834
CGAU,Centerra Gold Inc,Materials,151040,NYSE,ON,2004-06-30,2025-12-31,1.5,1384.562,464.023,145.636,,774.903,655.537,3.851,583.988,41.116,253.612,348.632,2958.65,898.888,18.791,540.898,2059.762,199.806,14.37,2871.212,1.5943,0.4577,0.4594
APAM,Artisan Partners Asset Mgmt,Financials,402030,NYSE,WI,2013-03-07,2025-12-31,0.567,1196.688,787.679,,,409.009,399.631,8.55,290.32,256.978,0.677,171.988,1577.292,794.873,310.021,255.506,438.729,70.473,40.74,2871.07,0.0272,0.2905,1.0949
MGEE,Mge Energy Inc,Utilities,551010,NASDAQ,WI,,2025-12-31,0.726,743.654,458.677,,,284.977,170.653,36.199,135.889,67.587,343.22,263.234,3155.42,1851.484,935.734,6.618,1303.936,36.542,78.42,2865.624,-0.1474,0.2033,0.255
GLOB,Globant Sa,Information Technology,451020,NYSE,,2014-07-18,2025-12-31,28.773,2454.877,1550.867,493.84,,410.17,222.388,40.608,102.918,0.0,19.223,301.176,3318.235,1156.599,473.645,250.336,2093.601,43.836,65.37,2865.559,-0.6951,0.5933,1.4973
AVNT,Avient Corp,Materials,151010,NYSE,OH,1993-04-29,2025-12-31,9.0,3260.2,2017.9,695.4,96.7,546.9,362.8,142.9,81.9,99.3,106.6,301.6,6025.6,3639.3,2000.4,510.5,2374.2,91.6,31.24,2861.584,-0.2114,0.3893,1.3567
TBBK,Bancorp Inc,Financials,401010,NASDAQ,DE,2004-02-03,2025-12-31,0.733,879.702,353.551,149.02,,377.131,372.481,,228.213,0.0,7.09,265.009,9352.425,8662.629,442.324,112.649,689.796,42.355,67.52,2859.81,0.2829,0.4523,1.3825
CPRX,Catalyst Pharmaceuticals Inc,Health Care,352010,NASDAQ,FL,2006-11-08,2025-12-31,0.182,588.989,86.878,206.46,12.709,295.651,257.778,,214.326,0.0,0.058,208.67,1103.979,149.711,2.787,709.171,954.268,122.514,23.34,2859.477,0.1184,0.3973,0.8164
PVH,Pvh Corp,Consumer Discretionary,252030,NYSE,NY,,2026-01-31,26.0,8950.2,3801.6,4148.3,,1000.3,749.6,94.2,25.3,7.5,142.0,680.4,11681.0,6888.7,4301.6,703.8,4792.3,45.807,62.36,2856.525,-0.365,0.5364,1.3775
SUPN,Supernus Pharmaceuticals Inc,Health Care,352020,NASDAQ,MD,2012-05-01,2025-12-31,0.778,718.952,72.455,529.173,106.235,117.324,25.761,0.0,-38.55,0.0,1.338,47.331,1452.648,390.934,40.977,308.67,1061.714,57.457,49.7,2855.613,0.3744,0.3855,0.4289
SMPL,Simply Good Foods Company,Consumer Staples,302020,NASDAQ,CO,2016-07-15,2025-08-31,0.328,1450.92,919.461,268.641,5.5,262.818,241.618,23.249,103.614,0.0,20.542,178.457,2396.045,589.212,304.427,98.468,1806.833,99.731,28.63,2855.299,-0.4849,0.3425,0.4531
GEF,Greif Inc  -Cl A,Materials,151030,NYSE,OH,,2025-09-30,12.0,3933.1,2850.4,601.9,,480.8,269.6,56.1,840.0,126.4,146.4,58.6,5766.8,2722.1,1425.1,256.7,2914.9,47.501,59.76,2838.66,0.1474,0.315,0.74
HIW,Highwoods Properties Inc,Real Estate,601040,NYSE,NC,1994-06-07,2025-12-31,0.315,818.212,565.127,40.307,0.0,,212.778,158.402,159.612,216.728,0.0,359.207,6273.838,3838.184,3581.322,43.049,2352.289,109.905,25.82,2837.747,-0.0957,0.2431,0.6544
AWR,American States Water Co,Utilities,551040,NYSE,CA,,2025-12-31,0.9,658.073,304.203,102.811,,251.059,203.275,46.776,130.442,74.658,236.822,229.73,2715.092,1669.511,938.377,18.824,1045.581,39.082,72.48,2832.663,-0.0434,0.2099,-0.0331
VIRT,Virtu Financial Inc,Financials,402030,NYSE,NY,2015-04-16,2025-12-31,1.027,3565.13,1645.402,,,1919.728,1808.176,786.817,468.361,87.691,63.499,518.386,20150.736,18177.333,13047.716,2368.38,1582.278,84.92,33.32,2829.534,-0.0425,0.3089,0.8327
PTON,Peloton Interactive Inc,Consumer Discretionary,252020,NASDAQ,NY,2019-09-26,2025-06-30,2.656,2490.8,1177.7,1161.9,234.2,151.2,61.6,134.5,-118.9,0.0,9.3,333.0,2125.3,2539.1,1976.6,1039.5,-413.8,406.416,6.94,2820.527,-0.292,0.7198,1.9468
BEAM,Beam Therapeutics Inc,Health Care,352010,NASDAQ,MA,2020-02-06,2025-12-31,0.511,139.743,486.635,,395.111,-346.892,-369.186,,-79.992,0.0,14.946,-345.102,1481.177,242.819,154.123,1245.21,1238.358,101.749,27.72,2820.482,0.1177,0.7519,1.636
TDC,Teradata Corp,Information Technology,451030,NYSE,CA,,2025-12-31,5.1,1663.0,580.0,753.0,280.0,330.0,240.0,26.0,130.0,0.0,19.0,305.0,1779.0,1549.0,557.0,493.0,230.0,92.5,30.44,2815.7,-0.0228,0.5227,1.2392
NATL,Ncr Atleos Corp,Financials,402010,NYSE,GA,,2025-12-31,20.0,4354.0,3056.0,536.0,70.0,762.0,533.0,285.0,162.0,0.0,117.0,356.0,5668.0,5266.0,2948.0,631.0,403.0,73.7,38.11,2808.707,0.1235,0.4299,1.2193
PBH,Prestige Consumer Healthcare,Health Care,352020,NYSE,NY,2005-02-10,2026-03-31,0.89,1088.705,473.217,261.866,,353.622,322.349,42.339,190.301,0.0,11.178,257.627,3494.313,1606.797,1045.428,63.868,1887.516,47.319,59.27,2804.597,-0.21,0.2877,0.465
DBRG,Digitalbridge Group Inc,Financials,402030,NYSE,FL,2009-09-23,2025-12-31,0.316,93.959,53.358,86.447,0.0,-45.846,-75.3,17.622,141.874,7.229,1.35,259.329,3419.182,968.959,405.253,395.49,1312.627,182.643,15.34,2801.744,0.3648,0.7403,1.7276
TNET,Trinet Group Inc,Industrials,202020,NYSE,CA,2014-03-27,2025-12-31,3.4,5010.0,4124.0,536.0,,350.0,284.0,,155.0,53.0,69.0,303.0,3797.0,3743.0,942.0,1981.0,54.0,47.378,59.13,2801.461,-0.3393,0.368,0.6803
CMBT,Cmb Tech Nv,Energy,101020,NYSE,,,2025-12-31,2.826,1695.836,795.953,137.275,,762.608,374.64,396.526,160.696,29.017,1029.809,443.54,8405.574,5782.254,5549.789,146.529,2623.32,290.17,9.65,2800.141,-0.0229,0.4297,0.6682
APLE,Apple Hospitality Reit Inc,Real Estate,601030,NYSE,VA,2015-05-18,2025-12-31,0.064,1412.386,882.431,285.267,0.0,,244.688,83.081,175.364,228.187,0.0,370.222,4902.178,1753.583,1660.13,39.418,3148.595,235.636,11.85,2792.287,-0.166,0.2941,1.0291
TENB,Tenable Holdings Inc,Information Technology,451030,NASDAQ,MD,2018-07-26,2025-12-31,1.995,999.405,176.982,763.767,223.669,58.656,16.701,28.419,-36.118,0.0,16.576,266.75,1747.667,1421.291,417.18,402.181,326.376,118.45,23.53,2787.129,-0.4025,0.3237,0.8699
LION,Lionsgate Studios Corp,Communication Services,502020,NYSE,CA,1988-10-03,2026-03-31,0.916,2631.8,1583.4,881.8,,166.6,149.0,269.7,-198.3,0.0,13.4,24.8,5327.1,6376.5,4191.3,419.8,-1192.9,290.4,9.59,2784.936,0.1889,0.5626,0.7958
CRVL,Corvel Corp,Health Care,351020,NASDAQ,TX,1991-06-28,2026-03-31,5.239,958.527,693.9,89.732,,174.895,143.131,,110.344,0.0,45.357,155.64,642.986,248.755,28.107,233.072,394.231,50.909,54.65,2782.177,-0.3918,0.304,0.5651
EXK,Endeavour Silver Corp,Materials,151040,NYSE,BC,2006-02-07,2025-12-31,2.411,467.5,312.1,45.8,,109.6,34.5,16.5,-119.1,0.0,169.2,67.4,1235.7,656.6,243.9,216.4,579.1,295.41,9.4,2776.854,1.5683,0.7508,1.1669
AMBA,Ambarella Inc,Information Technology,453010,NASDAQ,CA,2012-10-10,2026-01-31,0.959,390.702,134.408,311.969,238.519,-55.675,-77.675,0.0,-75.865,0.0,15.514,73.519,798.6,203.811,13.435,313.013,594.789,43.306,64.04,2773.316,-0.0261,0.6741,2.1587
WOR,Worthington Enterprises Inc,Industrials,201060,NYSE,OH,,2026-05-31,3.8,1381.292,941.832,294.966,,144.494,88.46,6.248,156.085,37.659,55.913,226.119,1848.064,821.024,356.271,27.725,1027.04,48.685,56.77,2763.847,0.3029,0.3915,0.7961
HG,Hamilton Insurance Group Ltd,Financials,403010,NYSE,,2023-11-10,2025-12-31,0.6,2911.509,1765.811,278.688,,867.01,851.079,20.189,576.67,0.0,0.0,842.35,9571.613,6749.342,156.884,1512.489,2822.099,99.03,27.9,2762.937,0.4661,0.311,0.5064
MRX,Marex Group Ltd,Financials,402030,NASDAQ,,2024-04-25,2025-12-31,3.109,2784.3,1580.1,,,1204.2,1178.8,760.2,307.2,42.2,13.1,654.0,34675.1,33411.5,17947.4,19514.3,1263.8,71.738,38.36,2751.87,0.2505,0.4155,1.0454
CRGY,Crescent Energy Co,Energy,101020,NYSE,TX,2021-12-08,2025-12-31,1.066,3579.782,1842.183,388.63,,1348.969,182.067,298.432,132.906,115.121,1769.908,1680.156,12443.207,7277.772,5532.216,735.859,5157.907,327.9,8.39,2751.081,-0.3959,0.57,1.6863
RHI,Robert Half Inc,Industrials,202020,NYSE,CA,,2025-12-31,108.8,5378.506,3376.193,1873.948,,128.365,76.461,,132.99,239.941,53.155,319.965,2856.276,1580.419,245.538,1238.373,1275.857,101.141,27.16,2746.99,-0.5908,0.3618,1.0436
PLUG,Plug Power Inc,Industrials,201040,NASDAQ,NY,1999-10-29,2025-12-31,2.582,709.919,907.399,437.53,57.96,-635.01,-679.57,79.927,-1631.594,0.0,125.64,-535.835,2594.568,1591.254,997.172,565.486,978.069,1393.271,1.97,2744.744,-0.0751,1.1448,1.6054
CBZ,Cbiz Inc,Industrials,202020,NYSE,OH,,2025-12-31,9.5,2757.991,2240.028,98.419,,419.544,323.099,107.215,115.444,0.0,16.959,192.485,4409.528,2647.461,1828.503,56.524,1762.067,54.38,50.45,2743.471,-0.3835,0.3892,0.6455
LFST,Lifestan Hlth Grp Inc,Health Care,351020,NASDAQ,AZ,2021-06-10,2025-12-31,10.961,1424.285,963.186,381.179,0.0,79.92,25.167,11.662,9.663,0.0,36.125,146.151,2203.933,682.918,474.524,248.642,1521.015,388.318,7.04,2733.759,-0.0448,0.5242,0.6571
SFNC,Simmons First Natl Cp  -Cl A,Financials,401010,NASDAQ,AR,,2025-12-31,2.917,629.532,590.435,367.614,,-328.517,-369.319,,-397.553,115.041,38.141,449.503,24540.877,21121.637,694.562,712.013,3419.24,144.763,18.85,2728.783,-0.1125,0.2684,0.8133
IPAR,Interparfums Inc,Consumer Staples,303020,NASDAQ,NY,1988-01-15,2025-12-31,0.662,1488.509,515.99,676.902,,295.617,270.317,7.248,168.387,102.721,24.414,214.9,1585.248,481.224,207.721,295.184,880.716,32.067,84.83,2720.244,-0.3358,0.3225,0.7812
BOH,Bank Of Hawaii Corp,Financials,401010,NYSE,HI,,2025-12-31,1.877,1048.813,361.784,331.292,,355.737,336.949,,205.902,112.956,34.055,218.338,24176.364,22325.152,700.578,946.52,1506.212,39.726,68.37,2716.067,-0.0002,0.2585,0.7899
GENI,Genius Sports Ltd,Consumer Discretionary,253010,NYSE,,,2025-12-31,2.0,669.489,445.128,295.221,31.087,-70.86,-141.379,5.4,-111.581,0.0,21.851,86.395,1130.287,405.812,30.495,280.559,724.474,246.306,11.02,2714.292,0.274,0.4918,1.1154
GRBK,Green Brick Partners Inc,Consumer Discretionary,252010,NYSE,TX,,2025-12-31,0.62,2039.994,1399.188,226.252,,414.554,409.443,12.676,313.225,0.0,4.798,213.244,2534.767,601.782,328.913,190.985,1811.359,43.206,62.66,2707.288,0.1092,0.3555,0.6691
CXT,Crane Nxt Co,Information Technology,452030,NYSE,MA,,2025-12-31,4.8,1656.7,842.0,416.2,46.0,398.5,294.1,60.3,145.1,39.0,43.2,241.5,3116.4,1859.6,1209.7,239.1,1253.0,57.442,47.07,2703.795,-0.1817,0.3739,1.1543
PAGS,Pagseguro Digital Ltd,Financials,402010,NYSE,,2018-01-24,2025-12-31,8.645,1481.241,1443.158,467.467,,-429.384,-757.546,949.311,384.598,145.561,188.824,1372.993,13509.385,10851.505,456.732,1219.884,2657.88,279.706,9.64,2696.366,0.6079,0.5078,1.036
ITGR,Integer Holdings Corp,Health Care,351010,NYSE,TX,2000-09-29,2025-12-31,11.0,1853.637,1272.279,208.36,49.499,372.998,247.048,42.313,102.808,0.0,91.032,196.148,3410.577,1663.934,1312.598,17.161,1746.643,34.346,78.43,2693.757,-0.4082,0.4347,0.7241
CNK,Cinemark Holdings Inc,Communication Services,502020,NYSE,TX,2007-04-24,2025-12-31,27.9,3115.0,2571.4,,,543.6,341.8,163.6,138.2,39.9,218.9,396.1,4433.9,4020.1,2991.8,344.3,405.2,115.53,23.24,2684.917,-0.2407,0.3851,0.3107
TR,Tootsie Roll Industries Inc,Consumer Staples,302020,NYSE,IL,,2025-12-31,2.1,732.524,455.015,157.503,,120.006,100.939,0.447,100.052,26.046,34.263,130.614,1253.982,313.414,13.885,177.032,940.972,72.879,36.63,2669.558,0.1787,0.2698,0.1115
WRBY,Warby Parker Inc,Consumer Discretionary,255040,NYSE,NY,2021-09-29,2025-12-31,4.036,871.905,363.012,458.445,0.0,50.448,0.168,,1.641,0.0,67.048,110.785,720.919,353.189,233.148,286.358,367.73,122.448,21.79,2668.142,-0.1,0.6649,1.7205
DAN,Dana Inc,Consumer Discretionary,251010,NYSE,OH,,2025-12-31,26.9,7500.0,6548.0,387.0,105.0,565.0,208.0,181.0,85.0,55.0,214.0,512.0,7808.0,6909.0,3518.0,476.0,840.0,112.284,23.76,2667.868,1.104,0.47,1.5088
CHRN,Chronoscale Holdings Corp,Information Technology,451020,NASDAQ,TX,,2026-05-31,0.088,71.604,28.388,14.449,,28.767,-31.536,9.583,-50.32,0.0,26.876,39.067,325.874,143.837,120.563,9.664,180.025,145.212,18.36,2666.092,-0.0557,1.3249,0.9691
BCC,Boise Cascade Co,Industrials,201070,NYSE,ID,2013-02-06,2025-12-31,7.66,6404.595,5350.702,715.952,,337.941,179.72,22.771,132.836,32.321,241.431,254.148,3241.943,1167.065,522.21,477.215,2074.878,36.19,73.6,2663.584,-0.3746,0.3737,0.9576
TPH,Tri Pointe Homes Inc,Consumer Discretionary,252010,NYSE,NV,,2025-12-31,1.579,3470.704,2714.768,423.854,,332.082,301.813,81.496,241.088,0.0,32.916,161.46,4977.535,1661.606,1283.01,982.814,3315.834,84.479,31.47,2658.554,-0.1321,0.3544,0.5781
HAFN,Hafnia Ltd,Energy,101020,NYSE,,,2025-12-31,4.876,2281.909,1641.573,111.958,,528.378,326.249,49.768,339.682,198.639,146.199,602.889,3811.896,1482.309,1122.976,192.575,2329.587,497.99,5.33,2654.287,0.0277,0.4119,0.6048
BTDR,Bitdeer Technologies Group,Information Technology,451030,NASDAQ,,2021-06-10,2025-12-31,0.471,620.253,391.142,244.958,153.876,-15.847,-183.966,99.332,65.597,0.0,267.683,-1738.678,2804.572,1936.724,1099.297,176.694,867.848,235.552,11.21,2640.538,-0.4827,1.1329,2.805
EWTX,Edgewise Thera Inc,Health Care,352020,NASDAQ,CO,2021-03-26,2025-12-31,0.146,0.0,0.0,189.322,151.389,-189.322,-191.406,0.0,-167.795,0.0,0.256,-143.816,552.603,30.346,3.99,530.109,522.257,106.25,24.815,2636.594,-0.0706,0.7961,1.1718
INSP,Inspire Medical System,Health Care,351010,NYSE,MN,2018-05-03,2025-12-31,1.333,911.981,119.268,716.647,103.165,76.066,62.109,0.137,145.422,0.0,38.499,116.976,907.317,126.157,32.155,308.268,781.16,28.579,92.23,2635.841,-0.5025,0.7142,1.1356
TOWN,Townebank,Financials,401010,NASDAQ,VA,1999-05-07,2025-12-31,2.976,1118.37,306.59,377.722,,434.058,393.831,,169.526,81.843,49.8,261.467,19687.341,17258.332,421.113,1350.649,2422.067,78.964,33.37,2635.029,0.0104,0.2476,0.6836
STNG,Scorpio Tankers Inc,Energy,101020,NYSE,,2010-03-31,2025-12-31,0.024,938.222,362.021,123.406,,452.795,309.698,74.232,344.292,82.52,0.0,491.226,3917.84,718.842,619.204,751.955,3198.998,51.763,50.83,2631.113,0.0601,0.4227,0.4594
BKV,Bkv Corp,Energy,101020,NYSE,CO,2024-09-26,2025-12-31,0.452,1532.394,883.127,131.572,,517.695,321.958,91.985,179.156,0.0,305.119,280.374,3939.257,1872.516,1138.111,264.273,1985.808,96.658,27.15,2624.265,0.1417,0.4843,1.2064
OCUL,Ocular Therapeutix Inc,Health Care,352020,NASDAQ,MA,2014-07-25,2025-12-31,0.325,51.951,6.574,311.071,197.096,-265.694,-270.017,11.835,-265.939,0.0,12.01,-204.883,808.057,153.747,76.968,737.06,654.31,215.928,12.14,2621.366,0.4215,0.6784,1.1883
APPN,Appian Corp,Information Technology,451030,NASDAQ,VA,2017-05-25,2025-12-31,2.149,726.937,189.893,525.95,172.188,11.094,1.388,20.85,1.233,0.0,3.318,62.874,691.395,738.388,299.7,187.225,-46.993,73.955,35.42,2619.486,0.074,0.5524,0.999
AAOI,Applied Optoelectronics Inc,Information Technology,452010,NASDAQ,TX,2013-09-26,2025-12-31,4.691,455.715,287.978,185.252,85.507,-17.515,-45.211,3.497,-38.228,0.0,179.148,-174.428,1168.423,434.505,248.082,216.035,733.918,74.998,34.86,2614.43,-0.0543,1.251,3.9411
TMC,Tmc The Metals Co Inc,Materials,151040,NASDAQ,BC,,2025-12-31,0.048,0.0,0.0,139.802,,-139.802,-140.054,3.215,-319.844,0.0,0.245,-42.851,181.631,215.074,0.0,117.633,-33.443,422.966,6.17,2609.7,4.5089,1.2747,1.6621
ACMR,Acm Research Inc,Information Technology,453010,NASDAQ,CA,2017-11-03,2025-12-31,2.513,901.309,484.914,290.638,144.989,125.757,109.429,6.955,94.078,0.0,56.283,-10.325,2872.185,941.676,297.908,1168.077,1464.363,65.612,39.45,2588.393,1.6126,0.747,1.7377
ABM,Abm Industries Inc,Industrials,202010,NYSE,NY,,2025-10-31,113.0,8745.9,7617.7,674.8,,453.4,347.8,96.4,162.4,65.6,79.3,234.4,5269.5,3483.9,1693.4,104.1,1785.6,60.177,43.0,2587.611,-0.1551,0.3117,0.6618
UPWK,Upwork Inc,Industrials,202020,NASDAQ,CA,2018-10-03,2025-12-31,0.63,787.784,158.47,469.897,185.544,159.417,133.707,3.152,115.425,0.0,25.139,248.259,1299.58,669.265,371.149,676.381,630.315,130.545,19.82,2587.402,0.2122,0.5367,1.1042
CWT,California Water Service Gp,Utilities,551040,NYSE,CA,,2025-12-31,1.336,1000.14,674.19,,,325.95,181.585,70.392,128.211,73.853,516.991,302.561,5671.165,3979.19,1616.705,97.373,1689.404,59.638,43.33,2584.115,-0.0179,0.2338,-0.0203
MGRC,Mcgrath Rentcorp,Industrials,201070,NASDAQ,CA,,2025-12-31,1.306,944.235,382.19,210.887,,351.158,244.089,30.622,156.308,48.185,186.956,255.683,2357.117,1120.094,527.795,0.295,1237.023,24.612,104.93,2582.537,-0.0457,0.2792,0.7741
PFS,Provident Financial Svcs Inc,Financials,401010,NYSE,NJ,,2025-12-31,1.866,1382.61,515.79,305.922,,560.898,509.581,,291.16,125.907,11.539,442.264,24980.71,22147.498,2579.662,211.484,2833.212,130.62,19.75,2579.745,0.1025,0.3027,0.9422
DNLI,Denali Therapeutcs Inc,Health Care,352010,NASDAQ,CA,2017-12-08,2025-12-31,0.503,0.0,540.53,,418.778,-540.53,-555.342,0.72,-512.54,0.0,9.502,-412.6,1144.854,131.093,42.288,867.879,1013.761,156.182,16.51,2578.565,-0.1899,0.6401,1.3301
MTRN,Materion Corp,Materials,151040,NYSE,OH,,2025-12-31,2.88,1786.55,1432.724,167.198,25.941,186.628,130.415,31.738,74.823,11.51,79.567,103.243,1802.801,859.524,540.328,13.681,943.277,20.735,124.32,2577.775,0.2643,0.3969,1.08
BHC,Bausch Health Companies Inc,Health Care,352020,NYSE,QC,,2025-12-31,20.3,10266.0,2742.0,3995.0,743.0,3529.0,2321.0,1729.0,157.0,0.0,397.0,1400.0,26366.0,25989.0,21079.0,1325.0,-554.0,370.532,6.95,2575.197,-0.1377,0.5659,0.8781
BKD,Brookdale Senior Living Inc,Health Care,351020,NYSE,TN,2005-11-22,2025-12-31,33.0,3194.066,2556.78,177.055,0.0,460.231,104.704,254.292,-262.692,0.0,201.525,218.03,5952.243,5995.62,5516.122,312.349,-44.753,237.746,10.79,2565.279,1.1451,0.4149,0.8448
SYRE,Spyre Therapeutics Inc,Health Care,352010,NASDAQ,MA,2016-04-07,2025-12-31,0.102,0.0,0.0,219.562,171.653,-219.562,-219.562,0.0,-155.203,0.0,0.0,-169.252,777.781,62.545,0.0,756.533,559.416,78.19,32.76,2561.504,0.4072,0.6927,1.6385
SPNT,Siriuspoint Ltd,Financials,403010,NYSE,,2013-08-15,2025-12-31,1.099,2982.7,2291.0,257.0,,434.7,423.8,79.7,459.6,0.0,0.0,102.4,12569.6,10098.7,713.2,1138.5,2269.8,116.99,21.89,2560.911,0.3356,0.3089,0.5716
AMR,Alpha Metallurgical Resource,Materials,151040,NYSE,TN,,2025-12-31,3.96,2129.481,1918.593,60.158,,150.73,-51.347,3.019,-61.687,0.079,127.153,144.926,2280.626,735.131,18.753,415.556,1545.495,12.806,199.88,2559.663,-0.0012,0.5976,0.8555
CVI,Cvr Energy Inc,Energy,101020,NYSE,TX,2007-10-23,2025-12-31,1.532,7162.0,6422.0,148.0,,592.0,189.0,146.0,27.0,0.0,185.0,144.0,3706.0,2808.0,1829.0,511.0,730.0,100.531,25.44,2557.509,0.3575,0.4779,0.861
ZIM,Zim Integrated Shipping Serv,Industrials,203030,NYSE,,2021-01-28,2025-12-31,4.776,6947.6,4336.2,311.2,,2300.2,1014.1,475.1,479.2,515.6,217.7,2299.5,11008.1,6982.5,5726.6,1786.8,4020.9,120.466,21.23,2557.493,0.267,0.6122,1.4375
CSTM,Constellium Se,Materials,151040,NYSE,,2013-05-23,2025-12-31,11.5,8449.0,7262.0,383.0,51.0,804.0,474.0,154.0,273.0,0.0,311.0,489.0,5354.0,4383.0,2063.0,120.0,952.0,135.425,18.85,2552.761,0.8354,0.5071,1.5028
HAE,Haemonetics Corp,Health Care,351010,NYSE,MA,1991-05-09,2026-03-31,3.009,1334.027,462.309,488.024,59.766,383.694,271.977,19.3,97.308,0.0,84.671,293.221,2395.925,1599.605,1274.721,245.44,796.32,45.253,56.36,2550.459,0.0265,0.5343,0.6314
VC,Visteon Corp,Consumer Discretionary,251010,NASDAQ,MI,2000-06-08,2025-12-31,10.5,3768.0,3127.0,202.0,220.0,439.0,330.0,13.0,201.0,15.0,133.0,410.0,3386.0,1735.0,431.0,773.0,1568.0,26.804,95.1,2549.06,0.0773,0.344,0.976
CTRI,Centuri Holdings Inc,Industrials,201030,NYSE,AZ,2024-04-18,2025-12-31,9.687,2982.781,2626.206,115.833,,240.742,101.949,70.188,22.395,0.0,86.325,78.121,2407.706,1529.313,938.109,126.63,872.969,100.725,25.25,2543.306,0.3076,0.5331,1.3196
CHEF,Chefs' Warehouse Inc,Consumer Staples,301010,NASDAQ,CT,2011-07-28,2025-12-31,5.156,4149.537,3067.317,849.789,0.0,232.431,154.301,40.889,72.361,0.0,41.426,129.219,2028.007,1423.698,974.904,120.982,604.309,40.68,62.33,2535.584,0.2638,0.3621,0.7223
PAX,Patria Investments Ltd,Financials,402030,NASDAQ,,2021-01-22,2025-12-31,0.548,381.73,148.882,27.594,,205.254,158.907,18.28,85.651,95.142,10.558,282.61,1495.109,861.69,198.684,88.712,611.75,159.469,15.89,2533.962,0.4302,0.2881,0.974
ALRM,Alarm.Com Holdings Inc,Information Technology,451030,NASDAQ,VA,2015-06-26,2025-12-31,2.058,1011.187,342.295,502.563,270.229,166.329,135.51,17.294,132.574,0.0,16.281,153.33,2136.591,1245.581,1065.641,977.542,848.163,49.631,51.02,2532.174,-0.1609,0.278,0.8627
CON,Concentra Grp Hlds Parnt Inc,Health Care,351020,NYSE,TX,2024-07-25,2025-12-31,13.133,2163.417,1550.323,191.741,,421.353,345.536,109.29,166.415,32.077,82.335,279.397,2858.388,2437.959,2102.62,79.899,393.281,128.633,19.68,2531.497,0.0065,0.2951,0.7365
FA,First Advantage Corp,Industrials,202020,NASDAQ,GA,2021-06-23,2025-12-31,9.5,1574.389,855.306,308.491,,410.592,162.009,172.367,-34.824,0.0,54.252,195.126,3833.802,2520.25,2089.151,240.084,1313.552,174.19,14.53,2530.981,-0.2242,0.4733,1.0999
NSIT,Insight Enterprises Inc,Information Technology,452030,NASDAQ,AZ,1995-01-24,2025-12-31,14.505,8247.18,6379.433,1348.115,0.0,519.632,413.312,84.846,157.347,0.0,24.52,303.827,9087.372,7438.498,1666.419,358.02,1648.874,30.996,81.47,2525.244,-0.4644,0.3485,0.8446
SII,Sprott Inc,Financials,402030,NYSE,ON,2008-05-15,2025-12-31,0.131,285.082,186.794,,,98.288,95.811,1.222,67.345,33.539,1.852,97.69,525.779,158.534,11.117,124.084,367.245,25.786,97.92,2524.965,1.3729,0.3302,0.6236
CVBF,Cvb Financial Corp,Financials,401010,NASDAQ,CA,,2025-12-31,1.079,648.472,129.514,168.276,,350.682,335.901,,209.298,110.284,4.067,221.411,15631.054,13335.83,1037.138,389.453,2295.224,135.552,18.6,2521.267,-0.0946,0.2776,0.7452
UAA,Under Armour Inc,Consumer Discretionary,252030,NYSE,MD,2005-11-18,2026-03-31,14.1,4966.37,2694.319,2055.533,,216.518,106.895,30.288,-495.643,0.0,87.075,-75.088,4415.694,3001.334,1939.633,917.457,1414.36,426.217,5.91,2518.942,-0.3998,0.5029,1.2005
GT,Goodyear Tire & Rubber Co,Consumer Discretionary,251010,NASDAQ,OH,,2025-12-31,63.0,18280.0,13772.0,2692.0,380.0,1816.0,771.0,538.0,-1721.0,0.0,826.0,796.0,18208.0,14805.0,7256.0,910.0,3233.0,286.247,8.76,2507.524,-0.0267,0.5308,0.8564
CAKE,Cheesecake Factory Inc,Consumer Discretionary,253010,NASDAQ,CA,1992-09-17,2025-12-31,48.4,3734.51,3140.287,294.347,0.0,299.876,191.676,10.448,148.427,53.313,146.204,301.281,3261.672,2825.245,2129.835,215.729,436.427,49.636,50.48,2505.625,0.0862,0.3612,0.9467
GRND,Grindr Inc,Communication Services,502030,NYSE,CA,2020-11-24,2025-12-31,0.165,439.898,112.559,192.191,48.928,135.148,126.288,17.643,94.751,0.0,0.746,141.518,531.031,484.025,400.588,87.045,47.006,185.035,13.54,2505.374,-0.241,0.5035,0.6663
SYNA,Synaptics Inc,Information Technology,453010,NASDAQ,CA,2002-01-29,2025-06-30,1.7,1074.3,467.5,521.5,346.8,85.3,-57.8,39.8,-47.8,0.0,25.8,142.0,2584.4,1189.5,882.9,452.5,1394.9,38.643,64.82,2504.839,-0.0302,0.5509,2.0318
TDW,Tidewater Inc,Energy,101010,NYSE,TX,,2025-12-31,7.3,1352.786,687.002,126.186,,539.598,277.259,66.12,334.661,0.0,25.761,379.108,2386.911,1025.657,686.241,578.761,1365.388,49.566,50.51,2503.579,-0.0768,0.5941,1.2071
IHS,Ihs Holding Limited,Communication Services,501010,NYSE,,2021-10-14,2025-12-31,2.762,1582.0,496.8,214.5,,870.7,647.4,326.3,143.6,0.0,217.5,936.2,4489.6,4579.4,3510.1,825.7,-251.3,335.521,7.46,2502.987,1.5548,0.525,0.7951
REVG,Rev Group Inc,Industrials,201060,NYSE,WI,2017-01-27,2025-10-31,5.7,2463.5,2067.7,180.3,5.8,215.5,189.5,25.1,95.2,12.9,51.1,241.1,1200.0,783.7,61.2,34.7,416.3,48.806,51.27,2502.284,0.918,0.426,1.1312
CUBI,Customers Bancorp Inc,Financials,401010,NYSE,PA,2012-02-21,2025-12-31,0.869,1427.41,707.056,204.613,,515.741,473.937,,224.088,0.0,161.057,494.759,24895.868,22780.351,1747.142,4411.463,2115.517,34.191,73.12,2500.046,0.502,0.3975,1.2659
ADPT,Adaptive Biotech Corp,Health Care,352030,NASDAQ,WA,2019-06-27,2025-12-31,0.624,276.976,55.225,261.041,93.769,-39.29,-57.123,11.778,-59.499,0.0,2.959,-45.986,512.736,287.735,210.356,226.98,218.793,153.779,16.24,2497.371,1.7089,0.7711,1.5663
FCPT,Four Corners Property Tr Inc,Real Estate,601080,NYSE,CA,,2025-12-31,0.496,294.932,103.425,26.843,0.0,,164.664,51.873,112.364,148.19,0.0,192.281,2920.726,1290.887,1209.789,12.144,1627.727,108.189,23.06,2494.838,-0.1017,0.1759,0.221
HCI,Hci Group Inc,Financials,403010,NYSE,FL,,2025-12-31,0.594,901.766,364.253,90.321,,447.192,440.431,9.156,299.005,19.289,3.633,444.449,2528.928,1414.284,67.877,1224.088,1041.077,12.992,191.69,2490.436,0.6626,0.3355,0.324
BATRK,Atlanta Braves Holdings Inc,Communication Services,502020,NASDAQ,GA,2016-04-18,2025-12-31,1.61,732.492,511.35,128.904,,92.238,16.604,47.441,-23.368,0.0,145.042,25.236,1614.957,1076.775,845.202,111.578,526.05,63.124,39.45,2490.242,0.0311,0.1922,0.502
BBUC.1,Brookfield Business Crp -Old,Industrials,201050,NYSE,NY,,2025-12-31,13.0,7168.0,5814.0,272.0,,1082.0,364.0,821.0,-875.0,0.0,256.0,-58.0,16428.0,14330.0,7951.0,790.0,-679.0,69.078,35.88,2478.519,0.4911,0.3938,1.2049
ACLS,Axcelis Technologies Inc,Information Technology,453010,NASDAQ,MA,2000-07-11,2025-12-31,1.465,839.048,451.788,239.029,108.958,148.231,138.338,5.364,120.238,0.0,11.295,118.305,1361.351,326.674,71.801,374.253,1034.677,30.717,80.34,2467.804,0.1498,0.5167,1.6064
DNOW,Dnow Inc,Industrials,201070,NYSE,TX,,2025-12-31,5.3,2820.0,2155.0,495.0,0.0,170.0,118.0,,-89.0,0.0,21.0,155.0,3924.0,1686.0,614.0,164.0,2233.0,186.125,13.25,2466.156,0.0184,0.4489,1.0911
FFBC,First Finl Bancorp Inc/Oh,Financials,401010,NASDAQ,OH,,2025-12-31,2.199,1259.342,397.525,354.843,,506.974,475.144,,255.605,94.648,25.641,337.861,21129.379,18360.163,1248.645,775.891,2769.216,98.522,25.02,2465.02,-0.0328,0.279,0.8301
RNG,Ringcentral Inc,Information Technology,451030,NYSE,CA,2013-09-27,2025-12-31,7.378,2515.142,505.664,1631.999,316.993,377.479,154.876,60.279,43.391,0.0,87.214,617.427,1481.455,1870.125,1289.461,132.564,-588.119,85.199,28.88,2460.547,-0.1751,0.4996,1.3894
AMBP,Ardagh Metal Packaging Sa,Materials,151030,NYSE,,,2025-12-31,6.498,5497.0,4486.0,272.0,,739.0,276.0,215.0,11.0,262.0,173.0,449.0,5679.0,6354.0,4419.0,522.0,-683.0,597.7,4.1,2450.57,0.5341,0.494,0.6209
DX,Dynex Capital Inc,Financials,402040,NYSE,VA,,2025-12-31,0.028,531.982,35.127,16.381,0.0,,480.474,619.052,319.066,257.078,0.0,120.821,17342.178,14880.034,13904.231,930.387,2354.301,174.815,14.01,2449.158,0.2938,0.1906,0.5156
GPGI,Gpgi Inc,Information Technology,452020,NYSE,NJ,2020-11-06,2025-12-31,0.977,59.824,29.565,24.982,1.319,5.277,3.765,1.762,-136.005,0.0,0.0,-22.882,517.267,274.126,0.0,114.642,243.141,126.985,19.28,2448.271,0.6255,0.4715,1.173
ALKT,Alkami Technology Inc,Information Technology,451030,NASDAQ,TX,2021-04-14,2025-12-31,1.225,443.639,164.816,296.52,118.396,-17.697,-44.609,9.486,-47.652,0.0,8.689,42.906,847.227,485.178,368.545,99.092,362.049,106.102,23.07,2447.773,-0.371,0.4613,1.2272
PRK,Park National Corp,Financials,401010,NYSE American,OH,,2025-12-31,1.731,664.421,118.717,215.237,,330.467,316.477,,180.073,90.095,6.373,198.32,9805.013,8452.22,98.774,233.513,1352.793,16.078,152.18,2446.75,-0.0816,0.2698,0.7863
CURB,Curbline Properties Corp,Real Estate,601070,NYSE,NY,,2025-12-31,0.039,201.449,118.353,33.922,,,49.174,12.141,39.829,70.99,0.0,124.601,2469.79,556.32,423.239,289.553,1909.193,105.368,23.21,2445.591,0.0292,0.2197,0.5045
SEI,Solaris Enrgy Infrastructure,Energy,101010,NYSE,TX,2017-05-12,2025-12-31,0.468,622.205,340.476,61.658,,220.071,135.786,41.187,30.169,21.759,646.757,209.104,2143.106,1315.855,1078.964,353.319,564.338,53.081,45.97,2440.134,0.6224,0.9347,2.237
ASAN,Asana Inc,Information Technology,451030,NYSE,CA,2020-09-30,2026-01-31,1.767,790.806,64.722,897.811,301.496,-171.727,-193.764,3.148,-189.024,0.0,13.379,90.361,844.088,689.971,249.418,434.463,154.117,237.916,10.25,2438.639,-0.3236,0.6155,1.7303
DRVN,Driven Brands Holdings Inc,Consumer Discretionary,253020,NASDAQ,NC,2021-01-15,2025-12-31,7.1,1862.438,916.274,633.196,,312.968,231.11,125.624,140.101,0.0,222.774,330.543,4159.92,3392.718,2708.074,155.304,767.202,164.532,14.82,2438.364,-0.0818,0.3485,0.7305
NCNO,Ncino Inc,Information Technology,451030,NASDAQ,NC,2020-07-14,2026-01-31,1.684,594.781,211.027,322.431,127.528,61.323,19.068,17.457,5.18,0.0,7.501,90.065,1648.106,579.454,278.695,88.516,1055.915,113.905,21.35,2431.872,-0.2365,0.4227,0.8544
IMNM,Immunome Inc,Health Care,352010,NASDAQ,WA,2020-10-02,2025-12-31,0.177,6.941,218.588,,187.286,-211.647,-214.113,0.0,-212.394,0.0,9.685,-190.919,683.188,48.845,3.855,653.482,634.343,113.133,21.48,2430.097,1.0226,0.7903,1.5615
SLNO,Soleno Therapeutics Inc,Health Care,352010,NASDAQ,CA,2014-11-13,2025-12-31,0.182,190.405,173.438,,40.627,16.967,14.95,5.476,20.89,0.0,0.073,46.798,563.83,113.715,52.553,305.472,450.115,52.287,46.3,2420.888,0.03,0.7366,0.7919
BKE,Buckle Inc,Consumer Discretionary,255040,NYSE,NE,1992-05-06,2026-01-31,8.0,1297.835,636.559,374.414,0.0,286.862,261.444,0.0,209.744,225.09,45.361,251.14,991.279,566.636,383.814,274.159,424.643,51.157,47.3,2419.726,0.1405,0.3094,0.8523
UE,Urban Edge Properties,Real Estate,601070,NYSE,NY,,2025-12-31,0.104,474.703,305.546,39.675,0.0,,129.482,90.588,93.535,95.542,0.0,182.719,3311.871,1935.399,1666.157,78.865,1289.059,125.913,19.19,2416.27,-0.0716,0.2506,0.7107
DBD,Diebold Nixdorf Inc,Information Technology,452020,NYSE,OH,,2025-12-31,20.0,3805.7,2674.8,667.2,86.7,463.7,336.2,85.7,94.6,0.0,37.4,300.7,3854.4,2749.6,1088.3,416.4,1099.9,35.385,67.89,2402.288,0.5774,0.3583,1.1812
INSW,International Seaways Inc,Energy,101020,NYSE,NY,,2025-12-31,2.763,843.302,323.092,50.235,,469.975,306.389,46.923,309.261,144.611,341.921,380.052,2668.642,648.365,576.215,166.922,2020.277,49.404,48.55,2398.564,0.4488,0.404,0.5604
OII,Oceaneering International,Energy,101010,NYSE,TX,,2025-12-31,11.1,2784.156,2129.714,263.89,,390.552,304.552,37.377,353.761,0.0,111.015,318.861,2667.254,1590.591,873.139,695.874,1070.6,99.36,24.03,2387.621,-0.0786,0.4444,1.4219
KWR,Quaker Houghton,Materials,151010,NYSE,PA,1972-12-15,2025-12-31,4.7,1888.634,1172.787,427.385,60.7,288.462,195.009,44.048,-2.488,34.627,55.856,136.453,2797.936,1421.437,905.853,179.829,1373.113,17.332,137.31,2379.857,-0.0086,0.4263,1.2617
KMPR,Kemper Corp/De,Financials,403010,NYSE,IL,,2025-12-31,7.4,4796.7,4478.2,,,318.5,265.9,38.5,143.3,79.6,0.0,584.5,12472.7,9803.3,1004.9,640.0,2681.4,58.667,40.54,2378.36,-0.3747,0.3899,0.6971
PHIN,Phinia Inc,Consumer Discretionary,251010,NYSE,MI,,2025-12-31,12.5,3483.0,2564.0,445.0,105.0,474.0,317.0,81.0,130.0,42.0,124.0,312.0,3817.0,2230.0,1020.0,359.0,1587.0,37.915,62.69,2376.891,0.3296,0.3409,1.0409
SVM,Silvercorp Metals Inc,Materials,151040,NYSE American,BC,,2026-03-31,,438.135,137.06,28.708,,272.367,235.284,12.335,-9.944,5.482,129.253,310.568,1464.227,358.558,118.393,422.335,941.006,220.911,10.74,2372.584,1.7928,0.575,0.8594
EXTR,Extreme Networks Inc,Information Technology,452010,NASDAQ,NC,1999-04-09,2025-06-30,2.811,1140.067,413.969,653.921,221.459,72.177,53.163,15.928,-7.467,0.0,24.713,152.031,1153.218,1087.634,223.442,231.745,65.584,132.064,17.95,2370.549,-0.0054,0.4466,1.4887
WAFD,Wafd Inc,Financials,401010,NASDAQ,WA,,2025-09-30,2.037,1410.069,692.964,267.083,,450.022,450.022,,226.068,84.639,28.707,236.952,26699.699,23660.124,1869.428,657.31,2739.575,78.187,30.29,2368.284,0.0295,0.2881,0.801
OLN,Olin Corp,Materials,151010,NYSE,MO,,2025-12-31,7.849,6780.8,5849.7,388.3,19.3,542.8,112.2,186.1,-100.5,91.6,226.3,474.2,7325.8,5455.2,3139.5,167.6,1838.9,113.6,20.83,2366.288,-0.3614,0.5811,1.7886
BBAI,Bigbear.Ai Holdings Inc,Information Technology,451020,NYSE,VA,2021-02-09,2025-12-31,0.579,127.672,83.913,102.735,16.752,-58.976,-74.257,18.116,-293.914,0.0,0.525,-41.951,894.547,282.677,114.812,293.108,611.87,436.956,5.4,2359.562,0.2135,1.2897,2.4141
AAP,Advance Auto Parts Inc,Consumer Discretionary,255040,NYSE,NC,,2025-12-31,54.007,8601.0,4556.0,3571.0,0.0,474.0,202.0,139.0,44.0,61.0,252.0,-46.0,11826.0,9628.0,5659.0,3123.0,2198.0,60.0,39.3,2358.0,-0.1503,0.7958,0.9416
BRZE,Braze Inc,Information Technology,451030,NASDAQ,NY,2021-11-17,2026-01-31,1.988,738.182,225.14,626.422,167.143,-113.38,-132.708,0.0,-131.287,0.0,13.364,71.438,1113.757,489.601,82.654,412.488,623.767,112.771,20.82,2347.892,-0.1812,0.554,1.3912
IE,Ivanhoe Electric Inc,Materials,151040,NYSE American,AZ,2022-06-28,2025-12-31,0.286,3.244,113.864,,0.275,-110.62,-113.571,4.141,-105.874,0.0,2.309,-89.2,483.273,59.705,35.897,176.273,416.112,145.508,15.98,2325.218,1.1166,0.7674,1.6261
MGNI,Magnite Inc,Communication Services,502010,NASDAQ,NY,2014-04-02,2025-12-31,0.971,713.953,217.027,344.522,84.712,152.404,98.73,31.648,144.613,0.0,70.535,236.168,3164.375,2242.025,626.36,553.362,922.35,142.964,16.23,2320.306,0.0195,0.6508,1.8793
PTEN,Patterson-Uti Energy Inc,Energy,101010,NASDAQ,TX,1993-11-02,2025-12-31,7.9,4826.624,3656.502,255.072,,915.05,2.586,70.508,-93.635,122.453,589.029,961.219,5570.466,2345.751,1280.47,420.642,3218.538,379.302,6.11,2317.535,-0.2205,0.5888,1.9234
ODD,Oddity Tech Ltd,Consumer Staples,303020,NASDAQ,,2023-07-19,2025-12-31,0.658,809.844,210.451,468.936,,130.457,119.77,3.417,110.745,0.0,3.936,87.581,1137.792,741.297,607.833,413.449,396.495,57.575,40.18,2313.364,-0.0438,0.6218,1.243
KNTK,Kinetik Holdings Inc,Energy,101020,NYSE,TX,,2025-12-31,0.5,1764.389,1211.635,,,552.754,170.109,247.885,178.26,195.355,492.474,604.12,7095.611,4165.229,3865.567,3.951,-565.39,64.081,36.05,2310.12,-0.3192,0.411,1.1245
QUBT,Quantum Computing Inc,Information Technology,452020,NASDAQ,NJ,,2025-12-31,0.072,0.682,47.356,,20.473,-46.674,-51.077,0.065,-18.674,0.0,6.69,-30.294,1618.92,20.655,2.577,1117.301,1598.265,224.165,10.26,2299.933,-0.3801,1.449,2.4849
TRMK,Trustmark Corp,Financials,401010,NASDAQ,MS,1987-10-20,2025-12-31,2.543,1112.262,325.354,339.68,,447.228,407.231,,224.135,58.456,11.949,243.902,18925.211,16803.534,1079.834,668.007,2121.677,59.012,38.95,2298.517,0.1297,0.2658,0.8749
FLO,Flowers Foods Inc,Consumer Staples,302020,NYSE,GA,,2025-12-31,10.3,5256.479,2687.585,2037.033,9.3,531.861,364.434,76.665,83.825,207.471,127.113,446.203,4183.861,2880.374,2083.842,16.357,1303.487,211.178,10.88,2297.617,-0.4369,0.2622,0.2983
HOG,Harley-Davidson Inc,Consumer Discretionary,251020,NYSE,WI,,2025-12-31,5.5,4445.308,2569.45,1294.281,178.2,581.577,409.206,349.452,338.738,86.388,153.679,568.922,8044.815,4887.965,3053.696,3091.744,3140.668,111.659,20.49,2287.893,-0.3001,0.4347,1.1573
XRAY,Dentsply Sirona Inc,Health Care,351010,NASDAQ,NC,1987-08-12,2025-12-31,14.0,3680.0,1568.0,1463.0,150.0,649.0,297.0,102.0,-598.0,128.0,131.0,235.0,5429.0,4089.0,2468.0,326.0,1339.0,199.6,11.43,2281.428,-0.3687,0.4273,1.0851
NTCT,Netscout Systems Inc,Information Technology,452010,NASDAQ,MA,1999-08-12,2026-03-31,2.073,859.482,164.306,526.184,159.461,168.992,111.667,1.705,95.531,0.0,9.112,294.538,2354.517,705.257,39.592,667.957,1649.26,71.465,31.79,2271.872,0.2493,0.3166,0.9266
DIOD,Diodes Inc,Information Technology,453010,NASDAQ,TX,,2025-12-31,7.989,1482.073,898.117,403.533,162.175,180.423,36.676,2.776,66.141,0.0,78.362,215.513,2448.1,509.691,95.609,382.163,1878.124,45.876,49.34,2263.522,-0.1999,0.5141,1.6643
SRPT,Sarepta Therapeutics Inc,Health Care,352010,NASDAQ,MA,1997-06-04,2025-12-31,0.835,2198.237,829.726,1388.283,1522.066,-19.772,-74.172,38.14,-713.41,0.0,101.972,-205.479,3349.703,2209.081,1039.548,939.65,1140.622,104.964,21.52,2258.825,-0.823,1.0505,1.4905
OI,O-I Glass Inc,Materials,151030,NYSE,OH,,2025-12-31,19.0,6443.0,4918.0,476.0,42.0,1049.0,623.0,334.0,-129.0,0.0,432.0,600.0,9243.0,7798.0,5195.0,759.0,1294.0,152.972,14.76,2257.867,0.3616,0.4259,0.9588
NN,Nextnav Inc,Information Technology,451030,NASDAQ,VA,,2025-12-31,0.103,4.573,8.436,58.515,18.952,-62.378,-70.232,17.843,-189.253,0.0,0.05,-50.745,247.019,333.254,288.599,152.138,-86.235,135.372,16.64,2252.59,0.0694,0.638,1.227
TGLS,Tecnoglass Holdings Inc,Industrials,201020,NYSE,FL,2012-03-19,2025-12-31,9.601,983.61,536.672,187.85,3.1,259.088,225.688,3.445,159.566,27.795,101.262,135.755,1260.392,547.34,171.629,104.051,713.052,44.738,50.32,2251.216,-0.3597,0.4225,1.1406
VIAV,Viavi Solutions Inc,Information Technology,452010,NASDAQ,AZ,1993-11-17,2025-06-30,3.6,1084.3,400.2,544.9,208.7,139.2,76.5,30.0,34.8,0.0,27.8,89.8,1993.8,1213.6,692.5,429.0,780.2,223.2,10.07,2247.624,0.7643,0.4485,0.876
EPAC,Enerpac Tool Group Corp,Industrials,201060,NYSE,WI,,2025-08-31,2.1,616.899,294.972,165.501,14.5,156.426,140.752,12.211,92.749,2.115,19.34,111.284,827.867,394.173,227.747,151.558,433.694,52.946,42.34,2241.734,-0.0684,0.3318,1.01
TIC,Tic Solutions Inc,Industrials,202020,NYSE,FL,2023-05-22,2025-12-31,12.76,1530.296,1012.699,305.069,,212.528,34.198,87.621,-87.116,0.0,33.758,95.018,4396.309,2216.393,1712.83,439.536,2179.916,221.485,10.11,2239.213,-0.1575,0.5167,0.8798
CNXC,Concentrix Corp,Industrials,202020,NASDAQ,CA,,2025-11-30,455.0,9825.771,6359.357,2094.97,,1371.444,721.337,290.349,-1278.924,89.957,234.496,806.967,10761.086,8016.741,5536.697,519.07,2744.345,61.739,36.21,2235.569,-0.0137,0.6273,0.9618
RARE,Ultragenyx Pharmaceutical,Health Care,352010,NASDAQ,CA,2014-01-31,2025-12-31,1.371,673.0,74.0,1099.0,750.0,-500.0,-535.0,62.0,-575.0,0.0,6.0,-466.0,1532.0,1605.0,1252.0,693.0,-80.0,96.4,23.0,2217.2,-0.4533,0.6882,0.9734
BBT,Beacon Financial Corp,Financials,401010,NYSE,MA,,2025-12-31,2.05,882.681,371.074,221.071,,290.536,265.758,,90.271,63.119,12.288,224.444,23220.372,20724.311,879.073,2041.745,2496.061,84.031,26.37,2215.897,-0.0421,0.2814,0.7823
ASH,Ashland Inc,Materials,151010,NYSE,DE,,2025-09-30,2.9,1824.0,1079.0,378.0,54.0,367.0,170.0,63.0,-845.0,77.0,98.0,94.0,4611.0,2707.0,1490.0,265.0,1904.0,46.0,47.91,2203.86,-0.1544,0.3994,1.1045
HP,Helmerich & Payne,Energy,101010,NYSE,OK,,2025-09-30,15.7,3746.013,2569.271,321.177,34.125,855.565,230.48,107.808,-163.695,100.805,426.373,542.95,6705.738,3876.4,2210.023,245.756,2724.79,99.447,22.09,2196.784,-0.0617,0.5573,1.4937
GEO,Geo Group Inc,Industrials,202010,NYSE,FL,1994-07-26,2025-12-31,18.0,2631.549,1968.481,235.939,,427.129,295.09,160.521,254.372,0.0,197.512,72.611,3843.622,2339.488,1725.373,71.993,1505.806,136.242,16.12,2196.221,-0.4239,0.4807,0.9444
IVT,Inventrust Properties Corp,Real Estate,601070,NYSE,IL,,2025-12-31,0.103,299.169,212.84,34.925,,,51.404,34.868,111.421,73.785,0.0,155.416,2788.647,994.385,828.01,40.518,1794.262,77.692,28.21,2191.691,-0.032,0.1974,0.5618
HAPN,Happen Inc,Financials,402020,NASDAQ,CA,2014-12-11,2025-12-31,1.075,1334.719,1094.737,,,239.982,177.093,0.147,135.677,0.0,140.341,-2726.94,11567.816,10067.388,15.826,930.437,1500.428,115.369,18.94,2185.089,0.1699,0.5833,1.928
AORT,Artivion Inc,Health Care,351010,NYSE,GA,1993-02-11,2025-12-31,1.8,443.643,148.42,230.688,30.991,64.535,42.077,26.582,9.768,0.0,39.041,39.88,884.796,436.564,257.614,84.78,448.232,47.843,45.61,2182.119,0.5953,0.4179,0.6801
SBLK,Star Bulk Carriers Corp,Industrials,203030,NASDAQ,,,2025-12-31,0.294,1042.499,663.025,70.542,,308.932,140.655,72.002,84.174,34.375,83.988,295.936,3805.385,1356.122,1229.286,501.836,2449.263,113.425,19.22,2180.028,0.3074,0.3518,0.7583
CSGS,Csg Systems Intl Inc,Industrials,202020,NASDAQ,CO,1996-02-28,2025-12-31,5.5,1223.289,596.692,415.31,161.57,211.287,166.303,28.954,55.881,36.924,14.548,155.939,1544.607,1260.908,576.841,180.011,283.699,28.37,76.69,2175.695,0.5298,0.2762,0.6355
NBTB,N B T Bancorp Inc,Financials,401010,NASDAQ,NY,,2025-12-31,2.303,903.285,241.7,293.863,,367.722,342.779,,169.235,72.594,16.302,235.218,15995.121,14098.905,360.554,487.116,1896.216,52.203,41.52,2167.469,-0.1018,0.2694,0.7274
RXRX,Recursion Pharma Inc,Health Care,352010,NASDAQ,UT,2021-04-16,2025-12-31,0.6,74.681,37.552,568.884,475.271,-531.755,-615.456,1.81,-644.759,0.0,6.469,-371.808,1474.13,343.265,77.965,747.888,1130.865,528.183,4.09,2160.268,-0.395,0.9126,2.4026
HRMY,Harmony Biosc Hold Inc,Health Care,352020,NASDAQ,PA,2020-08-19,2025-12-31,0.293,868.453,196.852,403.547,189.594,268.054,242.719,14.649,158.687,0.0,0.31,348.199,1271.631,401.413,169.248,775.34,870.218,57.726,37.42,2160.107,0.0875,0.4212,0.5343
SDRL,Seadrill Ltd,Energy,101010,NYSE,TX,2010-04-15,2025-12-31,3.0,1437.0,982.0,102.0,,353.0,115.0,61.0,-77.0,0.0,110.0,-28.0,3947.0,1089.0,633.0,365.0,2858.0,62.374,34.6,2158.14,-0.1112,0.5056,1.395
EVCM,Evercommerce Inc,Information Technology,451030,NASDAQ,CO,2021-07-01,2025-12-31,1.8,588.907,132.063,330.281,79.018,126.563,59.335,34.71,17.599,0.0,2.226,111.456,1371.794,654.921,537.204,129.73,716.873,178.112,12.11,2156.936,0.0999,0.4757,1.1018
RVLV,Revolve Group Inc,Consumer Discretionary,255040,NYSE,CA,2019-06-07,2025-12-31,1.664,1225.682,567.906,572.754,,85.022,78.629,0.0,61.709,0.0,14.978,59.396,765.001,252.466,32.455,303.199,512.535,71.372,30.19,2154.721,-0.0985,0.5518,1.5955
BELFB,Bel Fuse Inc,Information Technology,452030,NASDAQ,NJ,,2025-12-31,4.964,675.455,384.445,156.695,30.867,134.315,107.723,14.751,61.536,3.465,12.002,80.612,935.2,416.526,222.657,58.386,425.513,12.659,169.63,2147.346,1.0632,0.4787,1.5415
CALY,Callaway Golf Co,Consumer Discretionary,252020,NYSE,CA,1992-02-27,2025-12-31,28.0,2060.1,1145.6,747.2,65.5,167.3,120.6,60.6,-409.3,0.0,31.8,334.0,7286.0,5217.1,1674.1,903.2,2068.9,183.9,11.67,2146.113,0.4847,0.6556,1.2802
SEZL,Sezzle Inc,Financials,402010,NASDAQ,MN,,2025-12-31,0.201,450.279,120.786,151.348,,178.145,176.789,14.021,133.13,0.0,0.655,209.907,400.229,230.418,140.815,72.467,169.811,33.798,63.475,2145.328,0.4889,1.0017,2.539
RUM,Rum Group Inc,Communication Services,502030,NASDAQ,FL,2021-02-19,2025-12-31,0.156,100.622,107.383,91.374,18.744,-98.135,-112.7,0.0,-81.83,0.0,4.067,-70.43,336.847,62.005,1.914,237.92,274.832,339.427,6.32,2145.179,-0.5142,0.7098,1.9377
SM,Sm Energy Co,Energy,101020,NYSE,CO,1992-12-16,2025-12-31,1.241,3154.0,900.0,218.0,,2036.0,829.0,207.0,648.0,92.0,1472.0,2011.0,9253.0,4443.0,2853.0,368.0,4810.0,114.631,18.7,2143.6,-0.4971,0.5683,1.6387
PGNY,Progyny Inc,Health Care,351020,NASDAQ,NY,2019-10-25,2025-12-31,0.856,1288.661,979.229,213.607,9.5,95.825,90.877,0.0,58.52,0.0,18.41,210.192,742.435,226.391,27.726,310.096,516.044,83.366,25.68,2140.839,0.4887,0.4705,0.5673
CLVT,Clarivate Plc,Industrials,202020,NYSE,,,2025-12-31,12.0,2455.2,833.6,686.1,,935.5,178.3,265.4,-201.1,0.0,263.2,628.5,11069.4,6226.5,4479.3,329.2,4842.9,640.7,3.34,2139.938,-0.3425,0.4883,1.3629
BANR,Banner Corp,Financials,401010,NASDAQ,WA,1995-08-24,2025-12-31,1.934,877.484,230.081,309.429,,337.974,319.966,,195.382,67.67,9.514,257.464,16354.488,14408.191,372.621,422.64,1946.297,34.098,62.66,2136.581,-0.0326,0.2711,0.7724
ESTA,Establishmnt Lbs Hldng,Health Care,351010,NASDAQ,TX,2018-07-19,2025-12-31,1.004,211.076,55.205,180.951,20.247,-25.08,-34.643,25.256,-51.064,0.0,6.049,-50.89,357.167,333.62,264.467,75.572,23.547,29.305,72.88,2135.748,0.582,0.784,1.8417
FRME,First Merchants Corp,Financials,401010,NASDAQ,IN,,2025-12-31,2.086,1051.726,410.029,282.095,,359.602,330.179,,226.001,82.912,0.0,283.646,19025.101,16558.434,1019.057,280.458,2441.542,56.952,37.48,2134.561,-0.0255,0.2775,0.7769
CECO,Ceco Environmental Corp,Industrials,201060,NASDAQ,TX,,2025-12-31,1.54,774.381,496.439,200.728,,77.214,52.332,20.913,50.051,0.0,11.343,5.861,893.769,570.587,240.041,33.227,317.528,35.645,59.85,2133.353,0.9798,0.5234,1.0067
NHC,National Healthcare Corp,Health Care,351020,NYSE American,TN,,2025-12-31,15.278,1517.781,1320.617,27.498,0.0,169.666,124.746,6.371,120.015,39.224,36.446,185.078,1526.419,451.904,87.072,309.178,1068.772,15.536,137.09,2129.83,0.3035,0.2687,0.4705
STC,Stewart Information Services,Financials,403010,NYSE,TX,,2025-12-31,7.8,2926.536,2670.048,,,256.488,195.418,20.444,115.535,59.604,73.409,205.688,3252.805,1602.407,768.759,454.76,1641.084,30.223,70.26,2123.468,0.0721,0.3082,0.585
HE,Hawaiian Electric Inds,Utilities,551010,NYSE,HI,,2025-12-31,2.675,3086.896,2539.574,,,547.322,248.403,113.943,126.281,0.0,341.202,391.073,8922.879,7316.96,2958.843,980.746,1605.919,172.62,12.3,2123.226,0.2641,0.3621,0.6036
ATKR,Atkore Inc,Industrials,201040,NYSE,IL,2016-06-10,2025-09-30,5.4,2850.378,2091.677,396.609,,362.092,237.559,33.269,-15.175,44.204,107.108,402.762,2851.922,1453.581,931.82,506.699,1398.341,33.665,62.74,2112.142,-0.2266,0.5299,1.3748
AUPH,Aurinia Pharmaceuticals Inc,Health Care,352010,NASDAQ,AB,1999-01-26,2025-12-31,0.128,283.055,13.865,134.299,32.505,134.891,116.091,4.33,287.202,0.0,0.252,135.658,751.587,170.256,74.812,397.997,581.331,132.323,15.95,2110.552,0.7762,0.4608,0.6647
KLIC,Kulicke & Soffa Industries,Information Technology,453010,NASDAQ,,,2025-09-30,2.592,654.081,318.838,296.226,149.616,39.017,21.043,0.134,0.213,43.271,17.203,113.565,1104.342,282.851,38.55,510.708,821.491,51.92,40.64,2110.029,-0.0029,0.4339,1.5238
TRN,Trinity Industries Inc,Industrials,201060,NYSE,TX,1968-01-31,2025-12-31,6.11,2156.9,1279.1,214.3,,663.5,358.4,273.4,253.1,98.8,794.9,359.7,8424.4,7279.1,5549.2,323.6,1077.2,79.8,26.44,2109.912,-0.2149,0.3208,0.9675
WS,Worthington Steel Inc,Materials,151040,NYSE,OH,,2026-05-31,5.4,3443.8,2956.7,257.0,,230.1,146.3,28.4,8.5,32.7,121.2,201.2,2252.4,989.5,354.3,84.6,1063.3,49.92,42.19,2106.125,0.1119,0.4574,1.2079
FBNC,First Bancorp/Nc,Financials,401010,NASDAQ,NC,,2025-12-31,1.374,544.7,170.49,164.619,,209.591,195.985,,111.048,37.716,4.245,203.131,12668.339,11014.171,88.805,309.595,1654.168,41.466,50.79,2106.058,0.1779,0.2895,0.8528
OSW,Onespaworld Holdings Ltd,Consumer Discretionary,253020,NASDAQ,,2017-10-25,2025-12-31,5.395,961.001,831.197,18.063,,111.741,90.333,5.665,71.618,17.465,15.073,83.519,707.095,164.518,94.359,17.504,542.577,101.39,20.74,2102.829,0.0515,0.3894,1.3603
NGVT,Ingevity Corp,Materials,151010,NYSE,SC,,2025-12-31,1.5,1167.6,633.1,160.3,,374.2,276.7,73.5,-167.1,0.0,57.7,331.2,1651.1,1621.4,1242.7,78.6,29.7,35.486,59.18,2100.061,0.4523,0.5204,1.3966
PK,Park Hotels & Resorts,Real Estate,601030,NYSE,VA,,2025-12-31,0.09,2555.0,2562.0,72.0,0.0,,-79.0,267.0,-283.0,201.0,0.0,398.0,7700.0,4624.0,4047.0,264.0,3131.0,199.901,10.46,2090.964,-0.1839,0.3641,1.265
NOG,Northern Oil & Gas Inc,Energy,101020,NYSE,MN,,2025-12-31,0.064,2475.723,1320.595,61.332,,1093.796,278.937,176.244,38.761,176.034,1252.462,1505.288,5409.375,3283.034,2395.393,14.299,2126.341,97.266,21.47,2088.301,-0.3815,0.5298,1.6238
BUSE,First Busey Corp,Financials,401010,NASDAQ,KS,,2025-12-31,1.948,1043.835,376.994,327.049,,339.792,309.589,,135.262,81.113,19.618,192.571,18104.736,15635.754,490.055,294.052,2468.982,87.624,23.79,2084.575,0.0549,0.2803,0.8035
TXG,10X Genomics Inc,Health Care,352030,NASDAQ,CA,2019-09-12,2025-12-31,1.178,642.823,167.242,543.616,238.632,-68.035,-99.235,0.0,-43.544,0.0,5.935,136.05,1041.365,245.039,84.361,523.409,796.326,127.691,16.31,2082.64,0.1358,0.7156,1.9092
WLY,Wiley (John) & Sons  -Cl A,Communication Services,502010,NYSE,NJ,,2026-04-30,4.5,1676.528,357.14,895.799,,423.589,296.17,43.848,221.617,74.621,51.166,260.519,2591.818,1743.576,768.895,75.672,848.242,50.855,40.93,2081.495,-0.2723,0.3574,0.502
DXC,Dxc Technology Co,Information Technology,451020,NYSE,VA,,2026-03-31,115.0,12644.0,9782.0,1399.0,,1463.0,472.0,215.0,18.0,0.0,212.0,1248.0,12890.0,9681.0,4247.0,1737.0,2941.0,165.486,12.57,2080.159,-0.2668,0.4157,1.299
SAH,Sonic Automotive Inc  -Cl A,Consumer Discretionary,255040,NYSE,NC,1997-11-12,2025-12-31,11.0,15153.6,12770.7,1713.9,0.0,669.0,505.6,197.0,118.7,49.6,149.9,567.4,5970.7,4902.6,4228.1,306.3,1068.1,33.576,61.86,2077.011,-0.0026,0.3962,0.9094
RXO,Rxo Inc,Industrials,203040,NYSE,NC,,2025-12-31,9.218,5742.0,4801.0,832.0,,109.0,-7.0,35.0,-100.0,0.0,59.0,51.0,3277.0,1736.0,670.0,18.0,1541.0,164.16,12.64,2074.982,-0.4698,0.6769,1.9784
TPB,Turning Point Brands Inc,Consumer Staples,302030,NYSE,KY,2016-05-11,2025-12-31,0.484,463.062,191.332,163.303,,108.427,101.011,25.386,58.165,5.668,13.529,57.374,763.75,391.767,308.974,222.76,354.304,19.132,108.4,2073.909,0.8104,0.4468,0.5624
SKWD,Skyward Specialty Ins Gp Inc,Financials,403010,NASDAQ,TX,2023-01-13,2025-12-31,0.611,1419.224,1173.571,,,245.653,241.045,7.919,170.028,0.0,5.454,408.076,4791.852,3782.287,119.98,508.891,1009.565,40.511,51.11,2070.517,0.0113,0.364,0.5774
BGM,Bgm Group Ltd,Health Care,352020,NASDAQ,,2021-01-12,2025-09-30,0.471,37.919,30.144,18.893,0.673,-11.118,-12.581,,-19.941,0.0,2.066,-2.372,433.814,41.917,1.938,10.816,390.878,200.623,10.24,2054.38,-0.5633,1.0262,0.5583
MQ,Marqeta Inc,Financials,402010,NASDAQ,CA,2021-06-09,2025-12-31,0.938,624.884,187.612,434.965,144.5,2.307,-24.856,0.0,-13.925,0.0,30.26,162.623,1525.033,763.076,8.557,1079.519,761.957,432.256,4.75,2053.216,0.2533,0.4704,0.6745
EYE,National Vision Holdings Inc,Consumer Discretionary,255040,NASDAQ,GA,2017-10-26,2025-12-31,13.138,1987.488,819.469,1012.739,0.0,155.28,64.128,17.148,29.6,0.0,72.84,146.293,1983.678,1114.145,694.6,38.708,869.533,79.416,25.82,2050.521,1.4779,0.4795,1.2339
SAM,Boston Beer Inc  -Cl A,Consumer Staples,302010,NYSE,MA,1995-11-20,2025-12-31,2.736,1964.994,921.976,800.743,,242.275,151.837,0.122,108.469,0.0,54.563,270.158,1193.595,347.315,38.984,223.378,846.28,10.476,195.13,2044.182,-0.3495,0.3268,0.4274
MAZE,Maze Therapeutics Inc,Health Care,352020,NASDAQ,CA,2025-01-31,2025-12-31,0.141,0.0,140.496,,108.448,-140.496,-142.899,,-131.12,0.0,0.794,-111.94,397.127,42.161,23.306,341.917,354.966,49.336,41.43,2043.99,1.5975,1.0257,0.9498
OMCL,Omnicell Inc,Health Care,351010,NASDAQ,TX,2001-08-07,2025-12-31,3.58,1184.845,615.813,473.029,88.672,96.003,17.208,3.91,2.052,0.0,40.415,127.3,1974.72,742.906,204.345,196.52,1231.814,45.027,45.3,2039.723,0.0175,0.4323,0.8988
OLMA,Olema Pharmaceuticals Inc,Health Care,352010,NASDAQ,CA,2020-11-19,2025-12-31,0.131,0.0,0.0,178.208,157.697,-178.208,-178.698,0.1,-162.451,0.0,0.0,-146.716,533.43,54.871,4.193,505.437,478.559,81.376,25.0,2034.4,3.2882,1.6157,0.2379
CPRI,Capri Holdings Ltd,Consumer Discretionary,252030,NYSE,,2011-12-15,2026-03-31,11.2,3474.0,1311.0,1993.0,,170.0,49.0,63.0,137.0,0.0,63.0,77.0,3234.0,3150.0,1420.0,145.0,80.0,115.175,17.62,2029.384,0.1586,0.6587,2.0555
HTH,Hilltop Holdings Inc,Financials,401010,NYSE,TX,2004-02-12,2025-12-31,3.55,1587.891,1275.831,,,312.06,292.932,115.069,165.591,45.401,16.834,-38.696,15844.994,13647.388,964.707,1346.646,2168.401,59.54,33.94,2020.788,0.2125,0.2385,0.5829
ALG,Alamo Group Inc,Industrials,201060,NYSE,TX,1993-03-18,2025-12-31,3.8,1603.715,1167.074,224.073,11.2,212.568,157.197,14.877,103.801,14.415,30.627,177.543,1606.616,457.913,220.29,309.659,1148.703,11.991,167.87,2012.929,-0.0912,0.2751,0.7502
EFOR,Everforth Inc,Information Technology,451020,NYSE,VA,1992-09-22,2025-12-31,2.8,3980.4,2829.2,787.2,,364.0,261.2,67.7,113.5,0.0,39.8,327.9,3677.3,1873.3,1240.7,161.2,1804.0,41.7,48.17,2008.689,-0.422,0.403,0.7568
WD,Walker & Dunlop Inc,Financials,402010,NYSE,MD,2010-12-15,2025-12-31,1.466,1296.008,855.939,,,440.069,201.387,126.417,57.084,91.802,15.772,-664.31,5059.478,3313.616,2473.174,547.041,1735.034,33.389,60.15,2008.348,-0.3587,0.356,0.9273
AGYS,Agilysys Inc,Information Technology,451030,NASDAQ,GA,,2026-03-31,2.413,319.312,118.724,154.739,72.746,45.849,35.599,0.493,38.791,0.0,1.848,69.997,481.528,154.737,19.044,116.894,326.791,28.166,71.14,2003.729,-0.0977,0.5378,0.9571
IBRX,Immunitybio Inc,Health Care,352010,NASDAQ,CA,,2025-12-31,0.691,113.288,339.772,,218.559,-226.484,-242.009,112.525,-351.398,0.0,3.846,-304.936,501.898,1001.472,844.72,242.818,-500.469,1011.8,1.98,2003.364,-0.2266,0.8325,1.5928
SGRY,Surgery Partners Inc,Health Care,351020,NASDAQ,TN,2015-10-01,2025-12-31,16.0,3308.7,2543.4,118.2,0.0,647.1,470.8,272.6,-77.9,0.0,78.7,274.3,8119.7,4592.9,4024.8,239.9,1712.9,129.321,15.45,1998.009,-0.2702,0.4824,0.6901
EFSC,Enterprise Finl Services Cp,Financials,401010,NASDAQ,MO,1999-01-07,2025-12-31,1.418,969.421,288.009,218.82,,462.592,451.159,,201.374,45.093,11.985,193.515,17300.884,15261.498,508.545,682.8,1967.398,36.965,54.0,1996.11,-0.0215,0.2699,0.767
IMAX,Imax Corp,Communication Services,502020,NYSE,ON,1994-06-09,2025-12-31,0.679,410.212,131.564,147.638,5.816,131.01,89.736,7.362,34.876,0.0,36.592,127.068,894.031,466.298,289.676,154.95,337.891,53.922,36.96,1992.957,0.4438,0.3306,0.6458
BB,Blackberry Ltd,Information Technology,451030,NYSE,ON,1997-12-08,2026-02-28,1.749,549.1,124.5,340.7,113.6,83.9,66.1,6.0,53.2,0.0,3.8,50.3,1245.2,499.2,224.8,359.9,746.0,587.431,3.39,1991.391,0.0026,0.5448,1.3858
NTB,Bank Of Nt Butterfield & Son,Financials,401010,NYSE,,2016-09-16,2025-12-31,1.315,800.037,193.245,216.769,,390.023,390.023,,231.942,77.723,24.752,279.561,14094.894,12953.043,38.725,3561.717,1141.851,39.948,49.82,1990.209,0.4244,0.2333,0.555
ADUS,Addus Homecare Corp,Health Care,351020,NASDAQ,TX,2009-10-28,2025-12-31,50.659,1422.53,967.456,304.147,0.0,150.927,134.515,13.612,95.91,0.0,7.719,111.507,1437.308,352.005,171.362,81.617,1085.303,18.518,107.39,1988.648,-0.1433,0.315,0.4653
TRMD,Torm Plc,Energy,101020,NASDAQ,,,2025-12-31,0.634,1339.5,674.0,113.8,,551.7,337.2,81.2,285.3,199.7,308.5,498.9,3367.0,1164.4,1003.1,163.5,2202.6,101.333,19.58,1984.1,0.1136,0.4156,0.5305
BWLP,Bw Lpg Ltd,Energy,101020,NYSE,,,2025-12-31,1.444,3582.139,2951.347,76.496,,554.296,298.367,55.014,242.313,199.855,182.295,567.403,3149.893,1224.34,987.493,255.316,1830.002,151.343,13.1,1982.593,0.2921,0.4408,0.9216
ZYME,Zymeworks Inc,Health Care,352010,NASDAQ,DE,2017-04-28,2025-12-31,0.264,105.965,190.789,,137.0,-84.824,-92.549,,-81.13,0.0,1.521,-33.005,346.527,78.026,18.267,228.797,268.501,75.191,26.33,1979.779,0.7985,0.5804,0.7812
ARR,Armour Residential Reit Inc,Financials,402040,NYSE,FL,,2025-12-31,0.0,1305.27,54.749,,0.0,1250.521,1250.521,827.417,322.687,271.474,0.0,124.202,21005.159,18744.106,17941.796,289.971,2261.046,111.915,17.69,1979.776,0.1157,0.2467,0.6762
PLUS,Eplus Inc,Information Technology,452030,NASDAQ,VA,1996-11-14,2026-03-31,2.148,2442.549,1825.511,423.393,0.0,193.645,166.145,0.0,132.636,19.85,4.429,-116.231,1800.952,731.982,16.2,410.769,1068.97,26.299,75.25,1979.0,0.1945,0.3628,0.9346
ZBIO,Zenas Biopharma Inc,Health Care,352010,NASDAQ,MA,2024-09-13,2025-12-31,0.167,10.0,221.329,,339.735,-211.329,-211.385,7.327,-377.737,0.0,0.018,-172.333,383.64,141.496,79.962,343.192,242.144,54.486,36.31,1978.387,3.4335,1.0873,1.6757
HYMC,Hycroft Mining Holding Corp,Materials,151040,NASDAQ,NV,,2025-12-31,0.051,0.0,0.0,41.486,,-41.486,-42.133,11.025,-40.664,0.0,0.564,-82.874,263.027,49.332,0.039,182.514,213.695,83.025,23.77,1973.504,9.7557,1.0005,0.6956
ATRC,Atricure Inc,Health Care,351010,NASDAQ,OH,2005-08-05,2025-12-31,1.35,534.528,116.259,401.185,99.209,17.084,-3.447,5.878,-11.448,0.0,9.05,57.334,654.179,162.244,82.656,167.428,491.935,49.792,39.56,1969.772,0.2945,0.4732,1.0105
VAC,Marriott Vacations Worldwide,Consumer Discretionary,253010,NYSE,FL,,2025-12-31,21.1,5032.0,3038.0,1202.0,,792.0,643.0,275.0,-308.0,110.0,57.0,28.0,9757.0,7764.0,5753.0,733.0,1993.0,34.124,57.69,1968.614,-0.3268,0.5431,1.6679
LUNR,Intuitive Machines Inc,Industrials,201010,NASDAQ,TX,2021-09-22,2025-12-31,0.525,210.059,201.069,92.624,,-83.634,-87.231,4.177,-83.294,0.0,41.634,-14.318,757.154,553.452,372.159,585.339,-754.97,121.282,16.23,1968.407,-0.1063,1.0935,2.8136
POWI,Power Integrations Inc,Information Technology,453010,NASDAQ,CA,1997-12-12,2025-12-31,0.877,443.504,173.829,211.769,101.116,57.906,29.88,0.0,22.093,47.17,24.396,111.518,772.207,99.362,18.883,249.51,672.845,55.339,35.54,1966.748,-0.4132,0.539,1.64
VSH,Vishay Intertechnology Inc,Information Technology,452030,NYSE,PA,,2025-12-31,22.6,3069.048,2262.623,536.112,122.388,270.313,45.575,38.651,-8.978,54.238,273.293,184.308,4234.16,2145.887,1073.238,515.231,2088.273,135.595,14.49,1964.772,-0.1225,0.587,2.1077
DHT,Dht Holdings Inc,Energy,101020,NYSE,,2005-10-13,2025-12-31,0.737,498.4,201.081,19.89,,277.429,171.059,14.169,211.092,118.913,309.942,276.65,1602.949,469.693,434.374,79.035,1133.186,160.799,12.21,1963.356,0.3997,0.3387,0.373
PENN,Penn Entertainment Inc,Consumer Discretionary,253010,NASDAQ,PA,1994-05-26,2025-12-31,23.441,6961.0,4608.6,1609.5,0.0,742.9,296.0,447.6,-843.1,0.0,647.7,508.2,14268.5,12441.0,11272.2,713.6,1834.0,132.964,14.75,1961.219,-0.2558,0.4973,1.5018
PAYO,Payoneer Glbl Inc,Financials,402010,NASDAQ,NY,2021-06-28,2025-12-31,2.54,1052.774,330.07,524.146,155.423,198.558,134.832,0.0,73.192,0.0,26.874,233.489,8956.589,8252.162,72.333,421.627,704.427,348.704,5.62,1959.716,-0.4402,0.4866,1.4852
KSS,Kohl'S Corp,Consumer Discretionary,255030,NYSE,WI,1992-05-18,2026-01-31,84.0,15527.0,9228.0,5088.0,0.0,1211.0,511.0,299.0,272.0,57.0,372.0,1380.0,13362.0,9314.0,6630.0,674.0,4048.0,112.0,17.47,1956.64,0.5163,0.9883,2.0396
NEOG,Neogen Corp,Health Care,351010,NASDAQ,MI,1989-08-23,2026-05-31,2.636,870.4,316.7,391.3,18.4,162.4,46.1,60.0,-7.9,0.0,51.3,83.2,3346.0,1253.1,812.0,185.5,2092.9,217.7,8.97,1952.769,-0.4242,0.6651,-0.1524
BUR,Burford Capital Limited,Financials,402010,NYSE,,2020-10-19,2025-12-31,0.172,413.36,181.249,,,,232.111,150.985,62.572,27.387,0.284,-29.014,6641.172,3513.442,2140.98,721.891,2448.022,218.897,8.92,1952.561,-0.2926,0.4629,1.1264
NWN,Northwest Natural Hldng Co,Utilities,551020,NYSE,OR,,2025-12-31,1.619,1289.363,842.966,,,446.397,280.891,122.513,113.319,80.421,466.893,269.124,6167.041,4691.965,2683.032,41.077,1475.076,41.564,46.74,1942.701,0.2377,0.1923,0.0877
RSI,Rush Street Interactive Inc,Consumer Discretionary,253010,NYSE,IL,,2025-12-31,0.912,1134.428,741.664,265.37,,127.394,87.424,0.918,33.308,0.0,0.767,165.004,658.512,355.021,6.132,346.696,147.222,99.958,19.43,1942.184,0.4162,0.5605,1.2213
QDEL,Quidelortho Corp,Health Care,351010,NASDAQ,CA,,2025-12-31,6.5,2730.2,1203.2,931.8,186.2,595.2,157.0,179.8,-1131.8,0.0,188.2,105.2,5769.3,3848.8,2833.9,169.8,1920.5,67.9,28.56,1939.224,-0.3589,0.7311,1.616
ATRO,Astronics Corp,Industrials,201010,NASDAQ,NY,,2025-12-31,2.7,862.128,576.441,169.143,43.475,116.544,94.844,11.961,29.359,0.0,31.673,74.795,706.678,566.604,378.354,18.18,140.074,35.679,54.24,1935.229,2.3985,0.557,1.0076
LASR,Nlight Inc,Information Technology,452030,NASDAQ,WA,2018-04-26,2025-12-31,0.8,261.33,171.037,101.332,47.972,-11.039,-24.202,1.084,-23.467,0.0,9.032,21.33,315.21,88.461,36.207,133.633,226.749,51.163,37.51,1919.124,2.5758,0.7613,2.0006
KDK,Kodiak Ai Inc,Consumer Discretionary,251010,NASDAQ,CA,2023-04-21,2025-12-31,0.342,3.797,21.523,91.651,50.157,-109.377,-112.625,4.096,-585.525,0.0,22.026,-94.442,159.407,219.274,47.315,120.669,-283.052,175.44,10.92,1915.805,-0.0055,0.6221,0.2177
PRGO,Perrigo Co Plc,Health Care,352020,NYSE,,1991-12-16,2025-12-31,8.1,4253.1,2421.1,1151.2,95.4,680.8,343.3,162.5,-1425.4,161.8,93.4,238.5,8535.2,5599.7,3817.4,531.6,2935.5,137.6,13.92,1915.392,-0.4281,0.452,0.6795
SYBT,Stock Yards Bancorp Inc,Financials,401010,NASDAQ,KY,,2025-12-31,1.123,564.537,173.977,148.35,,242.21,242.21,,140.15,37.122,12.042,166.046,9536.124,8460.427,446.571,886.376,1075.697,29.476,64.95,1914.466,-0.077,0.2913,0.8372
CXW,Corecivic Inc,Industrials,202010,NYSE,TN,1997-07-15,2025-12-31,13.651,2211.182,1705.01,166.564,0.0,339.608,210.703,76.513,116.503,0.0,140.628,194.595,3256.743,1851.494,1351.15,112.446,1405.249,100.051,19.11,1911.975,-0.121,0.3384,0.5847
HI,Hillenbrand Inc,Industrials,201060,NYSE,IN,,2025-09-30,8.2,2673.8,1720.4,576.3,34.1,377.1,243.0,93.1,43.1,64.3,38.3,56.2,4467.1,3042.9,1621.5,171.3,1386.7,70.5,27.04,1906.32,0.0683,0.5899,1.9005
AGM,Federal Agriculture Mtg Cp,Financials,402010,NYSE,DC,,2025-12-31,0.212,1629.885,152.661,,,,1477.224,1221.513,207.415,65.439,0.0,80.062,35370.157,33651.208,30822.57,2986.219,1210.956,10.857,175.57,1906.163,-0.0797,0.2917,0.7032
ADNT,Adient Plc,Consumer Discretionary,251010,NYSE,,,2025-09-30,65.0,14535.0,13249.0,537.0,99.0,749.0,424.0,215.0,-281.0,0.0,245.0,449.0,8954.0,6796.0,2655.0,958.0,1766.0,79.151,24.08,1905.956,0.1126,0.5111,1.3528
GRDN,Guardian Pharmacy Servis Inc,Health Care,351020,NYSE,GA,2024-09-26,2025-12-31,3.6,1448.685,1144.308,206.072,0.0,98.305,75.97,0.665,49.219,0.422,19.545,100.255,412.658,194.734,44.724,65.619,205.759,63.321,30.09,1905.329,0.4852,0.4571,0.7524
CMRE,Costamare Inc,Industrials,203030,NYSE,,2010-11-04,2025-12-31,,877.9,245.529,48.912,,583.459,453.921,89.595,364.575,55.288,68.971,544.274,3862.662,1703.706,1514.838,547.246,2086.194,120.584,15.79,1904.021,0.7126,0.3701,0.8565
SONO,Sonos Inc,Consumer Discretionary,252010,NASDAQ,CA,2018-08-02,2025-09-30,1.404,1443.276,747.336,650.597,279.969,45.343,-16.978,0.465,-61.144,0.0,28.676,136.869,823.278,468.053,59.623,227.526,355.225,120.093,15.8,1897.469,0.1676,0.4851,1.5187
SLVM,Sylvamo Corp,Materials,151050,NYSE,TN,,2025-12-31,6.5,3351.0,2643.0,278.0,,430.0,251.0,48.0,132.0,73.0,224.0,268.0,2763.0,1797.0,908.0,135.0,966.0,39.4,48.15,1897.11,-0.3707,0.4199,0.9772
MSGE,Madison Squa Garden Ent Corp,Communication Services,502020,NYSE,NY,,2025-06-30,6.6,942.734,535.643,210.412,,196.679,138.911,50.506,37.431,0.0,22.222,115.297,1669.842,1683.142,1200.833,43.538,-13.3,47.46,39.97,1896.976,0.5138,0.3483,0.96
IOSP,Innospec Inc,Materials,151010,NASDAQ,CO,1998-05-13,2025-12-31,2.45,1778.0,1251.8,326.2,51.0,200.0,156.3,,116.6,42.4,50.3,138.3,1832.4,499.5,52.7,292.5,1326.1,24.778,76.54,1896.508,-0.2894,0.2693,0.74
MTX,Minerals Technologies Inc,Materials,151010,NYSE,NY,1992-10-23,2025-12-31,3.782,2072.6,1465.4,230.9,22.9,376.3,287.1,61.0,-18.4,14.2,107.1,193.7,3469.0,1719.3,1012.0,332.6,1713.4,31.034,60.95,1891.522,-0.1943,0.3347,0.8831
PLGO,Pelagos Insurance Capital,Financials,403010,NYSE,,2023-06-29,2025-12-31,0.108,2500.5,2079.9,97.8,,,322.8,47.7,225.5,53.2,1.2,-408.3,12443.8,10044.2,855.6,1593.1,2399.6,96.652,19.57,1891.48,0.1117,0.2931,0.5326
NYAX,Nayax Ltd,Information Technology,452030,NASDAQ,,,2025-12-31,1.2,400.433,207.471,139.946,29.959,53.016,27.529,13.613,35.516,0.0,5.329,40.288,852.638,621.623,337.625,320.709,231.015,37.301,50.6,1887.431,0.7353,0.4172,0.5415
FIGS,Figs Inc,Consumer Discretionary,252030,NYSE,CA,2021-05-27,2025-12-31,0.388,631.098,202.224,381.692,,47.182,38.147,,34.25,0.0,8.168,61.17,579.996,142.534,60.004,300.848,437.462,165.844,11.36,1883.988,0.8352,0.5659,1.0463
ADEA,Adeia Inc,Information Technology,451030,NASDAQ,CA,2003-11-13,2025-12-31,0.15,443.386,200.448,,67.519,242.938,184.357,40.359,111.075,21.77,1.806,158.086,1039.303,558.762,427.744,136.733,480.541,108.999,17.25,1880.233,0.2522,0.5799,1.3683
EFXT,Enerflex Ltd,Energy,101010,NYSE,AB,,2025-12-31,4.4,2571.0,1853.0,257.0,,461.0,310.0,82.0,64.0,14.0,115.0,345.0,2694.0,1601.0,654.0,81.0,1093.0,121.802,15.43,1879.405,0.5709,0.4107,1.2811
HMN,Horace Mann Educators Corp,Financials,403010,NYSE,IL,1991-11-15,2025-12-31,1.8,1624.9,1429.6,,,195.3,168.2,36.4,162.1,58.6,0.0,553.2,15266.6,13783.9,1632.9,536.8,1482.7,40.659,46.18,1877.633,0.2152,0.2245,0.3836
SXI,Standex International Corp,Industrials,201060,NYSE,NH,,2025-06-30,4.1,790.107,455.659,178.75,21.2,155.698,121.886,23.931,55.76,15.186,28.343,69.595,1566.88,827.29,603.701,108.171,711.677,11.992,156.48,1876.508,0.1701,0.376,1.1714
STOK,Stoke Therapeutics Inc,Health Care,352010,NASDAQ,MA,2019-06-19,2025-12-31,0.17,184.42,203.24,,137.922,-18.82,-20.59,0.009,-6.885,0.0,0.67,45.585,418.434,65.977,4.148,285.164,352.457,58.922,31.74,1870.184,1.8776,0.7283,0.9326
JJSF,J & J Snack Foods Corp,Consumer Staples,302020,NASDAQ,NJ,,2025-09-30,4.6,1583.233,1040.819,369.257,1.4,173.157,99.825,1.493,65.595,61.124,82.873,165.126,1381.501,414.806,163.563,105.893,966.695,19.44,96.09,1867.99,-0.4003,0.3017,0.1056
REAL,Realreal Inc (The),Consumer Discretionary,255040,NASDAQ,CA,2019-06-28,2025-12-31,3.14,692.845,175.484,506.58,0.0,10.781,-22.223,27.701,-41.799,0.0,31.533,37.01,409.033,824.551,463.251,151.231,-415.518,118.319,15.78,1867.074,0.4437,0.8673,1.7668
OGN,Organon & Co,Health Care,352020,NYSE,NJ,,2025-12-31,10.0,6216.0,2357.0,2066.0,372.0,1793.0,1447.0,504.0,187.0,88.0,162.0,700.0,12867.0,12115.0,8800.0,574.0,752.0,260.316,7.17,1866.466,-0.507,0.6109,0.933
KALU,Kaiser Aluminum Corp,Materials,151040,NASDAQ,TN,1991-07-11,2025-12-31,3.84,3373.0,2930.6,129.2,10.7,313.2,190.7,54.5,112.5,51.3,136.9,111.4,2564.8,1738.7,1100.8,7.0,826.1,16.21,114.86,1861.881,0.702,0.427,1.1779
GNL,Global Net Lease Inc,Real Estate,601010,NYSE,NY,2015-06-02,2025-12-31,0.056,495.286,301.346,65.267,0.0,128.673,30.092,194.718,-225.457,191.877,0.0,222.79,4347.203,2683.705,2558.367,194.063,1663.258,216.016,8.6,1857.738,0.3227,0.2692,0.462
TALO,Talos Energy Inc,Energy,101020,NYSE,TX,,2025-12-31,0.7,1780.07,1001.616,152.404,,626.05,-555.527,163.381,-494.29,0.0,481.905,935.826,5552.057,3383.934,1353.444,362.809,2167.984,168.515,11.02,1857.035,0.1349,0.5331,1.439
CENTA,Central Garden & Pet Co,Consumer Staples,303010,NASDAQ,CA,1993-07-15,2025-09-30,6.0,3129.064,2068.252,710.871,0.0,349.941,265.047,57.697,162.843,0.0,41.418,332.506,3625.643,2040.71,1440.307,898.433,1583.268,62.871,29.53,1856.581,-0.1168,0.3355,0.556
PRKS,United Parks & Resorts Inc,Consumer Discretionary,253010,NYSE,FL,2013-04-19,2025-12-31,16.2,1662.559,892.545,224.449,,545.565,371.091,136.64,168.353,0.0,217.489,380.085,2616.274,3052.08,2353.866,99.762,-435.806,51.094,36.3,1854.712,-0.354,0.4984,1.3283
DV,Doubleverify Hold Inc,Communication Services,502010,NYSE,NY,2021-04-22,2025-12-31,1.231,748.291,133.499,477.359,178.445,137.433,80.854,1.733,50.65,0.0,38.529,211.183,1354.082,222.75,99.551,259.038,1131.332,161.9,11.44,1852.136,-0.4045,0.5503,0.8182
LMAT,Lemaitre Vascular Inc,Health Care,351010,NASDAQ,MA,2006-10-19,2025-12-31,0.655,249.602,69.002,105.65,11.509,74.95,64.532,5.184,57.734,18.109,6.783,81.251,615.69,222.174,185.592,359.12,393.516,22.773,81.1,1846.89,-0.1115,0.3281,0.6632
TNK,Teekay Tankers Ltd,Energy,101020,NYSE,,2007-12-13,2025-12-31,2.1,951.797,603.591,46.568,,301.638,215.008,2.896,351.186,69.265,292.27,305.894,2241.674,198.058,38.161,853.261,2043.616,34.548,53.42,1845.554,0.4023,0.4136,0.4206
STRA,Strategic Education Inc,Consumer Discretionary,253020,NASDAQ,VA,1996-07-25,2025-12-31,6.134,1268.22,598.701,424.969,,244.55,196.14,1.0,126.614,57.316,44.252,198.198,2038.54,392.134,109.121,156.308,1646.406,22.969,80.2,1842.114,-0.1162,0.316,0.5404
SEM,Select Medical Holdings Corp,Health Care,351020,NYSE,PA,2009-09-25,2025-12-31,45.3,5452.83,4823.535,154.414,0.0,474.881,334.578,117.942,146.219,31.435,229.225,346.467,5851.589,3815.85,2868.714,26.523,1705.584,124.017,14.85,1841.652,-0.1986,0.4335,0.7379
DEI,Douglas Emmett Inc,Real Estate,601040,NYSE,CA,2006-10-25,2025-12-31,0.778,1022.003,766.869,46.664,0.0,,208.47,277.914,16.267,127.263,0.0,386.853,9288.181,5813.25,5559.678,340.818,1904.557,167.462,10.99,1840.407,-0.3752,0.3394,1.0079
SION,Sionna Therapeutics Inc,Health Care,352010,NASDAQ,MA,2025-02-07,2025-12-31,0.059,0.0,0.0,88.335,60.263,-88.335,-88.982,0.0,-75.268,0.0,0.377,-66.297,325.953,19.12,8.677,235.882,306.833,44.724,41.14,1839.945,0.6456,0.9216,0.8159
SNDX,Syndax Pharmaceuticals Inc,Health Care,352010,NASDAQ,NY,2016-03-03,2025-12-31,0.298,172.352,445.43,,258.784,-273.078,-273.084,33.785,-285.422,0.0,0.187,-322.98,529.706,465.076,345.432,394.07,64.63,87.406,21.01,1836.4,0.5893,0.683,1.0414
BLBD,Blue Bird Corp,Industrials,201060,NASDAQ,GA,,2025-09-30,2.012,1480.099,1161.0,136.347,15.2,182.752,167.166,7.702,127.72,0.0,22.872,176.214,625.255,369.84,96.606,229.313,255.415,31.885,57.55,1834.982,0.2167,0.4205,0.8194
PRDO,Perdoceo Education Corp,Consumer Discretionary,253020,NASDAQ,IL,1998-01-28,2025-12-31,6.0,846.096,197.54,410.923,,237.633,196.006,6.465,159.914,37.221,8.576,225.24,1247.717,275.305,118.331,643.491,972.412,62.478,29.33,1832.48,0.1291,0.3666,0.5222
MCW,Mister Car Wash Inc,Consumer Discretionary,253020,NASDAQ,AZ,2021-06-25,2025-12-31,6.836,1051.731,214.102,534.36,,303.269,215.064,58.883,103.077,0.0,255.399,285.704,3173.138,2040.125,1770.112,28.511,1133.013,328.283,5.56,1825.253,-0.2373,0.3849,0.8763
DRH,Diamondrock Hospitality Co,Real Estate,601030,NASDAQ,MD,2005-05-26,2025-12-31,0.035,1127.25,923.487,34.2,0.0,169.563,169.359,62.798,101.433,747.75,0.0,243.65,3003.701,1546.616,1218.287,103.221,1447.885,203.703,8.96,1825.179,0.037,0.3131,1.0686
HROW,Harrow Inc,Health Care,352020,NASDAQ,TN,,2025-12-31,0.373,272.303,49.028,165.404,20.94,57.871,38.965,24.18,-5.139,0.0,0.887,43.864,399.482,347.391,251.976,72.927,52.446,37.229,49.0,1824.221,0.4605,0.6186,1.5042
IRDM,Iridium Communications Inc,Communication Services,501010,NASDAQ,VA,,2025-12-31,0.975,871.659,248.003,177.469,19.758,446.187,235.98,101.428,114.372,63.773,100.28,400.073,2531.009,2068.409,1790.928,96.501,462.6,104.918,17.38,1823.475,-0.3849,0.5176,0.9461
VCEL,Vericel Corp,Health Care,352010,NASDAQ,MA,1997-02-04,2025-12-31,0.398,276.259,59.116,194.555,27.563,22.588,11.044,0.63,16.518,0.0,27.162,51.91,487.969,133.329,96.891,137.499,354.64,50.62,36.01,1822.826,-0.3442,0.4962,1.1233
YELP,Yelp Inc,Communication Services,502030,NYSE,CA,2012-03-02,2025-12-31,5.168,1464.955,142.596,1087.172,313.688,235.187,185.095,,145.6,0.0,48.353,372.029,958.478,247.626,24.877,324.352,710.852,59.954,30.39,1822.002,-0.2147,0.3535,0.8138
KN,Knowles Corp,Information Technology,452030,NYSE,IL,,2025-12-31,5.2,593.2,313.3,167.1,40.2,112.8,76.5,13.0,44.2,0.0,32.1,114.0,1051.1,275.3,134.9,54.2,775.8,84.887,21.43,1819.128,0.0753,0.3591,1.4217
GSHD,Goosehead Insurance,Financials,403010,NASDAQ,TX,2018-04-27,2025-12-31,1.6,365.304,196.364,83.221,,85.719,74.449,23.793,27.831,145.786,5.671,91.757,414.864,577.652,352.288,37.937,-95.623,24.653,73.65,1815.693,-0.2749,0.4874,0.8563
PHVS,Pharvaris Nv,Health Care,352020,NASDAQ,,2021-02-05,2025-12-31,0.129,0.0,0.0,198.903,146.153,-198.903,-199.394,,-206.293,0.0,0.194,-160.942,353.946,35.436,0.912,342.468,318.51,65.211,27.75,1809.605,0.4476,0.6777,0.6217
CLDX,Celldex Therapeutics Inc,Health Care,352010,NASDAQ,NJ,2008-03-10,2025-12-31,0.198,1.545,287.112,,245.074,-285.567,-287.367,0.0,-258.757,0.0,2.714,-210.945,582.983,55.818,2.336,518.573,527.165,66.549,27.16,1807.471,0.0748,0.5861,1.0656
NRIX,Nurix Therapeutics Inc,Health Care,352010,NASDAQ,CA,2020-07-24,2025-11-30,0.317,83.98,360.906,,316.903,-276.926,-285.666,0.0,-264.457,0.0,14.002,-249.465,688.135,149.388,55.73,592.941,538.747,101.807,17.68,1799.948,0.0069,0.6858,1.2248
ANDE,Andersons Inc,Consumer Staples,301010,NASDAQ,OH,,2025-12-31,2.137,11008.928,10161.954,585.234,,261.74,128.417,47.159,95.713,26.711,233.123,176.998,3712.832,2422.597,971.437,98.283,1244.779,33.841,53.17,1799.326,0.3378,0.3969,0.733
WERN,Werner Enterprises Inc,Industrials,203040,NASDAQ,NE,,2025-12-31,12.031,2974.396,2676.732,,,297.664,11.343,39.053,-14.399,33.804,250.364,181.83,2888.674,1497.669,793.921,59.922,1362.892,59.869,30.01,1796.669,-0.1488,0.3731,0.7618
NIC,Nicolet Bankshares Inc,Financials,401010,NYSE,WI,,2025-12-31,0.986,556.517,168.727,151.936,,235.854,235.854,,150.686,18.659,4.092,153.535,9185.107,7927.445,139.982,660.232,1257.662,14.811,121.3,1796.574,0.1678,0.2861,0.7232
EVTC,Evertec Inc,Financials,402010,NYSE,PR,2013-04-12,2025-12-31,5.327,931.818,469.128,154.164,,308.526,186.44,70.578,141.59,12.781,23.336,227.007,2243.296,1529.304,1131.888,331.831,621.606,61.757,29.09,1796.511,-0.1526,0.3312,0.7037
SEMR,Semrush Hold Inc,Information Technology,451030,NYSE,MA,2021-03-25,2025-12-31,1.567,443.644,72.932,379.523,97.17,-8.811,-22.187,,-18.957,0.0,1.793,59.583,454.136,163.141,12.541,269.276,288.55,150.76,11.89,1792.536,0.0009,0.9198,1.4235
NOMD,Nomad Foods Ltd,Consumer Staples,302020,NYSE,,,2025-12-31,7.752,3560.535,2476.818,479.865,27.357,603.852,487.027,135.142,160.503,107.198,92.169,388.283,7438.085,4506.529,2690.156,381.355,2931.556,142.427,12.51,1781.762,-0.2209,0.2616,0.1359
DNTH,Dianthus Therapeutics Inc,Health Care,352010,NASDAQ,NY,2018-06-21,2025-12-31,0.092,2.036,179.858,,145.638,-177.822,-177.933,0.0,-162.337,0.0,0.213,-129.06,530.922,37.521,1.386,404.295,493.401,43.223,41.21,1781.22,0.8904,0.6958,1.1224
TE,T1 Energy Inc,Information Technology,453010,NYSE,TX,,2025-12-31,0.562,755.295,606.418,235.316,,-86.439,-179.735,37.093,-367.834,0.0,78.799,95.463,1372.108,1050.223,548.623,263.653,250.37,266.267,6.68,1778.664,1.5891,1.121,1.9422
USAR,Usa Rare Earth Inc,Materials,151040,NASDAQ,OK,2023-05-25,2025-12-31,0.132,1.643,0.603,45.166,15.885,-44.126,-45.649,,-297.559,0.0,37.359,-48.985,694.999,191.808,3.046,359.925,501.538,149.279,11.9,1776.42,0.0366,1.5893,0.1155
ANIP,Ani Pharmaceuticals Inc,Health Care,352020,NASDAQ,MN,,2025-12-31,0.97,883.366,341.31,365.586,51.664,176.47,85.053,27.688,78.337,0.0,13.835,185.225,1440.377,899.653,628.283,294.752,540.724,22.491,78.94,1775.44,0.428,0.3728,0.5908
MD,Pediatrix Medical Group Inc,Health Care,351020,NYSE,FL,1995-09-19,2025-12-31,4.28,1913.849,1421.973,240.791,0.0,251.085,231.085,35.965,165.388,0.0,18.458,271.091,2246.696,1380.842,634.615,499.723,865.854,82.976,21.39,1774.857,0.6303,0.5103,0.7634
DK,Delek Us Holdings Inc,Energy,101020,NYSE,TN,2006-05-04,2025-12-31,1.902,10722.9,9715.1,203.4,,804.4,403.3,345.3,-22.8,62.0,529.5,535.8,6847.7,6300.4,3550.2,625.8,286.5,59.782,29.66,1773.134,0.6853,0.6011,1.2814
OFG,Ofg Bancorp,Financials,401010,NYSE,PR,,2025-12-31,2.185,903.912,279.982,222.207,,401.723,376.337,,205.103,53.513,18.382,217.719,12465.657,11075.652,580.461,1040.335,1390.005,43.257,40.98,1772.672,-0.0035,0.2678,0.8322
PRCT,Procept Biorobtcs Corp,Health Care,351010,NASDAQ,CA,2021-09-15,2025-12-31,0.888,308.054,105.438,300.085,71.277,-97.469,-103.859,3.586,-95.572,0.0,9.356,-48.985,508.081,142.211,78.483,286.503,365.87,56.323,31.46,1771.922,-0.6093,0.5417,0.9742
UTI,Universal Technical Inst,Consumer Discretionary,253020,NYSE,AZ,2003-12-17,2025-09-30,4.1,835.616,389.921,328.656,,117.039,84.081,5.633,63.018,0.0,41.978,97.33,826.139,498.029,278.904,175.914,328.11,54.43,32.55,1771.696,0.0163,0.511,0.8847
HLIO,Helios Technologies Inc,Industrials,201060,NYSE,FL,1997-01-09,2025-12-31,2.3,839.0,538.8,144.5,19.1,155.7,95.0,21.9,48.4,11.9,23.7,127.3,1514.5,583.0,386.2,73.0,931.5,33.1,53.49,1770.519,0.21,0.5312,1.3478
HTO,H2O America,Utilities,551040,NASDAQ,CA,,2025-12-31,0.837,800.59,504.276,,,296.314,180.991,79.91,102.578,58.645,519.753,244.803,5149.566,3608.795,1977.157,20.686,1540.771,36.118,48.99,1769.421,0.0294,0.2584,-0.0024
CC,Chemours Co,Materials,151010,NYSE,DE,,2025-12-31,5.7,5808.0,4581.0,586.0,108.0,641.0,323.0,275.0,-386.0,78.0,213.0,264.0,7382.0,7131.0,4394.0,672.0,250.0,149.894,11.79,1767.25,-0.2756,0.6476,2.0694
LZ,Legalzoom.Com Inc,Industrials,202020,NASDAQ,CA,2021-06-30,2025-12-31,1.196,756.043,237.273,460.285,,58.485,14.362,1.294,15.427,0.0,30.277,178.197,511.522,339.64,14.364,203.1,171.882,177.624,9.93,1763.806,0.3222,0.5456,1.0347
SBET,Sharplink Inc,Financials,402030,NASDAQ,FL,2021-07-28,2025-12-31,0.015,28.055,1.894,58.902,,-32.741,-32.749,0.0,-734.587,0.0,0.011,-17.542,2431.766,12.749,0.0,28.539,2419.017,196.697,8.94,1758.471,0.1565,5.0279,3.7202
RHLD,Resolute Holdings Management,Industrials,202020,NYSE,NY,,2025-12-31,5.62,462.055,192.466,116.953,6.565,152.636,143.259,13.827,-5.923,0.0,6.857,196.086,333.415,255.649,195.361,205.495,6.523,8.501,206.43,1754.861,5.9952,1.5284,0.84
NWBI,Northwest Bancshares Inc,Financials,401010,NASDAQ,OH,,2025-12-31,2.233,878.936,279.85,269.309,,329.777,312.606,,126.013,109.913,11.63,153.415,16766.617,14876.193,741.627,233.647,1890.424,146.108,12.0,1753.296,-0.0284,0.2497,0.6381
PRGS,Progress Software Corp,Information Technology,451030,NASDAQ,MA,1991-07-30,2025-11-30,2.801,977.831,140.123,511.493,192.265,326.215,174.491,70.85,73.133,0.0,5.702,235.187,2457.658,1979.309,1429.916,94.807,478.349,42.336,41.41,1753.134,-0.3406,0.3508,0.6881
PARR,Par Pacific Holdings Inc,Energy,101020,NYSE,TX,,2025-12-31,1.758,7464.65,6750.081,98.45,,616.119,509.595,82.383,369.391,0.0,148.873,445.337,3833.689,2281.173,1229.183,171.48,1511.54,49.685,35.14,1745.931,1.144,0.5728,0.9016
MNKD,Mannkind Corp,Health Care,352010,NASDAQ,CT,2004-07-28,2025-12-31,0.592,348.966,280.442,,66.348,68.524,56.24,38.029,5.863,0.0,4.566,18.255,792.182,843.204,622.143,171.346,-51.022,307.833,5.67,1745.413,-0.1182,0.5089,0.5293
KMT,Kennametal Inc,Industrials,201060,NYSE,PA,,2025-06-30,8.124,1966.845,1253.827,430.635,44.4,282.383,145.887,24.93,93.125,61.852,88.971,208.324,2545.412,1220.764,643.36,140.54,1283.979,76.012,22.96,1745.236,0.2252,0.3883,0.974
SEDG,Solaredge Technologies Inc,Information Technology,453010,NASDAQ,,2015-03-26,2025-12-31,3.576,1168.022,962.415,398.625,221.255,-193.018,-223.529,26.219,-405.448,0.0,23.467,95.571,2182.194,1754.73,404.273,577.943,427.464,60.36,28.85,1741.386,1.1213,1.078,1.9745
CCB,Coastal Financial Corp,Financials,401010,NASDAQ,WA,2018-07-18,2025-12-31,0.483,660.721,312.183,89.766,,258.772,252.257,,46.993,0.0,8.436,254.584,4741.437,4250.478,53.02,736.97,490.959,15.14,114.59,1734.893,0.3496,0.4038,0.9881
FCF,First Commonwlth Finl Cp/Pa,Financials,401010,NYSE,PA,,2025-12-31,1.577,729.512,243.326,202.856,,283.33,268.601,,152.302,55.489,16.089,187.54,12343.036,10788.66,452.335,180.362,1554.376,102.841,16.86,1733.899,0.0301,0.2566,0.6757
FMC,Fmc Corp,Materials,151010,NYSE,PA,,2025-12-31,5.5,3889.3,2047.4,951.0,266.1,890.9,753.9,251.6,-2238.9,228.5,96.3,-80.2,9687.2,7588.3,4198.8,584.5,2071.5,124.934,13.87,1732.835,-0.6999,0.7067,1.0528
FLYW,Flywire Corp,Financials,402010,NASDAQ,MA,2021-05-26,2025-12-31,1.4,623.025,214.302,361.981,70.207,46.742,20.684,3.526,13.497,0.0,9.856,100.175,1253.313,418.142,3.731,354.995,835.171,121.959,14.16,1726.939,-0.3133,0.5664,0.8839
KOD,Kodiak Sciences Inc,Health Care,352010,NASDAQ,CA,2018-10-04,2025-12-31,0.124,0.0,0.0,214.15,182.373,-214.15,-232.478,0.0,-229.967,0.0,0.506,-136.008,351.533,194.15,159.18,209.862,157.383,61.758,27.96,1726.754,1.81,1.2636,1.9696
HUN,Huntsman Corp,Materials,151010,NYSE,TX,2005-02-11,2025-12-31,6.0,5683.0,4654.0,790.0,120.0,239.0,-39.0,85.0,-284.0,148.0,173.0,289.0,7015.0,4058.0,2401.0,429.0,2750.0,172.622,10.0,1726.22,-0.4057,0.5236,1.4029
VECO,Veeco Instruments Inc,Information Technology,453010,NASDAQ,NY,1983-12-30,2025-12-31,1.265,664.294,381.985,218.547,119.641,63.762,43.726,9.136,35.39,0.0,16.2,69.493,1325.795,440.286,262.01,390.229,885.509,60.389,28.58,1725.918,0.0664,0.465,1.4993
BWIN,Baldwin Insurance Group Inc,Financials,403010,NASDAQ,FL,2019-10-24,2025-12-31,5.02,1504.884,1057.242,239.882,,207.76,79.93,121.446,-33.813,0.0,39.527,-29.418,3862.22,2777.822,1761.438,123.669,600.21,71.78,24.03,1724.873,-0.38,0.4891,0.8706
CLMT,Calumet Inc,Energy,101020,NASDAQ,IN,2006-01-26,2025-12-31,1.54,4137.1,3742.6,191.5,,203.0,54.2,217.1,-33.8,0.0,52.3,108.9,2688.9,3176.0,2459.1,205.1,-732.7,86.777,19.87,1724.259,-0.0976,0.6172,1.3938
CCS,Century Communities Inc,Consumer Discretionary,252010,NYSE,CO,2014-06-18,2025-12-31,1.66,4117.816,3368.923,502.648,,246.245,221.422,81.98,147.597,347.37,28.767,153.081,4459.895,1868.163,1454.756,188.125,2591.732,29.051,59.35,1724.177,-0.176,0.4088,0.6654
AVAH,Aveanna Hcare Hold Inc,Health Care,351020,NASDAQ,GA,2021-04-29,2025-12-31,35.5,2433.199,1622.718,521.916,,288.565,278.027,146.53,225.034,0.0,7.445,125.857,2012.379,1817.188,1514.509,193.26,194.461,210.996,8.17,1723.837,0.7877,0.8071,0.9011
CDRE,Cadre Holdings Inc,Industrials,201010,NYSE,FL,2021-11-04,2025-12-31,2.533,610.308,338.335,174.07,11.396,97.903,79.27,12.48,44.139,15.448,6.856,63.705,770.031,452.227,330.602,125.327,317.804,42.161,40.84,1721.855,0.2782,0.4336,0.8219
DAC,Danaos Corporation,Industrials,203030,NYSE,,2006-10-06,2025-12-31,0.004,1042.456,315.914,59.61,,666.932,503.566,71.786,494.614,63.568,296.69,644.753,5113.93,1318.353,1155.091,1157.536,3795.577,18.264,94.18,1720.104,0.2227,0.2671,0.7142
PGY,Pagaya Technologies Ltd,Information Technology,451030,NASDAQ,NY,2021-02-25,2025-12-31,0.518,1261.341,719.092,288.341,75.213,253.908,223.831,85.337,81.389,0.0,13.902,238.62,1545.914,960.46,858.484,288.349,480.017,82.036,20.9,1714.552,1.2497,0.8793,2.3976
UFPT,Ufp Technologies Inc,Health Care,351010,NASDAQ,MA,1993-12-16,2025-12-31,5.349,602.797,422.848,67.682,8.6,112.267,93.117,9.804,68.313,0.0,12.926,91.905,655.077,231.2,154.482,20.301,423.877,7.713,222.03,1712.517,-0.0919,0.4793,0.8302
CHCO,City Holding Co,Financials,401010,NASDAQ,WV,,2025-12-31,0.95,398.981,83.413,88.72,,226.848,222.56,,130.485,48.196,2.924,131.372,6722.018,5912.338,517.674,191.919,809.68,14.354,119.2,1710.997,0.0339,0.2134,0.4844
TWST,Twist Bioscience Corp,Health Care,352010,NASDAQ,CA,2018-10-31,2025-09-30,0.979,376.572,168.53,319.448,80.285,-111.406,-136.259,,-77.67,0.0,28.004,-47.628,641.861,168.903,90.572,232.434,472.958,60.631,28.14,1706.156,-0.3174,0.6501,1.7266
MCRI,Monarch Casino & Resort Inc,Consumer Discretionary,253010,NASDAQ,NV,1993-08-06,2025-12-31,2.74,545.125,245.072,111.758,0.0,188.295,134.273,,101.392,21.894,36.324,164.749,712.849,175.179,13.298,96.468,537.67,17.819,95.7,1705.278,0.2286,0.3061,0.6712
WBTN,Webtoon Entertainment Inc,Communication Services,502030,NASDAQ,CA,2024-06-27,2025-12-31,1.8,1382.705,1027.193,383.592,,-28.08,-63.511,0.056,-345.927,0.0,7.619,11.216,1595.51,367.238,23.672,592.58,1170.452,130.776,13.03,1704.011,-0.0405,1.098,1.6121
DXPE,Dxp Enterprises Inc,Industrials,201070,NASDAQ,TX,1996-12-27,2025-12-31,3.286,2016.365,1348.395,457.258,,210.712,178.67,60.53,88.677,0.0,40.286,94.264,1685.155,1186.716,924.486,303.783,498.423,15.514,109.79,1703.282,0.3289,0.5235,1.4335
HLMN,Hillman Solutions Corp,Industrials,201060,NASDAQ,OH,,2025-12-31,3.986,1552.224,795.875,495.76,1.358,260.589,119.487,56.467,40.305,0.0,70.1,105.185,2356.194,1127.687,764.573,27.291,1228.507,196.488,8.66,1701.586,-0.1109,0.4226,0.9708
VVX,V2X Inc,Industrials,201010,NYSE,VA,,2025-12-31,16.2,4480.038,3999.051,162.62,,318.367,210.762,82.344,77.882,0.0,11.923,181.992,3280.84,2196.204,1139.369,368.994,1084.636,31.171,54.55,1700.378,0.1405,0.4286,0.8549
ENR,Energizer Holdings Inc,Consumer Staples,303010,NYSE,MO,,2025-09-30,6.05,2952.7,1675.6,679.8,32.6,597.3,470.2,154.3,239.0,87.6,83.9,147.1,4556.7,4386.8,3532.7,236.2,169.9,68.21,24.89,1697.747,-0.4006,0.4846,0.6773
SHO,Sunstone Hotel Investors Inc,Real Estate,601030,NYSE,CA,1995-08-10,2025-12-31,0.037,970.04,681.189,201.352,0.0,,87.499,54.366,24.568,68.867,0.0,181.76,3029.005,1084.387,925.434,185.72,1664.946,189.71,8.94,1696.007,-0.2146,0.3092,1.0542
DMC,Del Monte Corp,Consumer Staples,302020,NYSE,,1997-10-03,2025-12-31,40.028,4322.3,3853.7,212.6,,256.0,183.5,11.5,90.7,57.4,63.8,245.1,3059.0,1028.8,349.0,64.2,2016.2,47.373,35.63,1687.9,0.1115,0.2556,0.1978
CASH,Pathward Financial Inc,Financials,401010,NASDAQ,SD,,2025-09-30,1.182,836.448,68.372,242.589,,525.487,525.487,,185.872,4.686,214.025,450.619,7172.344,6314.89,66.412,120.568,858.045,22.773,74.01,1685.43,-0.0324,0.2722,0.7842
JBLU,Jetblue Airways Corp,Industrials,203020,NASDAQ,NY,2002-04-12,2025-12-31,22.087,9062.0,7033.0,1679.0,,350.0,-338.0,588.0,-602.0,0.0,1122.0,-94.0,16570.0,14450.0,9416.0,2259.0,2120.0,370.0,4.55,1683.5,-0.4211,0.6816,1.8156
AAMI,Acadian Asset Management Inc,Financials,402030,NYSE,MA,2014-10-09,2025-12-31,0.02,563.7,416.0,,,147.7,131.1,19.0,80.0,1.5,11.9,-2.4,677.0,593.0,269.2,124.4,60.6,35.709,47.0,1678.323,0.7864,0.3925,1.0282
UNFI,United Natural Foods Inc,Consumer Staples,301010,NYSE,RI,1996-11-01,2025-07-31,25.6,31784.0,27226.0,4094.0,0.0,464.0,143.0,154.0,-118.0,0.0,231.0,470.0,7595.0,6041.0,3451.0,44.0,1551.0,60.6,27.64,1674.984,0.2329,0.5204,1.0195
LTC,Ltc Properties Inc,Real Estate,601050,NYSE,CA,1992-08-17,2025-12-31,0.025,266.945,102.757,31.419,0.0,,132.769,35.306,117.972,107.394,0.0,135.977,2062.06,899.676,844.761,14.387,1074.984,48.482,34.38,1666.811,0.0617,0.1703,0.169
TRIP,Tripadvisor Inc,Communication Services,502030,NASDAQ,MA,2011-12-21,2025-12-31,2.59,1891.0,718.0,962.0,,211.0,119.0,63.0,40.0,0.0,82.0,245.0,2625.0,1980.0,1251.0,1035.0,645.0,114.472,14.56,1666.712,-0.0142,0.57,1.7763
WT,Wisdomtree Inc,Financials,402030,NYSE,NY,1991-12-04,2025-12-31,0.36,493.753,311.087,,,182.666,178.888,30.42,109.133,17.445,0.215,147.946,1512.941,1099.269,956.587,311.732,413.672,136.34,12.19,1661.985,0.1738,0.3174,1.1351
BCRX,Biocryst Pharmaceuticals Inc,Health Care,352010,NASDAQ,NC,1994-03-03,2025-12-31,0.435,874.837,17.686,469.811,166.126,387.34,385.951,78.872,263.861,0.0,2.468,347.369,514.158,633.311,477.329,274.948,-119.153,213.06,7.8,1661.868,0.0372,0.4951,0.7809
BLX,Bladex Inc,Financials,402010,NYSE,,,2025-12-31,0.372,836.852,519.401,55.42,,262.031,257.199,,226.882,93.031,,780.242,12786.393,11107.646,4142.036,1923.731,1678.747,37.23,44.6,1660.458,0.331,0.2647,0.739
ARCB,Arcbest Corp,Industrials,203040,NASDAQ,AR,,2025-12-31,14.0,4010.158,3761.342,,29.1,248.816,78.481,12.363,60.098,10.97,128.166,228.953,2452.662,1156.941,464.583,124.234,1295.721,22.35,74.19,1658.146,-0.1996,0.5385,1.6512
ABTC,American Bitcoin Corp,Information Technology,451030,NASDAQ,FL,,2025-12-31,0.002,185.164,92.001,25.556,,67.607,9.368,0.0,-153.171,0.0,0.0,-79.608,1246.512,580.693,188.395,3.822,665.819,975.166,1.7,1657.782,-0.1515,2.2977,3.3904
THR,Thermon Group Holdings Inc,Industrials,201040,NYSE,TX,2011-05-05,2026-03-31,1.792,536.263,284.169,145.995,9.511,106.099,83.633,7.995,44.571,0.0,13.931,46.795,830.575,291.868,157.872,57.849,538.707,32.866,50.4,1656.446,0.2916,0.3958,1.0897
CAPR,Capricor Therapeutics Inc,Health Care,352010,NASDAQ,CA,,2025-12-31,0.231,0.0,0.0,106.252,84.455,-106.252,-108.141,3.046,-105.044,0.0,11.725,-69.811,355.949,50.157,14.522,318.129,305.792,57.371,28.86,1655.727,1.0913,3.9016,1.5274
INOD,Innodata Inc,Industrials,202020,NASDAQ,NJ,1993-08-10,2025-12-31,10.107,251.663,145.372,59.529,,46.762,39.873,,32.181,0.0,11.104,46.752,168.593,61.531,4.43,82.23,107.145,32.337,50.95,1647.57,0.2892,0.9448,2.5129
NVTS,Navitas Semiconductor Corp,Information Technology,453010,NASDAQ,CA,,2025-12-31,0.19,45.916,28.216,79.931,49.83,-62.231,-84.62,,-116.953,0.0,1.478,-42.891,500.469,56.808,6.472,238.602,443.661,230.525,7.14,1645.948,1.0,2.047,2.4381
NTST,Netstreit Corp,Real Estate,601070,NYSE,TX,2020-08-13,2025-12-31,0.029,195.006,122.855,21.941,0.0,,50.21,51.456,6.901,70.23,0.052,109.51,2614.196,1161.63,1105.3,21.257,1446.012,93.071,17.64,1641.772,0.3115,0.2074,0.2182
UNIT,Uniti Group Inc,Communication Services,501010,NASDAQ,AR,,2025-12-31,8.632,2234.5,742.6,366.9,,1125.0,458.4,612.5,1304.7,0.0,809.8,350.2,12036.7,11656.3,10079.6,134.1,380.3,234.0,7.01,1640.34,-0.2316,0.5181,1.1174
USAS,Americas Gold & Silver Corp,Materials,151040,NYSE American,ON,,2025-12-31,0.659,117.934,95.263,37.123,,-14.452,-36.313,5.321,-87.446,0.0,69.24,-3.945,412.996,191.379,59.186,129.783,221.617,320.419,5.11,1637.341,4.4376,0.7261,1.0516
GTY,Getty Realty Corp,Real Estate,601070,NYSE,NY,,2025-12-31,0.031,222.166,69.83,27.268,0.0,,125.068,48.032,79.192,112.008,0.0,127.446,2173.368,1101.239,1009.825,12.78,1072.129,59.816,27.37,1637.164,-0.0287,0.1865,0.2154
ROG,Rogers Corp,Information Technology,452030,NYSE,AZ,,2025-12-31,3.0,810.8,499.7,204.7,28.1,106.4,52.1,2.1,-61.8,0.0,30.1,101.2,1429.9,234.2,30.6,197.0,1195.7,17.8,91.57,1629.946,-0.0988,0.4141,1.1894
TRUP,Trupanion Inc,Financials,403010,NASDAQ,WA,2014-07-18,2025-12-31,1.121,1439.305,1208.294,199.904,37.848,31.107,15.271,13.759,19.433,0.0,14.129,89.488,915.044,531.108,125.948,370.73,383.936,43.402,37.37,1621.933,-0.2247,0.5364,1.3082
TILE,Interface Inc,Industrials,202010,NASDAQ,GA,,2025-12-31,3.57,1386.854,812.001,366.698,16.1,208.155,170.682,16.486,116.098,3.559,46.192,167.906,1206.522,565.848,274.504,71.323,640.674,57.891,27.92,1616.317,0.1494,0.3962,0.9425
AMSC,American Superconductor Cp,Industrials,201040,NASDAQ,MA,1991-12-11,2026-03-31,1.195,299.155,202.718,72.192,15.744,24.245,16.859,,133.809,0.0,4.888,23.148,739.481,184.034,4.0,144.241,555.447,47.632,33.85,1612.343,0.1685,0.9068,2.3064
CSIQ,Canadian Solar Inc,Information Technology,453010,NASDAQ,ON,2006-11-09,2025-12-31,12.587,5595.107,4016.287,1055.083,90.685,523.737,-28.857,285.179,-104.126,0.0,1391.446,-252.741,15171.729,10902.101,7821.094,2166.78,2807.971,67.81,23.77,1611.844,1.1376,0.9358,1.9941
NNE,Nano Nuclear Energy Inc,Industrials,201040,NASDAQ,NY,2024-05-08,2025-09-30,0.036,0.0,0.0,44.654,15.447,-44.654,-45.009,0.0,-40.067,0.0,8.449,-19.622,228.657,6.088,2.795,203.515,222.569,41.738,38.56,1609.417,-0.0355,1.1185,2.0585
TRVI,Trevi Therapeutics Inc,Health Care,352020,NASDAQ,CT,2019-05-07,2025-12-31,0.034,0.0,0.0,49.196,33.478,-49.196,-49.328,0.0,-42.759,0.0,0.012,-42.089,193.439,10.195,0.753,188.26,183.244,128.306,12.52,1606.391,2.0388,0.7451,0.3029
FTRE,Fortrea Holdings Inc,Health Care,352030,NASDAQ,NC,,2025-12-31,14.3,2723.4,2219.6,431.7,,72.1,-5.9,91.4,-986.2,0.0,25.2,113.5,2715.7,2152.2,1116.0,174.6,563.5,93.1,17.25,1605.975,-0.0751,0.9251,1.855
RAMP,Liveramp Holdings Inc,Information Technology,451030,NYSE,CA,1987-01-01,2026-03-31,1.3,812.94,224.718,486.367,148.139,101.855,88.456,0.032,145.952,0.0,1.376,168.931,1294.177,322.198,29.565,403.917,971.979,60.55,26.52,1605.786,-0.0329,0.4237,1.0824
HTZ,Hertz Global Holdings Inc,Industrials,203040,NASDAQ,FL,1997-02-28,2025-12-31,26.0,8504.0,5581.0,939.0,,1984.0,96.0,1077.0,-747.0,0.0,10280.0,1625.0,22311.0,22770.0,19329.0,1167.0,-459.0,311.732,5.14,1602.302,0.4044,1.1263,0.8481
ALVO,Alvotech,Health Care,352010,NASDAQ,,2020-09-17,2025-12-31,1.436,588.904,211.318,253.43,184.193,124.156,86.305,146.078,27.919,0.0,64.47,-50.197,1487.099,1771.586,1449.145,172.359,-284.487,312.021,5.13,1600.668,-0.6122,0.654,0.8763
SBH,Sally Beauty Holdings Inc,Consumer Discretionary,255040,NYSE,TX,2006-11-17,2025-09-30,27.0,3701.424,1786.788,1484.313,0.0,430.323,330.402,63.273,195.878,0.0,102.145,274.831,2871.096,2076.889,1562.966,149.162,794.207,97.875,16.28,1593.405,0.3646,0.5227,0.8791
PBI,Pitney Bowes Inc,Industrials,202010,NYSE,CT,,2025-12-31,6.6,1892.629,757.192,636.845,15.278,498.592,387.017,109.46,144.697,51.059,66.278,383.257,3168.951,3971.311,2158.132,297.119,-802.36,150.704,10.57,1592.941,0.5047,0.4335,1.027
AGIO,Agios Pharmaceuticals,Health Care,352010,NASDAQ,MA,2013-07-24,2025-12-31,0.54,54.028,1.168,509.815,339.535,-456.955,-462.132,,-412.781,0.0,4.316,-372.977,1297.225,104.111,40.207,854.425,1193.114,58.449,27.22,1590.982,-0.1716,0.71,0.9157
CXM,Sprinklr Inc,Information Technology,451030,NYSE,NY,2021-06-23,2026-01-31,3.258,857.2,260.353,518.683,96.001,78.164,59.1,,22.905,0.0,17.29,159.193,1205.061,612.418,46.732,504.571,592.643,248.724,6.38,1586.859,-0.0793,0.4063,1.0852
WMK,Weis Markets Inc,Consumer Staples,301010,NYSE,PA,,2025-12-31,22.0,4957.709,3717.846,1013.41,0.0,226.453,113.653,0.043,93.691,35.117,202.381,207.206,2027.359,675.449,172.094,247.573,1351.91,24.745,64.09,1585.907,-0.0354,0.2791,0.1826
WEN,Wendy'S Co,Consumer Discretionary,253010,NASDAQ,OH,,2025-12-31,14.9,2176.891,1439.671,263.744,,473.476,321.254,126.467,165.075,129.587,101.927,344.543,4956.561,4839.178,4145.016,340.04,117.383,190.324,8.33,1585.399,-0.4579,0.34,0.5084
ENVX,Enovix Corp,Industrials,201040,NASDAQ,CA,,2025-12-31,0.664,31.821,174.731,,110.331,-142.91,-176.59,21.597,-156.741,0.0,18.223,-95.291,878.975,604.964,543.529,512.04,271.214,216.556,7.31,1583.024,-0.2925,0.8899,2.3881
ARHS,Arhaus Inc,Consumer Discretionary,255040,NASDAQ,OH,2021-11-04,2025-12-31,2.83,1379.222,796.021,447.441,0.0,135.76,88.967,5.468,67.256,,77.87,136.848,1394.746,976.518,580.577,256.48,418.228,141.085,11.21,1581.563,0.1926,0.6299,1.3555
LOB,Live Oak Bancshares Inc,Financials,401010,NYSE,NC,2015-07-23,2025-12-31,1.04,1013.83,556.417,213.624,,243.789,213.391,,105.871,5.488,14.756,158.242,15134.778,13880.672,104.647,865.154,1153.602,46.032,34.35,1581.199,-0.1282,0.4032,1.1549
NESR,National Energy Services Reu,Energy,101010,NASDAQ,TX,2017-05-12,2025-12-31,7.352,1324.047,1040.817,47.636,,235.594,98.32,32.513,51.132,0.0,143.454,264.242,1851.519,883.603,333.547,131.057,967.916,100.787,15.66,1578.324,0.7478,0.5211,1.1838
DFH,Dream Finders Homes Inc,Consumer Discretionary,252010,NYSE,FL,2021-01-21,2025-12-31,1.911,4322.848,3408.278,629.94,,284.63,269.554,117.699,217.197,0.0,25.792,-100.574,3727.484,2123.373,1633.696,284.39,1424.575,92.27,17.1,1577.817,-0.2651,0.5401,0.9257
STEL,Stellar Bancorp Inc,Financials,401010,NYSE,TX,2015-10-08,2025-12-31,1.053,596.26,183.008,186.426,,226.826,197.188,,102.872,29.296,4.398,97.004,10806.594,9137.94,56.534,419.453,1668.654,50.902,30.94,1574.908,0.1128,0.2613,0.7256
CLBK,Columbia Financial Inc,Financials,401010,NASDAQ,NJ,2018-04-20,2025-12-31,0.796,508.02,259.139,143.627,,105.254,94.267,,51.766,0.0,9.836,68.397,11018.793,9858.065,1199.995,340.806,1160.728,101.192,15.54,1572.524,-0.0171,0.3101,0.7436
TSHA,Taysha Gene Therps Inc,Health Care,352010,NASDAQ,TX,2020-09-24,2025-12-31,0.099,9.773,119.126,,86.403,-109.353,-110.498,0.063,-108.995,0.0,0.738,-93.09,343.32,96.382,70.143,320.216,246.938,285.052,5.5,1567.786,2.1792,0.9955,1.1195
ALGT,Allegiant Travel Co,Industrials,203020,NASDAQ,NV,2006-12-08,2025-12-31,6.0,2606.579,1956.723,225.799,,424.057,174.872,142.335,-44.697,0.0,387.605,389.768,4209.401,3156.724,1864.722,823.719,1052.677,18.378,85.27,1567.092,-0.094,0.6778,1.8965
MBIN,Merchants Bancorp,Financials,402010,NASDAQ,IN,2017-10-27,2025-12-31,0.735,1365.239,801.546,177.192,,386.501,383.036,,218.77,18.356,20.941,-341.248,19448.943,17168.184,3849.856,213.722,1729.468,45.893,34.06,1563.116,-0.0551,0.3617,0.8914
FUN,Six Flags Entertainment Corp,Consumer Discretionary,253010,NYSE,NC,1987-04-23,2025-12-31,95.225,3100.289,1989.96,390.482,,719.847,233.464,369.841,-1599.098,0.0,479.667,327.469,7799.202,7014.398,5427.325,91.327,549.757,101.696,15.34,1560.017,-0.6817,0.6251,1.5348
NWL,Newell Brands Inc,Consumer Discretionary,252010,NASDAQ,GA,,2025-12-31,21.9,7204.0,4450.0,1961.0,114.0,793.0,482.0,321.0,-285.0,123.0,247.0,264.0,10715.0,8324.0,5219.0,220.0,2391.0,419.2,3.72,1559.424,-0.6055,0.6666,1.6245
ICFI,Icf International Inc,Industrials,202020,NASDAQ,VA,2006-09-28,2025-12-31,8.4,1872.851,1176.835,486.541,,209.475,151.328,31.268,91.588,10.283,21.659,141.87,2050.171,1021.689,571.339,53.281,1028.482,18.248,85.3,1556.554,-0.2799,0.3806,0.2332
AMPL,Amplitude Inc,Information Technology,451030,NASDAQ,CA,2021-09-28,2025-12-31,0.78,343.214,80.092,349.522,97.582,-86.4,-96.005,0.0,-88.541,0.0,6.346,29.824,420.684,175.338,9.568,192.001,245.346,134.033,11.58,1552.102,0.0976,0.5714,1.5258
PCT,Purecycle Technologies Inc,Materials,151010,NASDAQ,FL,2021-03-18,2025-12-31,0.174,8.355,79.672,62.164,5.925,-133.481,-162.601,64.446,-182.565,0.0,40.847,-142.74,922.666,572.078,448.731,172.309,45.887,180.281,8.59,1548.614,-0.162,0.8048,2.2161
AMRC,Ameresco Inc,Industrials,201030,NYSE,MA,2010-07-22,2025-12-31,1.601,1932.126,1527.915,173.962,,230.249,125.548,126.67,44.284,0.0,355.999,-80.36,4537.094,3412.859,2424.7,164.3,1080.15,52.861,29.29,1548.299,0.2475,0.9558,1.5149
FIVN,Five9 Inc,Information Technology,451030,NASDAQ,CA,2014-04-04,2025-12-31,2.91,1149.088,454.728,572.734,152.334,121.626,50.951,14.076,39.416,0.0,64.098,226.207,1790.07,1004.253,805.098,696.919,785.817,77.194,20.05,1547.74,-0.5066,0.4994,1.741
ARCO,Arcos Dorados Holdings Inc,Consumer Discretionary,253010,NYSE,,2011-04-14,2025-12-31,96.782,4678.259,3906.884,304.029,,467.346,270.089,9.997,212.116,50.56,281.35,296.344,3885.844,3113.705,2245.424,422.347,770.49,210.663,7.34,1546.266,0.0413,0.3322,0.6843
AXGN,Axogen Inc,Health Care,351010,NASDAQ,FL,,2025-12-31,0.622,225.208,51.195,174.887,32.885,-0.874,-7.849,7.702,-15.703,0.0,3.745,0.812,221.687,92.84,67.629,45.528,128.847,47.2,32.73,1544.856,0.986,0.6202,0.6344
FSLY,Fastly Inc,Information Technology,451020,NASDAQ,CA,2019-05-17,2025-12-31,1.14,624.018,198.861,465.101,162.662,-39.944,-117.796,12.699,-121.677,0.0,46.351,94.444,1499.477,569.899,430.187,361.759,929.578,151.537,10.18,1542.647,0.0784,0.7621,1.7179
EFC,Ellington Financial Inc,Financials,402040,NYSE,CT,2010-10-08,2025-12-31,0.0,551.143,222.435,,,328.708,328.708,335.793,146.869,156.594,0.0,-925.461,19352.91,17481.755,17240.788,792.08,1502.301,113.139,13.58,1536.428,0.2603,0.2136,0.5616
TCBK,Trico Bancshares,Financials,401010,NASDAQ,CA,,2025-12-31,1.148,536.406,131.792,172.11,,232.504,224.166,,121.558,45.031,5.362,133.293,9822.063,8494.062,80.229,157.014,1328.001,32.335,47.37,1531.709,0.1186,0.2555,0.771
WLDN,Willdan Group Inc,Industrials,202020,NASDAQ,CA,2006-11-21,2025-12-31,1.814,681.552,425.87,189.535,,66.147,47.461,4.959,52.557,0.0,9.387,80.084,544.211,239.36,69.281,65.919,304.851,14.762,103.66,1530.229,1.7214,0.5781,1.0327
BHE,Benchmark Electronics Inc,Information Technology,452030,NYSE,AZ,1990-06-28,2025-12-31,11.84,2659.108,2346.998,157.589,,154.521,107.658,20.158,24.852,24.369,35.613,123.964,2071.715,971.912,323.307,322.4,1099.803,35.669,42.76,1525.206,-0.0418,0.3887,1.272
ENOV,Enovis Corp,Health Care,351010,NYSE,DE,2008-05-08,2025-12-31,7.802,2248.049,758.606,1119.683,120.332,369.76,75.36,35.723,-1184.44,0.0,197.376,217.293,3834.737,2342.835,1379.535,36.389,1489.645,57.195,26.64,1523.675,-0.3929,0.4954,1.3848
SRCE,1St Source Corp,Financials,401010,NASDAQ,IN,,2025-12-31,1.19,599.997,178.781,148.742,,272.474,264.223,,158.277,37.313,10.082,223.117,9055.27,7737.18,357.281,119.857,1274.971,24.369,62.49,1522.819,0.0973,0.2589,0.6738
ABR,Arbor Realty Trust Inc,Financials,402040,NYSE,NY,2004-04-07,2025-12-31,0.653,1261.854,372.599,,0.0,,889.255,701.836,148.796,257.049,0.0,372.381,14494.903,11427.75,11074.405,550.222,2319.67,195.492,7.76,1517.018,-0.3672,0.3823,0.8644
NEO,Neogenomics Inc,Health Care,351020,NASDAQ,FL,1999-11-02,2025-12-31,2.5,727.332,380.94,359.43,37.077,-13.038,-80.862,3.753,-108.025,0.0,27.008,5.23,1359.83,523.268,409.456,159.618,836.562,128.989,11.76,1516.911,-0.2864,0.8016,1.1878
XPRO,Expro Ltd,Energy,101010,NYSE,TX,,2025-12-31,8.5,1607.095,1223.173,75.99,13.4,307.932,115.826,14.281,51.686,0.0,112.387,210.172,2259.435,725.312,168.514,197.473,1534.123,113.561,13.35,1516.039,0.0706,0.6558,1.6242
EYPT,Eyepoint Inc,Health Care,352020,NASDAQ,MA,2005-01-27,2025-12-31,0.214,31.371,272.196,,221.039,-240.825,-243.134,0.033,-231.962,0.0,3.28,-240.11,363.996,57.883,22.794,306.086,306.113,82.826,18.27,1513.231,1.4524,0.7746,1.0859
INVX,Innovex International Inc,Energy,101010,NYSE,TX,1997-10-23,2025-12-31,2.16,978.251,674.971,128.793,6.7,174.487,113.745,2.582,83.298,0.0,35.132,190.912,1268.307,210.608,79.287,203.407,1057.699,69.077,21.87,1510.714,0.5655,0.4824,1.2355
MXL,Maxlinear Inc,Information Technology,453010,NASDAQ,CA,2010-03-24,2025-12-31,1.115,467.641,167.053,343.487,208.599,-42.899,-79.412,10.056,-136.681,0.0,12.598,19.619,796.396,344.501,145.027,74.225,451.895,86.451,17.43,1506.841,-0.1188,0.742,2.3341
ALEX,Alexander & Baldwin Inc,Real Estate,601010,NYSE,HI,,2025-12-31,0.091,215.787,110.566,35.227,,,69.994,24.601,64.674,75.432,0.0,79.511,1659.537,672.335,505.93,11.539,987.202,72.82,20.64,1503.005,0.2284,0.4199,0.2906
TNDM,Tandem Diabetes Care Inc,Health Care,351010,NASDAQ,CA,2013-11-14,2025-12-31,2.5,1014.736,451.056,624.136,268.331,-60.456,-78.122,7.907,-204.71,0.0,19.948,-9.721,881.112,725.942,449.375,292.666,155.17,68.291,21.98,1501.036,-0.3898,0.7443,1.1542
BHVN,Biohaven Ltd,Health Care,352010,NYSE,CT,,2025-12-31,0.274,0.0,0.0,741.238,635.065,-741.238,-745.378,,-738.822,0.0,0.715,-609.438,451.447,399.375,284.614,319.664,52.072,132.775,11.29,1499.03,-0.6977,0.9094,1.4601
LILAK,Liberty Latin America Ltd,Communication Services,501010,NASDAQ,,2015-06-22,2025-12-31,9.0,4442.2,2810.9,,,1631.3,726.4,719.8,-611.2,0.0,500.0,805.9,12225.9,11162.4,8797.8,783.9,555.6,200.0,7.46,1492.0,0.1767,0.4349,0.7235
INVA,Innoviva Inc,Health Care,352020,NASDAQ,CA,2004-10-05,2025-12-31,0.159,411.328,72.415,134.554,39.972,204.359,177.954,16.698,271.165,0.0,1.131,196.93,1635.165,462.324,331.245,566.668,1172.841,74.636,19.99,1491.974,0.1522,0.2633,0.0804
RNW,Renew Energy Global Plc,Utilities,551050,NASDAQ,,,2026-03-31,4.72,1409.872,513.478,,,896.394,621.599,763.007,104.954,0.0,,868.537,11263.189,9723.204,8320.83,819.467,1342.298,325.705,4.58,1491.729,-0.1728,0.3981,0.5093
QURE,Uniqure Nv,Health Care,352010,NASDAQ,,2007-06-20,2025-12-31,0.221,16.098,186.809,,140.673,-170.711,-185.47,61.994,-198.971,0.0,0.439,-177.963,824.908,626.007,542.115,622.541,198.901,62.337,23.93,1491.724,0.355,2.7016,1.0202
LEG,Leggett & Platt Inc,Consumer Discretionary,252010,NYSE,MO,,2025-12-31,15.9,4055.1,3202.7,486.3,,366.1,245.2,72.9,235.4,27.7,57.2,338.2,3536.4,2513.8,1655.9,587.4,1022.1,135.5,11.0,1490.5,0.1703,0.5843,1.1539
PLTK,Playtika Holding Corp,Communication Services,502020,NASDAQ,,2021-01-15,2025-12-31,3.175,2755.4,523.7,1562.0,426.7,669.7,434.9,143.3,-206.4,150.6,36.3,567.7,3718.9,4130.3,2532.0,821.7,-411.4,377.0,3.95,1489.15,-0.3718,0.5155,0.8814
TFIN,Triumph Financial Inc,Financials,401010,NYSE,TX,2014-11-07,2025-12-31,1.45,504.552,83.027,265.752,,155.773,129.318,,25.359,0.0,16.446,67.065,6380.588,5438.817,417.925,248.471,896.771,23.765,62.63,1488.402,-0.3109,0.4781,1.2407
IDT,Idt Corp,Communication Services,501010,NYSE,NJ,1996-03-15,2025-07-31,1.925,1231.495,764.292,338.531,0.0,128.672,107.664,,76.094,5.55,20.77,127.061,626.203,295.787,1.945,369.118,305.131,25.23,58.91,1486.299,0.0825,0.3727,0.6399
ATAI,Ataibeckley Inc,Health Care,352020,NASDAQ,NY,2021-06-18,2025-12-31,0.099,4.089,99.264,,582.348,-95.175,-96.187,1.162,-660.047,0.0,0.901,-102.675,292.723,70.722,2.072,256.04,221.874,363.281,4.09,1485.819,2.0752,0.9661,1.3614
LNN,Lindsay Corp,Industrials,201060,NYSE,NE,1988-10-12,2025-08-31,1.275,676.368,448.788,122.656,17.93,104.924,88.124,1.833,74.052,15.748,42.496,132.91,840.836,307.986,136.51,250.575,532.85,10.804,137.23,1482.633,0.0076,0.2643,0.7797
PGEN,Precigen Inc,Health Care,352010,NASDAQ,MD,2013-08-08,2025-12-31,0.16,9.684,113.085,,41.333,-103.401,-106.6,3.867,-250.642,0.0,1.995,-87.831,155.505,134.594,98.29,97.858,20.911,353.911,4.18,1479.348,2.7321,1.0671,1.7749
ORKA,Oruka Therapeutics Inc,Health Care,352010,NASDAQ,CA,,2025-12-31,0.068,0.0,0.0,121.968,100.64,-121.968,-122.051,0.0,-105.433,0.0,0.209,-88.21,488.617,16.687,1.932,337.044,468.999,48.722,30.31,1476.764,0.5632,0.8013,1.1712
PAR,Par Technology Corp,Information Technology,451030,NYSE,NY,,2025-12-31,1.809,455.547,218.383,244.869,81.771,-7.705,-56.696,8.693,-84.461,0.0,3.323,-27.158,1369.144,543.994,402.358,94.264,825.15,40.654,36.28,1474.927,-0.5008,0.5024,1.36
WWW,Wolverine World Wide,Consumer Discretionary,252030,NYSE,MI,,2025-12-31,3.05,1874.3,961.7,724.2,,188.4,162.5,32.8,95.8,33.7,14.5,140.0,1709.3,1286.2,762.0,206.3,408.0,81.187,18.15,1473.544,-0.1655,0.6636,1.6792
UPB,Upstream Bio Inc,Health Care,352010,NASDAQ,MA,2024-10-11,2025-12-31,0.075,2.854,163.027,,136.806,-160.173,-160.361,0.0,-143.443,0.0,0.165,-133.275,353.772,14.001,1.269,341.509,339.771,54.238,27.15,1472.562,0.6515,0.8267,0.9247
STBA,S & T Bancorp Inc,Financials,401010,NASDAQ,PA,,2025-12-31,1.209,568.513,173.816,157.355,,237.342,237.342,,134.23,52.968,4.768,133.616,9870.98,8407.103,310.131,163.436,1463.877,37.403,39.35,1471.808,0.0668,0.266,0.7549
RLAY,Relay Therapeutics Inc,Health Care,352010,NASDAQ,MA,2020-07-16,2025-12-31,0.192,15.355,312.236,,261.383,-296.881,-300.438,0.0,-276.479,0.0,0.41,-235.455,621.331,54.271,32.458,554.518,567.06,173.869,8.46,1470.932,1.0534,0.7669,1.7651
ARLO,Arlo Technologies Inc,Information Technology,452030,NYSE,CA,2018-08-03,2025-12-31,0.376,529.297,294.615,224.68,73.65,10.002,6.071,0.0,14.926,0.0,11.826,78.722,310.548,182.707,8.652,166.425,127.841,105.031,13.99,1469.384,0.2502,0.5374,1.421
GABC,German American Bancorp Inc,Financials,401010,NASDAQ,IN,,2025-12-31,0.984,486.709,145.382,125.533,,215.794,197.08,,112.635,43.278,5.315,159.316,8388.78,7226.455,188.447,118.882,1162.325,37.496,39.18,1469.093,0.0034,0.2341,0.5785
COLL,Collegium Pharmaceutical Inc,Health Care,352020,NASDAQ,MA,2015-05-07,2025-12-31,0.423,780.567,89.987,271.991,0.0,418.589,192.515,82.312,62.87,0.0,1.74,329.323,1656.834,1355.159,936.427,406.529,301.675,31.708,46.3,1468.08,0.6161,0.3965,0.4988
LPG,Dorian Lpg Ltd,Energy,101020,NYSE,CT,2014-05-08,2026-03-31,0.09,484.208,156.268,53.025,,274.915,210.175,31.167,193.666,104.792,93.844,210.143,1871.693,732.697,709.119,327.409,1138.996,42.783,34.2,1463.179,0.0967,0.4508,0.8143
ROCK,Gibraltar Industries Inc,Industrials,201020,NASDAQ,NY,1993-11-04,2025-12-31,2.3,1135.501,797.457,163.257,,174.787,144.938,,-44.388,0.0,46.13,167.001,1393.603,443.205,57.679,115.724,950.398,29.547,49.44,1460.804,-0.1606,0.4483,1.1971
NSP,Insperity Inc,Industrials,202020,NYSE,TX,1997-01-28,2025-12-31,314.289,6812.0,5912.0,865.0,,35.0,-10.0,24.0,-7.0,90.0,31.0,-278.0,2203.0,2157.0,454.0,742.0,46.0,37.7,38.72,1459.744,-0.4778,0.5212,0.7881
NVRI,Enviri Corp,Industrials,202010,NYSE,PA,,2025-12-31,12.0,2240.358,1633.274,381.485,3.05,225.599,45.618,121.624,-167.601,0.0,141.279,101.407,2708.671,2413.084,1702.404,125.348,255.062,81.449,17.92,1459.566,1.3273,0.5713,1.6869
KARO,Karooooo Ltd,Information Technology,451030,NASDAQ,,2021-04-01,2026-02-28,7.395,344.506,55.598,146.152,16.44,142.756,88.01,4.897,62.494,43.613,72.808,123.681,364.313,155.123,71.942,72.551,206.359,30.893,47.22,1458.767,0.0345,0.5105,0.9676
AGNT,Agnt Inc,Real Estate,602010,NASDAQ,WA,,2025-12-31,1.834,4772.311,4429.171,355.044,69.618,-11.904,-21.466,0.0,-22.714,30.773,9.569,118.611,442.48,199.701,0.0,181.463,242.779,161.05,9.05,1457.503,-0.1972,0.4886,1.0278
CNXN,Pc Connection Inc,Information Technology,452030,NASDAQ,NH,1998-03-04,2025-12-31,2.525,2872.746,2333.416,422.332,0.0,116.998,105.295,0.081,83.722,15.298,7.389,65.438,1350.925,440.795,1.788,406.678,910.13,25.221,57.76,1456.765,-0.1583,0.2555,0.5979
NVCR,Novocure Limited,Health Care,351010,NASDAQ,,2015-10-02,2025-12-31,1.605,655.353,152.229,638.474,224.544,-135.35,-150.0,17.037,-136.227,0.0,26.648,-49.031,804.326,463.86,248.353,457.516,340.466,112.493,12.93,1454.534,-0.5661,0.5741,1.2413
RDW,Redwire Corp,Industrials,201010,NYSE,FL,,2025-12-31,1.41,335.381,271.812,191.041,19.761,-127.472,-160.111,39.766,-226.552,0.0,13.479,-177.331,1449.137,312.087,123.799,95.183,1060.016,190.88,7.6,1450.688,-0.5383,1.1811,2.7535
SVV,Savers Value Village Inc,Consumer Discretionary,255030,NYSE,WA,2023-06-29,2025-12-31,24.0,1678.954,1099.886,375.786,0.0,203.282,122.8,61.964,22.639,0.0,118.643,167.28,2010.887,1575.308,1403.987,85.904,435.579,155.283,9.34,1450.343,-0.0888,0.653,0.7601
GCT,Gigacloud Technology Inc,Consumer Discretionary,255010,NASDAQ,CA,2022-08-18,2025-12-31,1.644,1289.897,982.16,153.607,10.832,154.13,145.798,0.2,137.372,0.0,7.873,190.66,1202.459,716.66,469.681,416.856,485.799,36.915,39.28,1450.021,1.121,0.7228,1.7033
RAPP,Rapport Therapeutics Inc,Health Care,352020,NASDAQ,MA,2024-06-07,2025-12-31,0.084,0.0,0.0,124.082,94.789,-124.082,-125.099,0.0,-111.483,0.0,0.616,-87.473,512.431,27.778,11.484,490.644,484.653,47.773,30.34,1449.433,0.7103,1.5648,1.083
WINA,Winmark Corp,Consumer Discretionary,255040,NASDAQ,MN,1993-08-24,2025-12-31,0.087,83.855,2.357,28.357,0.0,53.141,52.394,2.447,41.654,49.113,0.192,44.897,24.884,78.566,63.073,10.46,-53.682,3.572,404.94,1446.446,0.0648,0.3287,0.5077
GBX,Greenbrier Cos Inc (The),Industrials,201060,NYSE,OR,,2025-08-31,11.0,3240.2,2511.2,263.3,5.5,465.7,344.2,,204.1,40.1,280.4,265.7,4360.6,2627.1,1835.8,326.4,1532.5,30.873,46.63,1439.608,-0.2136,0.3952,1.047
LKFN,Lakeland Financial Corp,Financials,401010,NASDAQ,IN,1997-08-15,2025-12-31,0.701,421.706,164.518,88.533,,168.655,162.677,,103.361,51.428,11.122,114.887,6990.022,6227.53,191.268,141.318,762.403,25.22,57.06,1439.053,-0.1431,0.2674,0.6832
NBHC,National Bank Hldgs Corp,Financials,401010,NYSE,CO,2012-09-20,2025-12-31,1.302,586.04,189.069,194.163,,202.808,174.705,,109.574,45.977,29.92,162.418,9883.518,8498.404,101.351,417.058,1385.114,37.773,38.01,1435.752,-0.0894,0.281,0.7638
AIN,Albany Intl Corp  -Cl A,Industrials,201060,NYSE,NH,1987-09-30,2025-12-31,5.7,1182.813,850.723,266.341,48.015,65.749,-22.165,25.764,-57.342,31.953,71.505,152.474,1718.709,986.607,467.36,112.35,726.209,28.303,50.7,1434.962,-0.3547,0.4293,1.0775
VITL,Vital Farms Inc,Consumer Staples,302020,NASDAQ,TX,2020-07-31,2025-12-31,0.739,759.444,460.673,196.554,,102.217,88.373,0.874,66.282,0.0,81.95,33.715,518.738,167.478,53.491,113.351,351.26,44.797,31.94,1430.816,-0.1526,0.5264,0.5336
DOLE,Dole Plc,Consumer Staples,302020,NYSE,,2021-07-30,2025-12-31,32.027,9172.907,8353.04,484.588,9.2,335.279,222.618,66.27,51.319,32.378,121.497,95.294,4396.124,2894.351,1245.038,274.272,1364.103,95.163,14.99,1426.493,0.1337,0.2731,0.3183
ARDX,Ardelyx Inc,Health Care,352010,NASDAQ,MA,2014-06-19,2025-12-31,0.489,407.32,447.497,,71.527,-40.177,-40.977,28.398,-61.599,0.0,1.492,-42.483,501.604,334.655,233.83,264.689,166.949,244.352,5.83,1424.572,0.1499,0.6581,0.6714
SHLS,Shoals Technologies Grp Inc,Industrials,201040,NASDAQ,TN,2021-01-27,2025-12-31,1.48,475.331,303.578,83.182,,88.571,74.727,9.994,33.574,0.0,33.043,17.067,904.101,304.128,178.628,7.32,599.973,167.45,8.5,1423.325,0.5371,0.8664,1.1398
DCO,Ducommun Inc,Industrials,201010,NYSE,CA,,2025-12-31,2.13,824.73,569.915,144.377,,110.438,77.238,12.676,-33.938,0.0,15.238,-33.405,1186.225,524.115,345.83,45.289,662.11,14.95,95.13,1422.193,0.4944,0.3131,0.829
MBX,Mbx Biosciences Inc,Health Care,352020,NASDAQ,IN,2024-09-13,2025-12-31,0.063,0.0,0.0,97.807,79.159,-97.807,-98.055,0.0,-86.971,0.0,1.929,-79.949,385.144,15.921,0.596,373.705,369.223,44.928,31.54,1417.029,0.7113,1.391,1.5008
FLNC,Fluence Energy Inc,Industrials,201040,NASDAQ,VA,2021-10-28,2025-09-30,1.67,2262.83,1955.173,328.774,86.217,-21.117,-45.117,8.718,-48.314,0.0,14.884,-145.538,2357.0,1808.152,406.129,714.63,429.595,131.164,10.8,1416.571,0.2456,1.1353,2.0173
KEEL,Keel Infrastructure Corp,Information Technology,451030,NASDAQ,NY,2021-06-21,2025-12-31,0.274,229.276,140.806,76.768,,11.702,-86.428,11.771,-284.544,0.0,100.297,-226.594,1296.344,735.969,683.778,573.462,560.375,601.58,2.35,1413.713,0.5772,1.0391,2.4607
TYRA,Tyra Biosciences Inc,Health Care,352010,NASDAQ,CA,2021-09-15,2025-12-31,0.087,0.0,0.0,132.216,102.928,-132.216,-132.762,0.0,-119.947,0.0,0.141,-95.142,282.609,23.432,5.81,256.003,259.177,53.706,26.29,1411.931,0.8914,0.6454,1.0913
VYX,Ncr Voyix Corp,Information Technology,451030,NYSE,GA,,2025-12-31,13.5,2687.0,1811.0,489.0,155.0,387.0,169.0,60.0,62.0,0.0,165.0,-210.0,3921.0,2766.0,1383.0,234.0,948.0,138.3,10.2,1410.66,-0.263,0.461,1.3935
ARRY,Array Technologies Inc,Industrials,201040,NASDAQ,NM,2020-10-15,2025-12-31,1.2,1284.141,933.822,180.554,9.9,169.765,122.477,27.331,-52.235,0.0,21.972,101.785,1451.792,1191.404,766.193,246.984,-206.34,152.78,9.22,1408.632,0.5265,0.8787,1.2704
IMTX,Immatics Nv,Health Care,352010,NASDAQ,,2020-07-02,2025-12-31,0.711,56.67,261.377,,215.841,-204.707,-219.267,1.111,-230.653,0.0,7.7,-207.381,660.254,91.861,18.357,551.061,568.393,134.071,10.5,1407.746,0.4768,0.7106,1.3258
HOPE,Hope Bancorp Inc,Financials,401010,NASDAQ,CA,1996-12-27,2025-12-31,1.434,967.632,500.732,280.336,,186.564,172.464,,61.588,70.727,13.089,164.546,18531.626,16248.358,455.142,560.059,2283.268,128.202,10.96,1405.094,-0.0595,0.299,0.9004
MBC,Masterbrand Inc,Industrials,201020,NYSE,OH,,2025-12-31,12.633,2734.7,1836.2,638.9,,259.6,166.1,74.1,26.7,0.0,78.2,195.7,3100.4,1755.8,1174.0,183.3,1344.6,127.2,11.04,1404.288,-0.2443,0.4925,1.1362
CERT,Certara Inc,Health Care,351030,NASDAQ,PA,2020-12-11,2025-12-31,1.576,418.838,142.519,179.894,41.04,96.425,21.262,19.738,-1.595,0.0,1.76,96.325,1556.582,493.787,305.452,189.392,1062.795,159.14,8.81,1402.023,-0.1728,0.6175,0.9876
LZB,La-Z-Boy Inc,Consumer Discretionary,252010,NYSE,MI,,2026-04-30,10.2,2126.635,1132.402,797.633,10.8,196.6,149.302,0.524,101.985,38.525,76.306,204.106,2042.335,979.661,564.288,308.764,1049.997,40.349,34.74,1401.724,-0.1249,0.3945,0.8696
LADR,Ladder Capital Corp,Financials,402040,NYSE,NY,2014-02-06,2025-12-31,0.06,388.305,148.186,,,,240.119,174.917,64.182,117.392,0.0,87.019,5152.55,3671.193,3524.666,52.841,1483.926,127.234,10.99,1398.302,0.0668,0.1951,0.5674
NABL,N-Able Inc,Information Technology,451030,NYSE,MA,,2025-12-31,1.852,508.84,74.453,335.185,100.713,99.202,54.771,34.697,-18.815,0.0,18.139,93.202,1409.718,607.674,430.36,111.837,802.044,186.684,7.48,1396.396,-0.1991,0.4795,1.0163
NEXT,Nextdecade Corp,Energy,101020,NASDAQ,TX,,2025-12-31,0.36,0.0,0.0,224.146,,-224.146,-225.931,497.311,-306.434,0.0,4846.807,-169.397,12425.828,10124.741,8657.074,707.088,95.338,264.8,5.27,1395.496,-0.3165,0.6888,1.0419
QCRH,Qcr Holdings Inc,Financials,401010,NASDAQ,IL,1993-10-06,2025-12-31,1.039,603.749,252.286,155.093,,196.37,184.065,,127.194,4.059,67.433,421.541,9575.47,8463.159,641.441,226.152,1112.311,16.691,83.3,1390.36,0.0363,0.2689,0.7191
VRE,Veris Residential Inc,Real Estate,601060,NYSE,NJ,1994-08-24,2025-12-31,0.181,294.061,214.102,38.328,0.0,,41.631,88.579,75.239,30.421,0.0,75.967,2706.871,1431.915,1367.838,29.36,1151.621,93.433,14.88,1390.283,-0.0865,0.245,0.4896
EVEX,Eve Holding Inc,Industrials,201010,NYSE,FL,2020-11-17,2025-12-31,0.198,0.0,0.0,225.388,194.695,,-225.388,10.14,-224.255,0.0,12.555,-160.432,434.875,311.117,179.786,392.458,123.758,348.305,3.99,1389.737,-0.2665,0.7715,1.5468
ACVA,Acv Auctions Inc,Industrials,202010,NYSE,NY,2021-03-24,2025-12-31,3.2,759.606,544.082,214.777,,0.747,-42.977,9.62,-66.141,0.0,9.098,78.232,1085.611,655.928,237.004,271.497,429.683,173.179,8.02,1388.896,-0.6287,0.6401,1.3643
AFYA,Afya Limited,Consumer Discretionary,253020,NASDAQ,,2019-07-19,2025-12-31,9.395,671.253,170.761,211.947,,288.545,220.763,101.295,136.613,23.563,30.141,278.067,1698.975,810.958,566.452,204.318,880.865,89.868,15.41,1384.866,-0.017,0.2981,0.5336
CBRL,Cracker Barrel Old Ctry Stor,Consumer Discretionary,253010,NASDAQ,TN,,2025-07-31,76.73,3483.684,3069.654,218.786,,195.244,73.812,20.489,46.379,22.78,159.144,218.899,2161.884,1700.195,1179.609,39.643,461.689,22.268,62.0,1380.616,-0.5094,0.5803,0.9484
XPEL,Xpel Inc,Consumer Discretionary,251010,NASDAQ,TX,,2025-12-31,1.337,476.2,261.927,138.983,2.9,75.29,62.036,0.083,51.226,0.0,4.008,66.938,382.526,97.341,22.863,50.864,280.282,27.604,49.91,1377.716,0.2496,0.483,1.2265
PLAB,Photronics Inc,Information Technology,453010,NASDAQ,CT,1987-03-10,2025-10-31,1.908,849.294,471.859,91.429,15.804,286.006,208.401,0.055,136.405,0.0,188.137,247.798,1804.534,207.227,5.959,588.165,1173.589,57.633,23.9,1377.429,0.3582,0.6639,1.6568
MAN,Manpowergroup,Industrials,202020,NYSE,WI,1988-05-03,2025-12-31,25.4,17957.1,14873.5,2692.2,,391.4,305.4,95.4,-13.3,66.7,57.3,-104.1,9160.1,7099.8,2088.8,871.0,2059.6,46.297,29.73,1376.41,-0.4625,0.4494,0.9403
LAC,Lithium Americas Corp,Materials,151040,NYSE,BC,,2025-12-31,0.094,0.0,0.0,52.795,,-52.795,-52.841,,-122.087,0.0,765.044,-61.222,2579.048,992.399,532.202,905.609,1058.754,314.335,4.36,1370.501,0.468,1.2845,1.1579
ANAB,Anaptysbio Inc,Health Care,352010,NASDAQ,CA,2017-01-26,2025-12-31,0.104,234.603,186.148,,135.97,48.455,47.896,79.893,-13.232,0.0,0.087,19.697,364.395,327.185,290.64,311.638,37.21,28.019,48.48,1358.361,2.6616,0.7789,0.549
DGII,Digi International Inc,Information Technology,452010,NASDAQ,MN,,2025-09-30,0.913,430.221,125.567,214.387,63.659,90.267,56.29,6.319,40.804,0.0,2.63,107.959,922.646,286.569,171.184,21.902,636.077,37.171,36.46,1355.255,0.432,0.4353,1.3245
HGTY,Hagerty Inc,Financials,403010,NYSE,MI,2021-04-09,2025-12-31,1.891,1456.389,886.068,352.719,,217.602,180.078,5.44,49.018,0.0,24.535,218.986,2093.976,1346.95,223.589,972.821,221.292,100.707,13.44,1353.502,0.3927,0.3743,0.5752
BBNX,Beta Bionics Inc,Health Care,351010,NASDAQ,CA,2025-01-30,2025-12-31,0.423,100.251,43.141,126.656,34.789,-69.546,-71.119,0.0,-73.2,0.0,5.297,-50.925,328.743,41.133,7.303,219.225,287.61,44.361,30.47,1351.68,0.2895,0.8321,1.8353
FOR,Forestar Group Inc,Real Estate,602010,NYSE,TX,2007-12-12,2025-09-30,0.433,1662.4,1297.6,154.4,,210.4,209.1,,167.9,0.0,2.2,-197.7,3137.0,1368.1,817.1,379.2,1767.9,50.833,26.59,1351.649,-0.0498,0.3777,0.7476
CNL,Collective Mining Ltd,Materials,151040,NASDAQ,FL,,2025-12-31,0.154,0.0,0.0,41.197,,-41.197,-42.006,0.874,-49.858,0.0,14.596,-35.877,158.046,12.918,6.51,129.647,145.128,92.538,14.59,1350.129,2.5072,0.6168,0.3333
UMH,Umh Properties Inc,Real Estate,601060,NYSE,NJ,,2025-12-31,0.54,269.964,185.103,28.839,0.0,,56.022,35.611,26.499,68.782,0.0,81.973,1699.036,791.84,763.927,80.926,582.641,84.85,15.91,1349.963,-0.1102,0.2137,0.3874
FLNG,Flex Lng Ltd,Energy,101020,NYSE,,2019-06-17,2025-12-31,0.009,347.637,87.248,7.966,,252.423,175.804,100.073,74.815,162.267,0.0,140.737,2623.824,1904.567,1848.207,447.697,719.257,54.092,24.95,1349.595,0.2273,0.2869,0.4392
AHCO,Adapthealth Corp,Health Care,351020,NASDAQ,PA,,2025-12-31,10.9,3244.857,2294.371,347.593,,602.893,220.966,105.753,-70.794,0.0,382.388,601.771,4316.577,2790.253,1902.8,106.136,1518.561,135.45,9.96,1349.082,0.0462,0.5283,0.7519
ZD,Ziff Davis Inc,Communication Services,502030,NASDAQ,NY,1999-07-21,2025-12-31,3.9,1451.268,1005.165,,61.962,446.103,217.412,25.91,47.354,0.0,119.198,407.068,3663.306,1909.731,891.709,607.011,1753.575,38.377,35.15,1348.952,-0.3531,0.4993,1.266
RBCAA,Republic Bancorp Inc/Ky,Financials,401010,NASDAQ,KY,1998-07-22,2025-12-31,0.983,519.439,135.44,141.235,,242.764,234.253,,131.317,34.736,7.104,168.212,7042.061,5939.768,626.874,219.972,1102.293,19.541,68.99,1348.134,0.0132,0.2606,0.5911
ARI,Apollo Commercial Re Fin Inc,Financials,402040,NYSE,NY,2009-09-24,2025-12-31,0.0,737.569,161.19,,0.0,576.379,576.379,460.066,126.72,141.461,0.0,142.521,9900.967,8044.877,7918.012,139.825,1856.022,138.944,9.68,1344.978,0.2368,0.2537,0.6793
TRS,Trimas Corp,Materials,151030,NASDAQ,MI,2007-05-18,2025-12-31,3.7,645.72,474.37,122.57,,48.78,10.57,18.03,120.14,6.61,48.35,117.45,1485.08,779.49,505.08,30.02,705.59,37.63,35.45,1333.984,0.4502,0.3447,0.8441
KW,Kennedy-Wilson Holdings Inc,Real Estate,602010,NYSE,CA,1992-08-07,2025-12-31,0.321,501.0,140.9,172.3,,187.8,54.8,242.2,4.7,66.2,165.9,11.4,6622.5,5049.1,4516.5,184.5,745.4,137.908,9.67,1333.57,0.0256,0.4862,0.9569
CYD,China Yuchai International,Industrials,201060,NYSE,,1994-12-15,2025-12-31,9.189,3525.955,2842.599,489.353,193.243,194.003,92.209,8.831,76.832,20.424,69.629,388.643,4569.186,2725.467,299.912,1131.353,1369.814,37.518,35.5,1331.889,2.8156,0.7643,0.5892
HLF,Herbalife Ltd,Consumer Staples,303020,NYSE,CA,,2025-12-31,8.5,5037.5,1092.8,3319.9,,624.8,503.6,214.4,228.3,0.0,80.4,333.3,2785.9,3295.3,2183.8,356.3,-515.1,103.3,12.89,1331.537,0.9268,0.7564,0.849
HCSG,Healthcare Services Group,Industrials,202010,NASDAQ,PA,,2025-12-31,36.0,1837.173,1559.99,188.766,,88.417,79.939,1.58,59.059,0.0,5.818,144.968,794.253,284.043,15.016,203.892,510.21,69.596,19.12,1330.676,0.6462,0.4663,0.732
SLSR,Solaris Resources Inc,Materials,151040,NYSE American,,,2025-12-31,0.084,0.0,0.0,47.189,,-47.189,-48.288,5.737,-42.227,0.0,4.169,48.265,58.028,107.009,0.477,25.21,-56.833,166.897,7.97,1330.169,1.5668,0.5888,0.985
BY,Byline Bancorp Inc,Financials,401010,NYSE,IL,2017-06-30,2025-12-31,1.027,633.145,222.974,168.64,,241.531,231.375,,130.051,23.729,3.997,140.318,9652.676,8384.77,574.798,149.095,1267.906,45.546,29.15,1327.666,0.0201,0.2657,0.7917
AMLX,Amylyx Pharmaceuticals Inc,Health Care,352020,NASDAQ,MA,2022-01-07,2025-12-31,0.136,0.0,0.0,152.766,90.404,-152.766,-153.291,0.0,-144.735,0.0,0.138,-123.343,332.645,27.386,5.957,316.979,305.259,109.885,12.08,1327.411,2.1958,0.7432,1.056
IIPR,Innovative Industrial Pptys,Real Estate,601025,NYSE,CA,2016-12-01,2025-12-31,0.023,280.275,107.772,33.735,0.0,,138.768,20.379,118.247,215.719,0.0,198.189,2370.858,522.854,393.672,47.597,1800.224,28.023,47.36,1327.169,-0.1804,0.4252,0.7439
DFTX,Definium Therapeutics Inc,Health Care,352020,NASDAQ,NY,,2025-12-31,0.106,0.0,0.0,166.309,117.665,-166.309,-166.309,5.482,-183.793,0.0,0.0,-131.56,440.1,107.773,40.579,411.593,332.327,98.776,13.39,1322.611,0.9239,0.7496,1.6435
IMKTA,Ingles Markets Inc  -Cl A,Consumer Staples,301010,NASDAQ,NC,,2025-09-30,25.551,5334.033,4048.291,1044.854,,240.888,117.998,21.522,83.593,12.269,114.501,154.098,2566.055,950.122,543.668,366.246,1615.933,18.994,69.56,1321.223,0.0745,0.257,0.3016
DCOM,Dime Commercial Bancshrs Inc,Financials,401010,NYSE,NY,1996-06-26,2025-12-31,0.902,731.603,320.474,182.879,,228.25,219.892,,110.682,43.755,4.131,186.566,15341.631,13865.862,826.232,2353.966,1359.2,43.862,30.09,1319.808,0.0268,0.3336,0.8785
NNNN,Anbio Biotechnology,Health Care,352010,NASDAQ,,2025-02-19,2025-12-31,0.027,8.647,1.104,1.776,0.201,5.767,5.767,0.0,6.403,0.0,0.0,-6.739,30.243,0.088,0.0,11.901,30.145,43.891,30.07,1319.802,4.2114,1.4687,0.2214
OUST,Ouster Inc,Information Technology,452030,NASDAQ,CA,,2025-12-31,0.32,169.384,81.969,153.633,65.17,-66.218,-73.999,0.0,-60.377,0.0,24.893,-39.956,349.516,87.778,17.08,210.052,261.738,60.948,21.64,1318.915,0.7709,1.0163,2.2538
CNOB,Connectone Bancorp Inc,Financials,401010,NASDAQ,NJ,1996-06-24,2025-12-31,0.756,669.824,338.617,127.968,,203.239,189.23,,80.443,31.956,5.389,106.398,14002.7,12429.36,1138.745,380.895,1462.413,50.272,26.22,1318.132,0.1781,0.3208,0.903
SDGR,Schrodinger Inc,Health Care,351030,NASDAQ,NY,2020-02-06,2025-12-31,0.85,255.869,111.438,305.305,173.138,-160.874,-166.896,,-103.265,0.0,1.442,13.899,726.16,362.107,109.311,402.332,364.053,73.68,17.88,1317.398,-0.0731,0.6294,1.3676
AZTA,Azenta Inc,Health Care,352030,NASDAQ,MA,1995-02-01,2025-09-30,3.0,593.821,283.491,265.125,30.39,45.205,-11.268,,-55.763,0.0,33.857,72.181,2059.582,332.596,59.929,343.279,1726.986,45.859,28.72,1317.07,-0.3348,0.5527,1.505
PSIX,Power Solutions Intl Inc,Industrials,201040,NASDAQ,IL,,2025-12-31,1.0,722.405,533.336,73.967,18.164,115.102,109.714,6.702,113.987,0.0,9.973,24.113,424.745,246.136,152.36,44.948,178.609,23.041,57.14,1316.563,0.9207,0.9731,2.5321
TNC,Tennant Co,Industrials,201060,NYSE,MN,,2025-12-31,4.484,1203.5,660.5,403.2,41.2,139.8,81.1,12.6,43.8,21.9,22.1,65.0,1268.9,665.5,330.8,106.4,601.6,17.847,73.7,1315.324,-0.0822,0.2769,0.8056
CRAI,Cra International Inc,Industrials,202020,NASDAQ,MA,1998-04-24,2025-12-31,0.959,751.583,519.288,135.031,,97.264,83.124,5.358,54.782,13.831,3.868,22.424,628.873,415.275,127.232,18.21,213.598,6.547,200.695,1313.95,0.0837,0.3216,0.6487
UVV,Universal Corp/Va,Consumer Staples,302030,NYSE,VA,,2026-03-31,25.0,2924.47,2359.017,300.671,,264.782,211.345,74.04,32.637,81.712,48.829,129.1,2766.767,1305.643,939.822,62.178,1415.4,24.923,52.7,1313.442,0.0234,0.2514,0.1427
ORC,Orchid Island Capital Inc,Financials,402040,NYSE,FL,2013-02-14,2025-12-31,0.0,607.911,20.48,,,587.431,587.431,305.732,159.03,190.93,0.0,120.449,11675.993,10304.045,10244.19,853.174,1371.948,181.986,7.2,1310.299,0.1252,0.2361,0.6123
SOC,Sable Offshore Corp,Energy,101020,NYSE,TX,2021-02-25,2025-12-31,0.2,0.0,0.0,395.395,,-395.395,-408.283,88.245,-410.162,0.0,417.624,-351.702,1740.822,1206.519,942.695,97.684,534.303,144.962,9.02,1307.557,-0.6061,1.3352,2.3057
AI,C3.Ai Inc,Information Technology,451030,NYSE,CA,2020-12-09,2026-04-30,0.764,250.268,159.332,565.052,229.087,-474.116,-487.67,0.0,-470.369,0.0,1.908,-190.228,816.273,162.522,58.681,575.449,653.751,148.007,8.83,1306.902,-0.6085,0.6501,1.8576
CTOS,Custom Truck One Source Inc,Industrials,201070,NYSE,MO,,2025-12-31,2.5,1943.957,1316.43,230.082,,397.445,141.582,157.619,-31.052,0.0,488.544,310.112,3441.454,2632.351,2417.497,6.273,809.103,226.626,5.76,1305.366,0.1975,0.5783,1.6307
XERS,Xeris Biopharma Holdings Inc,Health Care,352020,NASDAQ,IL,2018-06-21,2025-12-31,0.435,291.845,41.256,213.537,31.165,37.052,24.896,29.084,0.554,0.0,0.696,28.626,383.527,369.838,258.098,111.042,13.689,166.215,7.85,1304.788,1.3156,0.6145,0.9435
XHR,Xenia Hotels & Resorts Inc,Real Estate,601030,NYSE,FL,,2025-12-31,0.042,1078.5,934.685,36.792,0.0,,107.023,86.722,63.088,53.681,0.0,176.514,2808.675,1625.138,1441.59,223.109,1134.218,92.154,14.14,1303.058,-0.0067,0.3456,1.2478
PVLA,Palvella Therapeutics Inc,Health Care,352010,NASDAQ,PA,,2025-12-31,0.029,0.0,0.0,38.602,22.841,-38.602,-38.602,5.818,-41.715,0.0,0.0,-25.006,59.559,31.576,18.393,57.982,27.983,12.381,104.67,1295.919,7.7225,0.779,0.8146
ACHC,Acadia Healthcare Co Inc,Health Care,351020,NASDAQ,TN,,2025-12-31,25.0,3312.769,2182.247,553.308,0.0,577.214,387.965,138.864,-1102.772,0.0,571.807,131.898,5527.448,3386.896,2654.892,133.242,1948.96,90.453,14.19,1283.528,-0.6421,0.5957,0.7725
LUCK,Lucky Strike Entertnmnt Corp,Consumer Discretionary,253010,NYSE,VA,2021-03-03,2025-06-30,12.565,1201.333,754.257,143.173,,303.903,147.051,196.371,-10.022,33.551,141.066,177.221,3159.739,3331.085,3083.821,59.686,-298.671,140.203,9.13,1280.053,-0.1329,0.4965,1.0234
SILA,Sila Realty Trust Inc,Real Estate,601050,NYSE,FL,,2025-12-31,0.047,198.705,110.636,21.087,0.0,,66.982,32.553,33.12,88.818,0.0,119.145,2094.503,763.205,715.212,32.288,1331.298,54.877,23.31,1279.183,0.0225,0.2271,0.4766
TBLA,Taboola.Com Ltd,Communication Services,502030,NASDAQ,NY,,2025-12-31,2.0,1912.04,1290.491,480.436,148.044,141.113,44.057,,42.284,0.0,44.918,208.364,1609.839,702.644,194.09,120.865,907.195,276.37,4.61,1274.066,0.263,0.4177,0.8954
PENG,Penguin Solutions Inc,Information Technology,453010,NASDAQ,CA,2017-05-24,2025-08-31,2.9,1368.794,929.551,294.917,79.801,144.326,88.909,7.305,25.391,0.0,9.012,109.084,1617.2,1008.973,530.324,453.754,394.246,52.738,24.13,1272.568,0.0193,0.5236,1.7439
BV,Brightview Holdings,Industrials,202010,NYSE,PA,2018-06-28,2025-09-30,18.6,2672.8,1908.9,431.7,,332.2,160.7,53.7,56.0,0.0,254.2,291.8,3392.0,1591.9,950.3,74.5,1293.0,94.8,13.4,1270.32,-0.2076,0.3339,0.8575
WKC,World Kinect Corp,Energy,101020,NYSE,FL,,2025-12-31,4.003,36916.6,35870.6,717.6,,328.4,230.2,112.0,-614.4,42.4,65.6,292.3,5863.9,4556.0,858.0,193.5,1299.1,54.1,23.43,1267.563,-0.1233,0.2855,0.7137
DSGR,Distribution Solutio Gro Inc,Industrials,201070,NASDAQ,TX,,2025-12-31,4.3,1980.023,1305.783,510.771,0.0,163.469,82.008,55.352,8.345,0.0,40.495,83.849,1748.621,1099.274,819.111,75.326,649.347,46.181,27.39,1264.898,-0.2038,0.3603,0.9736
ATEN,A10 Networks Inc,Information Technology,451030,NYSE,CA,2014-03-21,2025-12-31,0.494,290.557,48.749,181.015,69.104,60.793,49.151,6.1,42.137,17.369,20.128,84.894,629.813,418.267,227.758,377.853,211.546,71.498,17.69,1264.8,-0.0258,0.341,1.0412
PZZA,Papa Johns International Inc,Consumer Discretionary,253010,NASDAQ,KY,1993-06-08,2025-12-31,9.4,2053.808,1639.579,223.882,0.0,190.347,109.547,41.369,30.531,61.485,74.435,126.0,837.508,1270.194,936.366,36.95,-444.75,32.801,38.49,1262.51,-0.0204,0.5481,0.8309
ARDT,Ardent Health Inc,Health Care,351020,NYSE,TN,2024-07-18,2025-12-31,25.2,6367.637,4003.099,1785.485,,579.053,423.35,55.202,135.811,0.0,211.904,470.51,5290.208,3605.244,2317.957,709.601,1287.898,142.864,8.83,1261.489,-0.483,0.5661,0.7617
GSL,Global Ship Lease Inc,Industrials,203030,NYSE,,2006-08-25,2025-12-31,0.007,766.451,263.615,22.08,0.0,480.756,388.85,43.043,416.455,76.061,168.94,528.299,2861.203,1060.119,689.142,523.496,1801.084,35.914,35.04,1258.427,0.7339,0.3143,0.8759
CNMD,Conmed Corp,Health Care,351010,NYSE,FL,1987-07-23,2025-12-31,3.9,1374.724,572.407,565.349,55.884,236.968,190.637,31.087,47.055,18.566,19.806,170.689,2325.749,1292.652,887.486,40.817,1033.097,30.971,40.6,1257.423,-0.4002,0.4339,0.9257
TTI,Tetra Technologies Inc/De,Energy,101010,NYSE,TX,1990-04-03,2025-12-31,1.4,630.932,433.722,100.559,,96.651,59.552,21.827,3.005,0.0,80.821,100.36,675.761,393.274,230.459,72.68,283.755,134.114,9.37,1256.648,1.6173,0.6308,1.4745
GRC,Gorman-Rupp Co,Industrials,201060,NYSE,OH,,2025-12-31,1.415,682.389,455.241,101.116,,126.032,98.323,23.396,53.017,19.588,17.376,106.228,860.055,445.332,327.531,35.083,414.723,26.313,47.75,1256.446,0.2825,0.2899,0.9367
EVLV,Evolv Technologies Holdings,Information Technology,452030,NASDAQ,MA,,2025-12-31,0.286,145.905,42.47,110.854,20.619,-7.419,-31.759,1.732,-33.138,0.0,36.994,18.669,304.409,184.987,42.239,69.035,119.422,175.399,7.16,1255.857,0.8127,0.6595,1.1971
SPB,Spectrum Brnd Hldg Inc,Consumer Staples,303010,NYSE,WI,,2025-09-30,3.0,2809.0,1679.1,857.1,23.2,272.8,174.8,30.0,99.9,49.6,38.3,203.6,3379.6,1469.9,654.2,123.6,1909.7,23.8,52.53,1250.214,-0.279,0.3681,0.8826
SEPN,Septerna Inc,Health Care,352020,NASDAQ,CA,2024-10-25,2025-12-31,0.13,45.951,125.144,,97.584,-79.193,-80.797,0.0,-48.879,0.0,0.518,110.189,596.187,214.261,23.625,391.089,381.926,44.806,27.88,1249.191,0.2175,1.0645,1.3974
TDOC,Teladoc Health Inc,Health Care,351030,NYSE,NY,2015-07-01,2025-12-31,5.6,2529.977,771.593,1557.703,277.922,200.681,-163.397,19.714,-200.322,0.0,8.893,294.357,2858.3,1472.594,1040.166,781.084,1385.706,178.315,7.0,1248.205,-0.2299,0.5943,1.3798
IRMD,Iradimed Corp,Health Care,351010,NASDAQ,FL,2014-07-16,2025-12-31,0.166,83.814,18.324,38.177,2.975,27.313,26.147,0.0,22.48,15.04,7.765,24.947,108.776,14.158,0.0,51.159,94.618,12.782,97.28,1243.433,0.7973,0.3562,0.7164
PRA,Proassurance Corp,Financials,403010,NYSE,AL,,2025-12-31,0.972,1091.172,973.284,,,117.888,111.688,20.838,50.915,0.0,3.598,-25.62,5447.192,4098.058,435.06,627.978,1349.134,51.414,24.16,1242.162,0.5185,0.5231,0.0504
NAVI,Navient Corp,Financials,402020,NASDAQ,VA,,2025-12-31,0.67,3196.0,674.0,,,,2522.0,2589.0,-80.0,63.0,0.0,441.0,48681.0,46282.0,45706.0,2104.0,2399.0,95.511,13.0,1241.643,0.0257,0.3567,1.0541
CCEC,Capital Clean Energy Carrier,Industrials,203030,NASDAQ,,2007-03-30,2025-12-31,,392.706,75.96,15.598,,301.148,213.935,128.1,170.759,35.472,315.121,242.062,4095.114,2595.747,2354.337,280.867,1499.367,59.488,20.87,1241.515,0.1704,0.4103,0.2996
GIII,G-Iii Apparel Group Ltd,Consumer Discretionary,252030,NASDAQ,NY,1989-12-14,2026-01-31,4.5,2957.012,1793.199,958.68,,205.133,176.333,0.508,67.353,4.219,35.266,299.144,2610.82,850.497,284.699,406.662,1760.323,42.19,29.35,1238.276,-0.1094,0.4083,0.9325
BORR,Borr Drilling Ltd,Energy,101010,NYSE,,2019-07-31,2025-12-31,2.03,1020.8,500.6,50.4,,469.8,321.8,228.4,45.0,4.7,88.5,251.9,3625.6,2403.0,2151.1,380.7,1222.6,307.215,4.03,1238.076,0.0422,0.7038,1.8411
COUR,Coursera Inc,Consumer Discretionary,253020,NYSE,CA,2021-03-31,2025-12-31,1.307,757.5,314.1,473.1,121.6,-29.7,-58.5,0.0,-51.0,0.0,19.6,108.7,1000.0,364.3,5.7,792.6,635.7,167.9,7.36,1235.744,-0.1341,0.6129,0.9201
LSPD,Lightspeed Commerce Inc,Information Technology,451030,NYSE,QC,2019-03-08,2026-03-31,3.4,1227.046,700.124,513.292,129.63,13.63,-137.132,1.269,-144.412,0.0,6.56,55.461,1665.222,182.07,20.165,455.436,1483.152,137.775,8.96,1234.464,-0.2068,0.477,1.2853
STGW,Stagwell Inc,Communication Services,502010,NASDAQ,NY,,2025-12-31,12.629,2909.0,1845.958,743.322,,319.72,148.471,96.438,29.101,0.0,43.741,291.028,4214.547,3413.212,1605.796,104.537,758.393,252.272,4.89,1233.61,-0.2568,0.5364,1.0894
SVRA,Savara Inc,Health Care,352010,NASDAQ,PA,,2025-12-31,0.07,0.0,0.0,123.46,81.404,-123.46,-123.547,,-118.837,0.0,0.022,-101.037,253.436,50.303,29.914,235.702,203.133,204.567,6.03,1233.539,0.9642,0.7054,0.8244
CTS,Cts Corp,Information Technology,452030,NYSE,IL,,2025-12-31,3.492,541.318,298.054,129.588,25.268,113.676,79.138,4.596,65.317,4.701,15.731,102.105,764.311,212.525,82.794,82.295,551.786,28.758,42.87,1232.855,-0.1839,0.3368,1.1457
OMER,Omeros Corp,Health Care,352020,NASDAQ,WA,2009-10-08,2025-12-31,0.175,0.0,0.0,121.832,81.296,-121.832,-122.796,32.475,-3.35,0.0,0.065,-116.094,325.632,446.863,249.838,171.804,-121.231,71.671,17.175,1230.949,0.7384,1.9555,1.3733
AMPH,Amphastar Pharmaceuticls Inc,Health Care,352020,NASDAQ,CA,2014-06-25,2025-12-31,1.976,719.887,321.818,177.824,85.844,220.245,163.55,26.681,98.094,0.0,34.882,156.115,1629.299,840.494,656.002,285.247,788.805,45.645,26.78,1222.373,-0.2787,0.4264,0.7168
ASTH,Astrana Health Inc,Health Care,351020,NASDAQ,CA,,2025-12-31,3.0,3181.769,2840.239,192.49,0.0,149.04,103.291,49.928,22.487,0.0,10.106,114.597,2218.661,1660.327,1078.13,429.589,779.291,48.885,24.81,1212.837,-0.2131,0.6852,0.5232
KMTS,Kestra Medical Technolog Ltd,Health Care,351010,NASDAQ,WA,2025-03-06,2026-04-30,0.443,95.126,37.554,178.208,19.484,-120.636,-129.345,7.546,-131.612,0.0,34.892,-81.703,358.465,98.807,46.791,196.434,259.658,58.384,20.72,1209.716,0.2143,0.6569,1.0903
IAUX,I-80 Gold Corp,Materials,151040,NYSE American,NV,2021-04-13,2025-12-31,0.133,95.193,81.961,108.116,,-94.884,-102.079,30.555,-198.847,0.0,9.623,-83.591,703.42,356.647,174.717,63.24,346.773,827.23,1.46,1207.756,2.0103,0.6758,0.4179
TNGX,Tango Therapeutics Inc,Health Care,352010,NASDAQ,MA,,2025-12-31,0.137,62.384,171.392,,132.165,-109.008,-111.289,0.0,-101.594,0.0,1.048,-138.886,398.69,52.511,33.57,343.566,346.179,135.94,8.86,1204.428,1.8673,1.0677,1.7121
RES,Rpc Inc,Energy,101010,NYSE,GA,,2025-12-31,2.893,1626.566,1232.882,174.039,,219.645,58.452,3.029,32.08,35.122,148.407,201.331,1468.385,369.214,77.386,209.974,1099.171,220.572,5.44,1199.912,-0.0552,0.4577,1.1753
ECO,Okeanis Eco Tanker,Energy,101020,NYSE,,,2025-12-31,0.014,391.549,171.373,16.204,,203.972,162.531,44.24,122.952,70.681,43.611,111.302,1200.645,627.554,605.101,118.036,573.091,35.434,33.84,1199.087,0.718,0.4373,0.5303
BFC,Bank First Corp,Financials,401010,NASDAQ,WI,,2025-12-31,0.38,242.835,71.307,50.324,,121.204,113.783,,71.496,52.501,11.444,62.482,4506.095,3862.259,123.552,243.207,643.836,9.835,121.82,1198.1,0.2874,0.2754,0.4953
PRLB,Proto Labs Inc,Industrials,201060,NYSE,MN,2012-02-24,2025-12-31,2.28,533.127,262.176,209.56,42.808,61.391,27.577,,21.241,0.0,14.842,74.504,763.415,89.483,3.047,128.123,673.932,23.627,50.59,1195.29,0.2942,0.3948,1.3114
DFIN,Donnelley Financial Soltns,Financials,402030,NYSE,PA,,2025-12-31,1.75,767.0,280.4,277.9,,208.7,149.4,14.0,32.4,0.0,57.1,164.9,800.4,421.2,181.6,24.5,379.2,25.6,46.69,1195.264,-0.2557,0.4635,0.9934
METC,Ramaco Resources Inc,Materials,151040,NASDAQ,KY,2017-02-03,2025-12-31,0.9,536.618,453.389,69.363,,13.866,-55.956,7.804,-51.446,3.718,83.042,1.969,1140.569,657.003,474.066,441.147,483.566,66.169,18.0,1191.042,0.7949,1.0473,0.6931
PHAT,Phathom Pharma Inc,Health Care,352020,NASDAQ,NJ,2019-10-25,2025-12-31,0.371,175.11,21.966,303.283,32.78,-150.139,-150.772,68.115,-221.247,0.0,0.229,-166.775,259.149,697.318,589.171,129.972,-438.169,71.419,16.59,1184.841,1.0431,1.293,1.4393
CRI,Carter'S Inc,Consumer Discretionary,252030,NYSE,GA,2003-10-24,2025-12-31,15.4,2916.528,1532.246,1153.028,,231.254,175.991,34.227,91.796,56.359,53.704,122.334,2565.47,1640.422,1212.122,508.81,925.048,36.426,32.43,1181.295,-0.3747,0.5769,1.3038
USPH,Us Physical Therapy Inc,Health Care,351020,NYSE,TX,1992-05-28,2025-12-31,7.294,780.99,601.259,75.417,0.0,104.314,81.923,9.459,39.583,27.362,14.071,75.058,1204.01,433.811,315.165,35.57,476.432,15.123,78.09,1180.955,-0.0988,0.347,0.7779
ECPG,Encore Capital Group Inc,Financials,402020,NASDAQ,CA,1999-06-30,2025-12-31,7.35,1773.757,602.709,510.686,,660.362,631.602,293.91,256.834,0.0,26.27,153.199,5339.8,4363.05,4066.731,156.784,976.75,21.688,54.35,1178.743,0.1377,0.5388,1.4735
WABC,Westamerica Bancorporation,Financials,401010,NASDAQ,CA,,2025-12-31,0.627,271.562,13.162,69.558,,188.842,186.173,,116.173,46.936,2.246,121.897,5960.18,5026.671,159.504,567.801,933.509,24.623,47.83,1177.718,-0.0535,0.2369,0.6185
UWMC,Uwm Holdings Corp,Financials,402010,NYSE,MI,,2025-12-31,9.1,2403.247,1575.904,,,827.343,777.299,530.794,27.38,89.824,74.048,-2647.557,16928.676,15335.047,14439.391,503.364,199.384,268.415,4.38,1175.658,-0.194,0.5197,0.8871
NEXA,Nexa Resources Sa,Materials,151040,NYSE,,2017-10-27,2025-12-31,5.612,3002.055,2004.933,250.449,,746.673,457.677,288.636,132.626,13.4,351.869,364.957,5274.917,3985.354,1827.118,521.558,1002.934,132.438,8.85,1172.076,0.0262,0.5134,0.6556
AESI,Atlas Energy Solutions Inc,Energy,101010,NYSE,TX,2023-03-09,2025-12-31,1.511,1095.31,784.495,122.618,,188.197,-0.809,59.37,-50.304,92.281,148.271,117.346,2228.428,1019.504,621.802,40.632,1208.924,124.111,9.42,1169.126,-0.5521,0.5866,1.4434
PRG,Prog Holdings Inc,Financials,402020,NYSE,UT,,2025-12-31,1.235,2409.223,587.124,,,1822.099,207.827,39.32,146.788,21.553,10.042,334.962,1610.408,863.991,602.124,308.774,746.417,39.576,29.49,1167.096,-0.2894,0.4914,1.0547
NUTX,Nutex Health Inc,Health Care,351020,NASDAQ,TX,,2025-12-31,0.944,875.257,410.446,168.656,,296.155,275.625,22.226,70.789,0.0,2.526,248.125,918.525,495.088,351.393,185.871,329.447,7.087,164.62,1166.662,4.1947,1.1773,1.476
BLFS,Biolife Solutions Inc,Health Care,352030,NASDAQ,WA,1989-11-22,2025-12-31,0.155,96.214,32.259,61.032,23.087,2.923,0.823,,-4.595,0.0,10.364,20.115,405.884,33.996,17.897,88.927,371.888,48.199,24.18,1165.452,-0.0686,0.496,1.3136
OBK,Origin Bancorp,Financials,401010,NYSE,LA,2018-05-09,2025-12-31,0.988,597.797,253.254,180.66,,163.883,147.075,,75.197,19.049,7.866,158.918,9724.722,8478.037,93.181,424.217,1246.685,30.952,37.61,1164.105,0.1486,0.2853,0.8196
AAT,American Assets Trust Inc,Real Estate,601010,NYSE,CA,2011-01-13,2025-12-31,0.232,440.532,296.907,37.841,0.0,,105.784,79.55,56.5,83.247,0.0,167.115,2921.276,1830.071,1706.384,129.362,1150.817,61.391,18.93,1162.132,-0.2291,0.2727,0.6858
EZPW,Ezcorp Inc  -Cl A,Financials,402020,NASDAQ,TX,1991-08-27,2025-09-30,8.5,1274.28,528.215,564.308,0.0,181.757,149.219,23.029,109.613,0.0,38.561,148.985,1951.209,925.724,765.256,470.049,1025.485,60.891,19.04,1159.365,0.5892,0.3085,0.2666
OCS,Oculis Holding Ag,Health Care,352020,NASDAQ,,2021-03-16,2025-12-31,0.06,1.512,103.824,,71.993,-102.312,-103.001,1.051,-124.8,0.0,0.38,-83.619,297.585,50.311,2.917,268.642,247.274,57.984,19.97,1157.94,0.1747,0.4341,0.6672
SPRY,Ars Pharmaceuticals Inc,Health Care,352010,NASDAQ,CA,2020-12-04,2025-12-31,0.163,84.278,262.359,,13.181,-178.081,-179.448,2.599,-171.298,0.0,0.339,-170.866,327.652,213.394,168.514,244.986,114.258,99.291,11.65,1156.74,0.1043,0.682,0.9701
CSTL,Castle Biosciences Inc,Health Care,351020,NASDAQ,TX,2019-07-25,2025-12-31,0.883,344.229,67.112,279.156,51.85,-2.039,-42.81,0.086,-24.158,0.0,36.021,64.347,578.556,107.683,37.015,299.505,470.873,29.686,38.9,1154.785,0.4597,0.6244,0.6137
PWP,Perella Weinberg Partners,Financials,402030,NASDAQ,NY,,2025-12-31,0.736,750.903,649.504,,,101.399,80.567,,35.477,23.56,4.313,34.789,797.637,536.897,186.066,257.05,-127.361,66.74,17.3,1154.602,-0.2643,0.4614,1.6232
UCTT,Ultra Clean Holdings Inc,Information Technology,453010,NASDAQ,CA,2004-03-25,2025-12-31,7.411,2054.0,1667.8,249.4,32.0,136.8,60.8,38.3,-181.2,0.0,50.3,65.6,1729.0,944.9,653.7,311.8,711.0,45.5,25.33,1152.515,-0.2954,0.692,2.2737
INBX,Inhibrx Biosciences Inc,Health Care,352010,NASDAQ,CA,,2025-12-31,0.11,1.3,133.842,,113.028,-132.542,-135.025,12.196,-140.055,0.0,0.031,-129.794,146.478,138.485,107.012,124.22,7.993,14.578,79.0,1151.662,4.1298,1.2096,1.0623
CMPR,Cimpress Plc,Industrials,202010,NASDAQ,,2005-09-30,2025-06-30,15.5,3403.079,1658.37,1363.684,65.003,381.025,237.298,115.231,14.952,0.0,89.024,298.07,1968.144,2531.59,1707.145,233.982,-583.49,24.477,47.0,1150.419,-0.0715,0.4779,0.9622
PFBC,Preferred Bank Los Angeles,Financials,401010,NASDAQ,CA,1998-04-07,2025-12-31,0.324,505.974,224.738,65.719,,215.517,213.769,,133.632,38.103,1.351,168.137,7601.165,6811.688,383.813,827.098,789.477,12.178,94.43,1149.969,0.1327,0.2672,0.7009
STAA,Staar Surgical Co,Health Care,351010,NASDAQ,CA,,2025-12-31,0.957,239.442,53.817,223.252,40.055,-37.627,-45.946,,-80.448,0.0,5.82,-34.23,451.678,107.494,38.353,187.536,344.184,49.403,23.09,1140.715,-0.0494,0.7196,0.6223
SAFT,Safety Insurance Group Inc,Financials,403010,NASDAQ,MA,2002-11-22,2025-12-31,0.568,1251.246,1128.741,,,122.505,115.727,1.53,99.255,53.952,2.508,194.498,2471.108,1578.797,61.861,81.352,892.311,14.632,77.91,1139.979,-0.0086,0.2107,0.2179
URGN,Urogen Pharma Ltd,Health Care,352010,NASDAQ,NJ,2017-05-04,2025-12-31,0.291,109.788,10.784,219.076,67.107,-120.072,-121.735,33.848,-153.494,0.0,0.289,-162.444,200.455,305.929,257.362,121.806,-105.474,48.35,23.42,1132.357,1.1991,1.1226,1.1056
AGRO,Adecoagro Sa,Consumer Staples,302020,NYSE,,2011-01-28,2025-12-31,10.283,1427.734,855.614,238.691,,333.429,61.961,113.297,-8.348,35.0,264.12,308.518,5248.798,3456.507,1949.611,472.976,1655.342,142.577,7.93,1130.636,-0.1234,0.3681,0.211
NVGS,Navigator Holdings Ltd,Energy,101020,NYSE,,,2025-12-31,0.175,586.961,275.892,36.353,,274.716,140.219,61.684,100.122,14.763,153.597,201.662,2279.114,1022.373,903.048,204.871,1226.84,65.25,17.32,1130.13,0.1443,0.3046,0.6804
SFL,Sfl Corp Ltd,Energy,101020,NYSE,,,2025-12-31,0.024,733.041,301.768,17.868,,413.405,178.407,190.658,-26.431,125.11,70.482,267.143,3638.143,2677.281,2566.476,154.975,960.862,144.563,7.81,1129.037,-0.1446,0.3589,0.7371
PDFS,Pdf Solutions Inc,Information Technology,453010,NASDAQ,CA,2001-07-27,2025-12-31,0.6,219.024,52.867,144.442,64.234,21.715,10.375,3.955,-0.64,0.0,32.631,24.053,418.697,147.675,72.819,44.358,271.022,39.541,28.53,1128.105,0.0535,0.5446,1.5508
IOVA,Iovance Biotherapeutics Inc,Health Care,352010,NASDAQ,CA,,2025-12-31,0.975,263.502,173.184,452.592,300.27,-362.274,-398.213,,-390.978,0.0,33.836,-302.408,913.17,214.587,49.444,296.98,698.581,411.938,2.73,1124.591,-0.6311,1.0606,1.499
CBL,Cbl & Associates Pptys Inc,Real Estate,601070,NYSE,TN,1993-10-27,2025-12-31,0.5,644.899,372.759,69.04,0.0,,203.1,176.48,135.967,77.095,0.0,249.68,2729.099,2364.425,2170.785,152.952,374.936,30.322,37.0,1121.914,0.374,0.293,0.8359
ROOT,Root Inc,Financials,403010,NASDAQ,OH,2020-10-28,2025-12-31,1.256,1517.1,1130.5,316.2,53.1,70.4,61.7,21.0,40.3,0.0,0.0,206.5,1674.5,1278.2,204.6,715.3,284.3,15.5,72.23,1119.565,-0.005,0.8264,1.9319
GIC,Global Industrial Co,Industrials,201070,NYSE,NY,1995-06-26,2025-12-31,1.98,1379.1,885.8,388.0,,105.3,97.6,,72.1,40.4,3.1,77.8,580.8,267.6,103.6,67.5,313.2,38.199,29.22,1116.175,0.2244,0.4381,0.6607
DEC,Diversified Energy Co,Energy,101020,NYSE,AL,,2025-12-31,1.987,1611.455,738.754,146.626,,726.075,264.962,217.429,341.115,85.005,662.045,464.619,6168.959,5173.969,3027.718,51.447,984.058,76.98,14.48,1114.67,-0.0671,0.4166,0.8351
REX,Rex American Resources Corp,Energy,101020,NYSE,OH,,2026-01-31,0.132,650.487,540.017,32.616,,77.854,61.09,0.171,82.951,0.0,68.439,117.829,797.731,95.726,21.269,375.782,610.712,32.938,33.81,1113.634,0.5505,0.3048,0.6655
ALX,Alexander'S Inc,Real Estate,601070,NYSE,NJ,,2025-12-31,0.103,213.183,141.437,6.555,0.0,65.191,65.191,51.624,28.224,92.425,0.0,73.444,1110.708,1001.552,850.746,192.225,109.156,5.107,217.94,1113.02,0.1839,0.2821,0.3986
ESRT,Empire State Realty Tr Inc,Real Estate,601040,NYSE,NY,2013-10-02,2025-12-31,0.642,777.018,559.779,72.21,0.0,,145.029,103.78,43.4,23.726,0.0,249.052,4468.961,2646.769,2399.675,166.511,1060.002,170.495,6.52,1111.627,-0.3568,0.3285,0.7981
THRM,Gentherm Inc,Consumer Discretionary,251010,NASDAQ,MI,1993-06-10,2025-12-31,14.174,1498.602,1083.499,254.472,94.759,160.631,107.704,13.811,18.285,0.0,55.673,116.791,1396.429,676.106,246.824,160.833,720.323,30.526,36.37,1110.231,-0.089,0.367,0.9437
WTTR,Select Water Solutions Inc,Energy,101010,NYSE,TX,2017-04-21,2025-12-31,3.3,1407.344,1030.449,150.314,,226.581,46.763,23.181,21.223,29.149,294.562,214.673,1595.612,668.545,354.524,18.084,805.454,104.885,10.52,1103.39,-0.1831,0.4781,1.2382
MLKN,Millerknoll Inc,Industrials,202010,NASDAQ,MI,,2026-05-31,10.544,3841.7,2227.0,1252.0,66.7,362.7,214.4,69.9,91.5,52.4,122.3,199.9,4000.5,2594.6,1801.5,167.7,1342.6,68.18,16.18,1103.152,-0.1575,0.4314,1.1001
TWO,Two Harbors Investment Corp,Financials,402040,NYSE,MN,2009-10-29,2025-12-31,0.486,710.215,198.216,,0.0,,511.999,645.298,-454.3,159.808,0.0,88.917,10859.217,9071.29,8557.182,1219.213,1186.46,104.806,10.5,1100.463,0.0276,0.3013,0.6966
XNCR,Xencor Inc,Health Care,352010,NASDAQ,CA,2013-12-03,2025-12-31,0.26,125.576,292.566,,239.434,-166.99,-177.502,31.927,-91.923,0.0,3.15,-135.117,875.495,239.908,187.747,547.733,635.587,71.872,15.31,1100.36,-0.3338,0.707,1.4642
HLIT,Harmonic Inc,Information Technology,452010,NASDAQ,CA,1995-05-22,2025-12-31,0.534,360.523,175.743,157.713,76.329,27.067,17.032,3.799,-43.31,0.0,11.08,107.966,718.483,335.237,133.181,124.461,383.246,111.186,9.89,1099.63,-0.2525,0.403,1.1553
CCO,Clear Channel Outdoor Hldgs,Communication Services,502010,NYSE,TX,2005-11-11,2025-12-31,1.9,1604.14,747.905,376.919,,479.316,304.364,395.649,19.939,0.0,82.879,114.86,3828.875,7223.243,6470.699,191.696,-3405.949,497.471,2.21,1099.411,0.6131,0.5943,1.6897
NVAX,Novavax Inc,Health Care,352010,NASDAQ,MD,1995-12-05,2025-12-31,0.749,1123.479,532.595,,342.32,590.884,563.271,22.547,440.302,0.0,5.56,-244.635,1176.512,1304.265,278.048,745.96,-127.753,162.576,6.72,1092.511,-0.1642,0.7438,1.2675
VRTS,Virtus Investment Ptnrs Inc,Financials,402030,NYSE,CT,1992-03-12,2025-12-31,0.801,852.865,622.418,,,230.447,170.678,162.379,138.396,65.719,6.89,-67.199,4291.2,3253.421,2843.01,498.276,934.043,6.695,163.15,1092.289,-0.2209,0.3377,1.0353
COHU,Cohu Inc,Information Technology,453010,NASDAQ,CA,,2025-12-31,2.857,452.956,245.039,217.294,92.213,-9.377,-60.062,2.054,-74.273,0.0,20.958,31.692,1242.982,457.443,330.87,483.981,785.539,46.845,23.27,1090.083,-0.1285,0.5117,1.6184
ECVT,Ecovyst Inc,Materials,151010,NYSE,PA,2017-09-29,2025-12-31,0.617,723.515,495.458,66.016,,162.041,83.444,35.867,-71.126,0.0,70.41,140.305,1260.978,657.538,430.742,197.193,603.44,111.805,9.73,1087.863,0.2736,0.4096,1.1465
SANA,Sana Biotchnology Inc,Health Care,352010,NASDAQ,WA,2021-02-04,2025-12-31,0.142,0.0,0.0,178.208,161.412,-178.208,-190.958,,-244.166,0.0,0.938,-143.828,416.89,256.006,86.262,142.577,160.884,266.732,4.07,1085.599,1.4969,1.9747,2.0242
CCOI,Cogent Communications Hldgs,Communication Services,501010,NASDAQ,DC,,2025-12-31,1.833,896.594,455.79,274.436,,166.368,-103.813,161.362,-182.174,150.063,187.569,-10.579,3099.784,3163.632,2661.617,205.112,-63.848,50.062,21.56,1079.337,-0.7017,0.6499,0.9849
ULCC,Frontier Grp Hold Inc,Industrials,203020,NASDAQ,CO,2021-04-01,2025-12-31,7.75,3724.0,3619.0,465.0,,-360.0,-451.0,46.0,-137.0,0.0,99.0,-525.0,7220.0,6729.0,5463.0,671.0,491.0,229.011,4.71,1078.642,-0.3376,0.8395,2.1472
RPC,Ridgepost Capital Inc,Financials,402030,NYSE,TX,2021-10-21,2025-12-31,0.326,297.346,203.176,,,94.17,68.472,27.344,19.501,16.354,5.107,22.988,928.302,524.843,402.885,28.886,351.363,109.603,9.81,1075.205,-0.2117,0.385,1.323
IGIC,International Gen Ins Hl Ltd,Financials,403010,NASDAQ,,,2025-12-31,0.484,516.879,299.915,94.323,,122.641,119.061,0.0,127.15,46.197,0.944,108.138,2100.789,1390.641,1.56,236.029,710.148,42.842,25.09,1074.906,0.1037,0.3142,0.6212
SLI,Standard Lithium Ltd,Materials,151040,NYSE American,BC,1999-09-24,2025-12-31,0.053,0.0,26.468,22.986,,-49.454,-50.376,0.033,-48.398,0.0,0.022,-12.646,386.516,32.558,0.257,153.474,353.958,239.706,4.47,1071.486,2.0616,0.7582,0.961
SCL,Stepan Co,Materials,151010,NYSE,IL,,2025-12-31,2.328,2332.114,1936.185,200.863,34.799,195.066,69.025,30.773,46.895,35.029,122.514,147.882,2357.702,1113.692,691.042,132.688,1244.01,22.624,47.36,1071.473,-0.2457,0.3398,0.9349
PEBO,Peoples Bancorp Inc/Oh,Financials,401010,NASDAQ,OH,,2025-12-31,1.454,619.184,201.238,179.708,,238.238,238.238,,106.778,52.062,6.026,134.726,9649.63,8443.028,744.335,188.951,1206.602,35.622,30.03,1069.729,0.0012,0.2492,0.673
VTOL,Bristow Group Inc,Energy,101010,NYSE,TX,,2025-12-31,3.66,1490.512,1090.882,174.121,,225.509,143.843,38.118,129.074,0.0,142.021,198.406,2311.261,1251.638,913.036,293.631,1059.705,29.177,36.62,1068.462,0.0676,0.3854,1.0398
TASK,Taskus Inc,Industrials,202020,NASDAQ,TX,2021-06-11,2025-12-31,65.5,1183.547,736.361,229.091,,218.095,156.948,18.385,102.275,0.0,63.5,137.215,1050.765,450.776,297.727,211.676,599.989,90.496,11.79,1066.948,-0.304,0.427,0.7357
SBGI,Sinclair Inc,Communication Services,502010,NASDAQ,MD,1995-06-06,2025-12-31,7.1,3169.0,1727.0,1039.0,,403.0,154.0,327.0,-112.0,69.0,74.0,189.0,5949.0,5579.0,4519.0,866.0,443.0,69.734,15.3,1066.93,0.0156,0.4972,0.9018
NEGG,Newegg Commerce Inc,Consumer Discretionary,255040,NASDAQ,CA,,2025-12-31,0.714,1444.468,1276.006,170.418,,-1.956,-9.547,1.009,-4.881,0.0,2.691,-26.973,468.907,308.199,63.25,108.648,160.708,20.973,50.76,1064.589,5.4027,2.0801,1.2336
PCRX,Pacira Biosciences Inc,Health Care,352020,NASDAQ,CA,2011-02-03,2025-12-31,0.829,726.411,114.993,487.851,143.178,123.567,38.044,17.595,7.034,0.0,15.333,151.994,1264.917,571.806,418.204,238.424,693.111,41.117,25.88,1064.108,0.3737,0.4102,0.2242
AMPX,Amprius Technologies Inc,Industrials,201040,NYSE,CA,2022-03-02,2025-12-31,0.109,73.011,60.381,32.386,9.43,-19.756,-24.122,0.0,-44.024,0.0,4.4,-31.134,156.891,53.076,39.872,90.665,103.815,134.537,7.89,1061.497,1.8179,1.1186,2.4743
NSSC,Napco Security Tech Inc,Information Technology,452030,NASDAQ,NY,,2025-06-30,1.061,181.621,78.315,53.147,12.581,50.159,47.883,,43.406,18.623,2.116,53.527,198.141,29.535,5.335,99.176,168.606,35.656,29.69,1058.627,0.1923,0.459,1.1098
ERAS,Erasca Inc,Health Care,352010,NASDAQ,CA,2021-07-16,2025-12-31,0.103,0.0,0.0,128.298,102.354,-128.298,-131.405,0.0,-124.546,0.0,0.128,-95.455,396.154,70.983,47.139,276.075,325.171,284.159,3.72,1057.071,0.4821,0.8689,1.1931
FSUN,Firstsun Cap Bancorp,Financials,401010,NASDAQ,CO,2022-08-03,2025-12-31,1.186,569.648,174.978,210.068,,184.602,173.942,,97.936,0.0,7.509,111.483,8485.162,7331.806,76.889,652.592,1153.356,27.887,37.635,1049.527,-0.0603,0.3438,0.6291
MMI,Marcus & Millichap Inc,Real Estate,602010,NYSE,CA,2013-10-31,2025-12-31,0.854,755.156,470.486,285.495,,-0.825,-12.923,0.773,-1.909,20.378,7.872,66.657,827.18,224.077,78.255,258.115,603.103,38.423,27.29,1048.564,-0.276,0.327,0.8082
CRCT,Cricut Inc,Consumer Discretionary,252010,NASDAQ,UT,2021-03-25,2025-12-31,0.7,708.78,294.249,294.398,66.522,120.133,96.033,0.567,76.705,72.745,24.417,200.23,580.806,237.245,11.624,275.65,343.561,211.336,4.95,1046.113,0.0054,0.5005,1.0099
NTLA,Intellia Therapeutics Inc,Health Care,352010,NASDAQ,MA,2016-05-06,2025-12-31,0.377,67.671,488.794,,388.861,-421.123,-430.89,0.0,-412.694,0.0,1.129,-394.736,842.127,170.733,93.329,449.884,671.394,116.317,8.99,1045.69,-0.229,1.0174,1.5067
TMP,Tompkins Financial Corp,Financials,401010,NYSE American,NY,,2025-12-31,0.87,390.704,143.877,155.962,,90.865,82.248,,161.071,36.067,6.921,38.87,8668.268,7729.891,687.727,132.817,938.377,14.345,72.52,1040.299,0.111,0.3089,0.9024
RDWR,Radware Ltd,Information Technology,451030,NASDAQ,,1999-09-30,2025-12-31,1.228,301.85,46.655,231.865,78.981,23.33,11.646,0.308,20.257,0.0,8.536,50.091,671.165,280.481,17.021,256.28,349.361,43.146,24.09,1039.387,0.0692,0.3193,0.8457
PDM,Piedmont Office Realty Trust,Real Estate,601040,NYSE,GA,,2025-12-31,0.14,565.729,454.962,30.587,0.0,,80.18,138.905,-83.62,15.536,0.0,140.565,4031.354,2534.651,2224.712,3.791,1495.201,124.519,8.34,1038.488,-0.0724,0.3737,0.9016
CIM,Chimera Investment Corp,Financials,402040,NYSE,NY,2007-11-16,2025-12-31,0.423,942.111,143.956,,0.0,,798.155,534.549,230.499,123.327,0.0,-248.879,15808.542,13235.848,13070.591,349.585,2572.322,83.402,12.43,1036.687,-0.0072,0.3061,0.8597
PAHC,Phibro Animal Health Corp,Health Care,352020,NASDAQ,NJ,2014-04-11,2025-06-30,2.475,1296.215,843.566,274.858,23.726,177.791,132.186,35.264,48.264,19.449,38.293,80.124,1360.9,1075.218,767.028,77.039,285.682,40.534,25.54,1035.238,0.8077,0.5122,1.1351
WLFC,Willis Lease Finance Corp,Industrials,201070,NASDAQ,FL,1996-09-18,2025-12-31,0.475,716.148,339.511,,0.0,376.637,263.587,132.06,113.758,8.72,555.661,283.235,3936.315,3210.777,2712.108,546.941,662.137,7.62,135.64,1033.577,-0.3414,0.4812,1.2075
OCFC,Oceanfirst Financial Corp,Financials,401010,NASDAQ,NJ,1996-07-03,2025-12-31,0.954,687.155,298.402,185.824,,202.929,188.515,,70.978,46.239,7.7,87.211,14564.317,12901.767,1725.883,135.13,1662.55,57.391,17.95,1030.168,0.0388,0.3104,0.897
ABCL,Abcellera Biologics Inc,Health Care,352030,NASDAQ,BC,2020-12-11,2025-12-31,0.562,75.128,270.06,,186.829,-194.932,-217.103,0.0,-146.412,0.0,42.772,-131.295,1356.95,390.046,143.218,560.326,966.904,300.601,3.42,1028.055,0.1672,0.7721,1.4935
GLUE,Monte Rosa Therapeutics Inc,Health Care,352010,NASDAQ,MA,2021-06-24,2025-12-31,0.15,123.672,169.524,,141.5,-45.852,-54.208,0.0,-38.626,0.0,4.7,-22.798,448.659,215.603,39.191,377.104,233.056,65.544,15.68,1027.73,1.2594,0.885,1.0353
MUX,Mcewen Inc,Materials,151040,NYSE,ON,,2025-12-31,1.981,197.553,130.721,48.891,,17.941,-12.925,,34.434,0.0,44.639,6.865,820.218,273.981,128.182,72.129,546.237,55.517,18.51,1027.62,1.3792,0.5975,0.7437
KRUS,Kura Sushi Usa Inc,Consumer Discretionary,253010,NASDAQ,CA,2019-08-01,2025-08-31,3.9,282.763,235.731,35.433,0.0,11.599,-2.447,0.07,-1.904,0.0,46.15,24.711,430.942,199.872,170.015,62.462,231.07,12.111,84.805,1027.073,-0.4223,0.7016,1.9521
OSBC,Old Second Bancorp Inc/Il,Financials,401010,NASDAQ,IL,,2025-12-31,1.062,401.113,89.77,143.716,,167.627,156.935,,80.31,12.244,4.505,122.264,6902.675,6005.907,338.92,124.025,896.768,52.669,19.5,1027.046,0.1125,0.2728,0.7997
SENEA,Seneca Foods Corp,Consumer Staples,302020,NASDAQ,NY,,2026-03-31,2.995,1659.675,1385.135,83.097,,191.443,148.117,19.89,114.674,0.0,44.323,224.506,1247.758,491.528,297.009,49.919,755.899,6.78,151.12,1024.594,0.3958,0.29,0.1388
CTBI,Community Trust Bancorp Inc,Financials,401010,NASDAQ,KY,,2025-12-31,0.93,409.336,139.177,98.725,,171.434,167.296,,98.058,36.031,7.603,104.991,6684.138,5828.066,389.793,363.929,856.072,18.116,56.5,1023.554,0.105,0.2516,0.634
ALMS,Alumis Inc,Health Care,352020,NASDAQ,CA,2024-06-28,2025-12-31,0.224,24.05,459.658,,385.998,-435.608,-439.104,,-243.325,0.0,0.653,-369.523,411.94,110.643,36.914,308.583,301.297,104.707,9.76,1021.94,0.2417,1.0994,0.7579
ALIT,Alight Inc,Industrials,202020,NYSE,IL,2020-05-27,2025-12-31,9.5,2262.0,1386.0,380.0,,496.0,89.0,92.0,-3097.0,86.0,110.0,360.0,4568.0,3522.0,2119.0,273.0,1044.0,523.942,1.95,1021.687,-0.7066,0.476,1.4024
UPBD,Upbound Group Inc,Consumer Discretionary,255040,NASDAQ,TX,1995-01-25,2025-12-31,12.05,4695.061,960.534,1864.407,,1870.12,355.343,112.98,73.242,90.753,66.863,305.571,3276.081,2580.341,1856.682,120.528,695.74,57.936,17.56,1017.356,-0.3544,0.5039,1.2109
PLPC,Preformed Line Products Co,Industrials,201040,NASDAQ,OH,,2025-12-31,3.734,669.338,437.399,150.874,23.687,81.065,57.665,1.303,35.283,4.102,40.132,73.467,653.621,178.07,47.144,83.389,475.518,4.908,206.71,1014.533,0.626,0.4378,1.0325
ASM,Avino Silver & Gold Mins Ltd,Materials,151040,NYSE American,BC,,2025-12-31,0.305,92.227,40.111,12.252,,39.864,35.915,0.316,26.643,0.0,26.875,27.423,279.032,45.002,6.014,101.724,234.03,162.295,6.21,1007.852,6.0488,0.7671,1.2512
NPKI,Npk International Inc,Industrials,201070,NYSE,TX,,2025-12-31,0.51,277.043,152.758,49.716,,74.569,49.032,1.813,38.939,0.0,46.671,72.988,441.758,90.602,29.181,5.14,351.156,84.518,11.92,1007.455,0.5541,0.4655,1.2961
WGO,Winnebago Industries,Consumer Discretionary,251020,NYSE,MN,,2025-08-31,5.3,2798.2,2394.6,285.8,,117.8,57.2,25.9,25.7,39.0,39.4,128.9,2154.4,929.7,595.4,174.0,1224.7,28.0,35.98,1007.44,-0.1183,0.5813,1.2612
DLX,Deluxe Corp,Industrials,202010,NYSE,MN,,2025-12-31,4.571,2133.2,863.4,873.3,,396.5,258.6,122.0,82.1,55.4,95.3,270.6,2863.6,2182.9,1508.8,36.9,680.4,45.0,22.33,1004.85,0.0575,0.4221,0.8826
CRON,Cronos Group Inc,Health Care,352020,NASDAQ,ON,,2025-12-31,0.61,146.587,71.199,72.328,4.449,3.06,-11.171,,-9.447,0.0,25.717,25.866,1197.14,54.181,1.509,831.794,1093.897,381.593,2.63,1003.59,0.302,0.4752,0.6808
MDXG,Mimedx Group Inc,Health Care,352010,NASDAQ,GA,,2025-12-31,0.808,418.63,59.538,278.516,15.097,80.576,65.695,1.783,48.578,0.0,1.033,74.003,342.653,86.105,22.532,166.121,256.548,148.094,6.77,1002.596,-0.2963,0.3952,0.7424
BBOT,Bridgebio Onclgy Thrptcs Inc,Health Care,352010,NASDAQ,CA,2024-02-09,2025-12-31,0.092,0.0,0.0,134.739,121.199,-134.739,-135.019,0.0,-134.044,0.0,0.606,-113.894,448.381,37.285,2.766,425.46,411.096,79.992,12.52,1001.5,0.1924,0.5047,0.182
RPD,Rapid7 Inc,Information Technology,451030,NASDAQ,MA,2015-07-17,2025-12-31,2.613,859.794,218.981,583.276,190.66,57.537,12.101,10.436,23.381,0.0,7.599,153.827,1726.464,1571.734,968.368,474.67,154.73,65.847,15.2,1000.874,-0.6222,0.4587,1.1106
