gvkey,tic,conm,fyear,sale,cogs,xsga,oiadp,ni,at
002968,JPM,JPMORGAN CHASE & CO,2024,278803.0,112028.0,56383.0,102454.0,58471.0,4002814.0
007647,BAC,BANK OF AMERICA CORP,2024,192434.0,96368.0,47471.0,46406.0,27132.0,3261519.0
003243,C,CITIGROUP INC,2024,170731.0,99379.0,,67041.0,12682.0,2352945.0
008007,WFC,WELLS FARGO & CO,2024,125397.0,47435.0,38781.0,39181.0,19722.0,1929845.0
114628,GS,GOLDMAN SACHS GROUP INC,2024,126853.0,52934.0,,71841.0,14276.0,1675972.0
144496,UBS,UBS GROUP AG,2024,84518.0,34070.0,,47080.0,5085.0,1565028.0
015576,DB,DEUTSCHE BANK AG,2024,67646.29,36924.424,13826.6,16895.266,4495.327,1440153.992
012124,MS,MORGAN STANLEY,2024,107285.0,49372.0,,52752.0,13390.0,1215071.0
002176,BRK.B,BERKSHIRE HATHAWAY,2024,424232.0,297006.0,,114371.0,88995.0,1153881.0
143356,PRU,PRUDENTIAL FINANCIAL INC,2024,70348.0,53854.0,11003.0,5108.0,2727.0,735587.0
004723,USB,US BANCORP,2024,42712.0,17615.0,11800.0,12358.0,6299.0,678318.0
133768,MET,METLIFE INC,2024,70986.0,58991.0,4688.0,6675.0,4426.0,677457.0
064768,AMZN,AMAZON.COM INC,2024,637959.0,294221.0,242315.0,69438.0,59248.0,624894.0
008245,PNC,PNC FINANCIAL SVCS GROUP INC,2024,34440.0,13674.0,9783.0,9932.0,5889.0,560038.0
011856,TFC,TRUIST FINANCIAL CORP,2024,24253.0,12845.0,7535.0,2894.0,4818.0,531176.0
012141,MSFT,MICROSOFT CORP,2024,245122.0,54114.0,61575.0,109433.0,88136.0,512163.0
002369,BN,BROOKFIELD CORP,2024,87253.0,53243.0,5008.0,19241.0,641.0,490424.0
030990,COF,CAPITAL ONE FINANCIAL CORP,2024,53965.0,42342.0,,10446.0,4750.0,490144.0
013988,SCHW,SCHWAB (CHARLES) CORP,2024,25999.0,13624.0,,10959.0,5942.0,479843.0
004503,XOM,EXXONMOBIL HOLDINGS CORP,2024,339247.0,265351.0,10802.0,39652.0,33680.0,453475.0
160329,GOOGL,ALPHABET INC,2024,350018.0,130842.0,90759.0,113106.0,100118.0,450256.0
002019,BNY,BANK OF NEW YORK MELLON CORP,2024,39914.0,21365.0,7667.0,9079.0,4530.0,416064.0
009899,T,AT&T INC,2024,122336.0,49221.0,28288.0,24247.0,10948.0,394795.0
006742,LNC,LINCOLN NATIONAL CORP,2024,17541.0,13743.0,,3798.0,3275.0,390831.0
041084,CRBG,COREBRIDGE FINANCIAL INC,2024,18781.0,15476.0,,3112.0,2230.0,389397.0
002136,VZ,VERIZON COMMUNICATIONS INC,2024,134788.0,53908.0,33822.0,29166.0,17506.0,384711.0
184254,APO,APOLLO GLOBAL MGMT INC,2024,26114.0,17964.0,,7645.0,4577.0,377895.0
001690,AAPL,APPLE INC,2024,391035.0,202152.0,57467.0,123216.0,93736.0,364980.0
179741,KKR,KKR & CO INC,2024,29880.438,20535.6,,9166.347,3076.245,360099.411
010035,STT,STATE STREET CORP,2024,21973.0,9129.0,5134.0,6656.0,2687.0,353240.0
039561,JXN,JACKSON FINANCIAL INC,2024,3419.0,1028.0,1120.0,1271.0,946.0,338450.0
145701,PFG,PRINCIPAL FINANCIAL GRP INC,2024,15822.6,13710.8,,1925.1,1571.0,313663.6
010903,UNH,UNITEDHEALTH GROUP INC,2024,400278.0,310879.0,53013.0,32287.0,14405.0,298278.0
032767,EQH,EQUITABLE HOLDINGS INC,2024,12355.0,10086.0,,2170.0,1307.0,295866.0
004839,F,FORD MOTOR CO,2024,184992.0,152196.0,11227.0,14002.0,5879.0,285196.0
005073,GM,GENERAL MOTORS CO,2024,187442.0,145495.0,9421.0,21114.0,6008.0,279761.0
170617,META,META PLATFORMS INC,2024,164501.0,14632.0,64752.0,69619.0,62360.0,276054.0
001447,AXP,AMERICAN EXPRESS CO,2024,74201.0,55463.0,,17062.0,10129.0,271461.0
003226,CMCSA,COMCAST CORP,2024,123731.0,85625.0,,23305.0,16192.0,266211.0
011259,WMT,WALMART INC,2024,678338.0,498780.0,139728.0,26857.0,19436.0,260823.0
002991,CVX,CHEVRON CORP,2024,193414.0,150680.0,5555.0,19897.0,17661.0,256938.0
007241,CVS,CVS HEALTH CORP,2024,372809.0,318836.0,39308.0,10068.0,4614.0,253215.0
028034,CB,CHUBB LTD,2024,56513.0,44562.0,,11951.0,9272.0,246548.0
031774,BHF,BRIGHTHOUSE FINANL INC,2024,4256.0,4109.0,,106.0,388.0,238537.0
004690,FCNCA,FIRST CITIZENS BANCSH  -CL A,2024,14970.0,5641.0,3824.0,5505.0,2777.0,223720.0
021825,CFG,CITIZENS FINANCIAL GROUP INC,2024,12347.0,5240.0,3039.0,4068.0,1509.0,217521.0
101276,STLA,STELLANTIS NV,2024,162417.77,133694.059,15615.62,5626.922,5666.266,214938.143
008530,PFE,PFIZER INC,2024,62856.0,15990.0,25373.0,14480.0,8031.0,213396.0
004640,FITB,FIFTH THIRD BANCORP,2024,13270.0,5326.0,3255.0,4348.0,2314.0,212927.0
004699,MTB,M&T BANK CORP,2024,13453.0,4784.0,3674.0,4487.0,2588.0,208105.0
017874,TMUS,T-MOBILE US INC,2024,81400.0,29330.0,20792.0,18359.0,11339.0,208035.0
005786,HBAN,HUNTINGTON BANCSHARES,2024,11961.0,4996.0,3187.0,3156.0,1940.0,204230.0
006008,INTC,INTEL CORP,2024,53101.0,24566.0,21864.0,-4708.0,-18756.0,196485.0
003980,DIS,DISNEY (WALT) CO,2024,91361.0,58698.0,15759.0,11914.0,4972.0,196219.0
005072,ALLY,ALLY FINANCIAL INC,2024,16369.0,13208.0,,2050.0,668.0,191836.0
004517,NEE,NEXTERA ENERGY INC,2024,24753.0,11812.0,,7479.0,6946.0,190144.0
009783,KEY,KEYCORP,2024,9236.0,4997.0,3123.0,1116.0,-161.0,187168.0
004093,DUK,DUKE ENERGY CORP,2024,30403.0,16610.0,,8000.0,4524.0,186343.0
164708,AMP,AMERIPRISE FINANCIAL INC,2024,17926.0,9229.0,3903.0,4596.0,3401.0,181403.0
006266,JNJ,JOHNSON & JOHNSON,2024,88821.0,19646.0,39887.0,21949.0,14066.0,180104.0
012142,ORCL,ORACLE CORP,2024,57399.0,13060.0,20214.0,17951.0,12443.0,168361.0
180711,AVGO,BROADCOM INC,2024,51574.0,12186.0,13729.0,15799.0,5895.0,165645.0
016384,VOYA,VOYA FINANCIAL INC,2024,8050.0,6839.0,,1115.0,667.0,163889.0
010983,RTX,RTX CORP,2024,80808.0,60648.0,8583.0,7577.0,4774.0,162861.0
001487,AIG,AMERICAN INTERNATIONAL GROUP,2024,27004.0,19122.0,,4285.0,-1404.0,161322.0
004674,RF,REGIONS FINANCIAL CORP,2024,9373.0,2777.0,3213.0,3383.0,1893.0,157302.0
002285,BA,BOEING CO,2024,66960.0,66727.0,8833.0,-10172.0,-11817.0,156363.0
002547,CI,CIGNA GROUP (THE),2024,244362.0,220085.0,14569.0,6933.0,3434.0,155881.0
007982,NTRS,NORTHERN TRUST CORP,2024,15807.5,7582.2,3105.7,4402.8,2031.1,155508.4
176701,IBKR,INTERACTIVE BROKERS GROUP,2024,9390.0,1055.0,274.0,7994.0,755.0,150142.0
126136,CHTR,CHARTER COMMUNICATIONS INC,2024,55085.0,33167.0,,13245.0,5083.0,150020.0
009850,SO,SOUTHERN CO,2024,26724.0,14922.0,,7047.0,4401.0,145180.0
039128,BNT,BROOKFIELD WEALTH SOLUTIONS,2024,14103.0,10383.0,937.0,1895.0,1214.0,139953.0
163610,ICE,INTERCONTINENTAL EXCHANGE,2024,11761.0,4502.0,1299.0,4426.0,2754.0,139428.0
124434,BLK,BLACKROCK INC,2024,20407.0,12218.0,,7678.0,6369.0,138615.0
149070,CME,CME GROUP INC,2024,6130.1,1848.5,,3944.8,3525.8,137447.0
006066,IBM,INTL BUSINESS MACHINES CORP,2024,62753.0,24205.0,26008.0,8773.0,6023.0,137175.0
016101,ABBV,ABBVIE INC,2024,56334.0,8293.0,21345.0,18310.0,4278.0,135161.0
008264,PCG,PG&E CORP,2024,24419.0,15212.0,,5018.0,2512.0,133660.0
062689,TRV,TRAVELERS COS INC,2024,46129.0,34032.0,5104.0,6278.0,4999.0,133189.0
020779,CSCO,CISCO SYSTEMS INC,2024,53803.0,17175.0,21068.0,13207.0,10320.0,124413.0
005047,GE,GE AEROSPACE,2024,38419.0,25525.0,5204.0,6506.0,6556.0,123140.0
008549,COP,CONOCOPHILLIPS,2024,54745.0,30850.0,962.0,12923.0,9245.0,122780.0
008762,PG,PROCTER & GAMBLE CO,2024,84039.0,37704.0,23150.0,20289.0,14879.0,122370.0
184996,TSLA,TESLA INC,2024,97690.0,74872.0,9690.0,7760.0,7091.0,122070.0
020686,SYF,SYNCHRONY FINANCIAL,2024,23046.0,18124.0,,4441.0,3499.0,119463.0
028216,RGA,REINSURANCE GROUP AMER INC,2024,22011.0,20777.0,,1188.0,717.0,118675.0
001449,AFL,AFLAC INC,2024,17436.0,12255.0,,5141.0,5443.0,117566.0
007257,MRK,MERCK & CO INC,2024,64168.0,10453.0,25914.0,23556.0,17117.0,117106.0
145046,ELV,ELEVANCE HEALTH INC,2024,176810.0,146403.0,18586.0,10327.0,5980.0,116889.0
028349,ALL,ALLSTATE CORP,2024,64106.0,57325.0,,6185.0,4667.0,111617.0
117768,NVDA,NVIDIA CORP,2024,130497.0,30775.0,16405.0,81453.0,72880.0,111601.0
008539,EXC,EXELON CORP,2024,23028.0,15055.0,,4379.0,2460.0,107784.0
003835,DE,DEERE & CO,2024,51659.0,30207.0,6959.0,12375.0,7100.0,107320.0
013341,PGR,PROGRESSIVE CORP-OHIO,2024,75343.0,64067.0,,10992.0,8480.0,105745.0
164296,WBD,WARNER BROS DISCOVERY INC,2024,39321.0,21831.0,9054.0,1399.0,-11311.0,104560.0
065556,NLY,ANNALY CAPITAL MANAGEMENT,2024,4335.299,220.825,,4114.474,1001.906,103556.384
001440,AEP,AMERICAN ELECTRIC POWER CO,2024,19721.3,11754.3,,4677.1,2967.1,103078.0
157855,CRM,SALESFORCE INC,2024,37895.0,6893.0,20685.0,7666.0,6197.0,102928.0
004029,D,DOMINION ENERGY INC,2024,14459.0,8768.0,,3346.0,2124.0,102415.0
003144,KO,COCA-COLA CO,2024,47061.0,17249.0,14617.0,14120.0,10631.0,100549.0
029282,FLG,FLAGSTAR BANK NA,2024,6426.0,4893.0,1474.0,-125.0,-1118.0,100160.0
008479,PEP,PEPSICO INC,2024,91854.0,38416.0,35914.0,14505.0,9578.0,99467.0
010530,TMO,THERMO FISHER SCIENTIFIC INC,2024,42879.0,23615.0,8394.0,7762.0,6335.0,97321.0
008272,SRE,SEMPRA ENERGY,2024,13185.0,7786.0,,2962.0,2862.0,96155.0
005680,HD,HOME DEPOT INC,2024,159514.0,105532.0,28748.0,21526.0,14806.0,96119.0
165264,FNF,FIDELITY NATIONAL FINANCIAL,2024,13681.0,11287.0,,1994.0,1270.0,95372.0
029984,PLD,PROLOGIS INC,2024,8642.964,4684.804,418.765,3539.395,3731.635,95328.909
179534,V,VISA INC,2024,35926.0,10725.0,,24167.0,19743.0,94511.0
002403,BMY,BRISTOL-MYERS SQUIBB CO,2024,48300.0,11246.0,17774.0,9705.0,-8948.0,92603.0
001602,AMGN,AMGEN INC,2024,33424.0,4964.0,13060.0,9906.0,4090.0,91839.0
007228,MDT,MEDTRONIC PLC,2024,33627.0,10477.0,13496.0,6793.0,4662.0,91680.0
065248,MT,ARCELORMITTAL,2024,62441.0,53689.0,2680.0,3440.0,1339.0,89385.0
011687,ZION,ZIONS BANCORPORATION NA,2024,4993.0,1935.0,1448.0,1486.0,784.0,88775.0
005568,KHC,KRAFT HEINZ CO,2024,25846.0,15922.0,3597.0,5379.0,2744.0,88287.0
179889,AGNC,AGNC INVESTMENT CORP,2024,1876.0,110.0,,1766.0,863.0,88015.0
002817,CAT,CATERPILLAR INC,2024,64809.0,38644.0,8774.0,15232.0,10792.0,87764.0
004598,FDX,FEDEX CORP,2024,87926.0,64667.0,12875.0,6120.0,4092.0,87627.0
158354,GNW,GENWORTH FINANCIAL INC,2024,7295.0,6537.0,,724.0,299.0,86871.0
009846,EIX,EDISON INTERNATIONAL,2024,17599.0,11094.0,,3639.0,1546.0,85579.0
008068,OXY,OCCIDENTAL PETROLEUM CORP,2024,26725.0,10843.0,1337.0,6840.0,3056.0,85445.0
027215,FG,F&G ANNUITIES & LIFE INC,2024,5421.0,4566.0,,606.0,639.0,85040.0
008898,RJF,RAYMOND JAMES FINANCIAL INC,2024,14923.0,11726.0,,3018.0,2068.0,82992.0
145552,CNC,CENTENE CORP,2024,163071.0,146242.0,12305.0,3283.0,3305.0,82445.0
004737,FHN,FIRST HORIZON CORP,2024,5031.0,1991.0,1309.0,1632.0,775.0,82152.0
006781,L,LOEWS CORP,2024,17239.0,14302.0,,2353.0,1414.0,81943.0
024616,PYPL,PAYPAL HOLDINGS INC,2024,31797.0,16433.0,8569.0,5763.0,4147.0,81611.0
001078,ABT,ABBOTT LABORATORIES,2024,41950.0,17239.0,14439.0,7054.0,13402.0,81414.0
163920,WAL,WESTERN ALLIANCE BANCORP,2024,5084.3,2068.1,704.2,2217.6,787.7,80934.0
061739,HIG,HARTFORD INSURANCE GROUP INC,2024,26432.0,22121.0,,3955.0,3111.0,80917.0
025124,LIN,LINDE PLC,2024,33005.0,17143.0,3487.0,8595.0,6565.0,80147.0
014489,DELL,DELL TECHNOLOGIES INC,2024,95567.0,71468.0,14046.0,6930.0,4592.0,79746.0
003231,CMA,COMERICA INC,2024,4993.0,1798.0,1585.0,1514.0,698.0,79297.0
017150,WBS,WEBSTER FINANCIAL CORP,2024,4179.185,1810.899,1029.972,1266.783,768.707,79025.073
186989,MPC,MARATHON PETROLEUM CORP,2024,138864.0,127058.0,3221.0,5248.0,3445.0,78858.0
006730,LLY,LILLY (ELI) & CO,2024,45042.7,6807.4,19509.4,17115.0,10590.0,78714.9
003735,DHR,DANAHER CORP,2024,23875.0,8923.0,7391.0,5209.0,3899.0,77542.0
012635,FISV,FISERV INC,2024,20456.0,5124.0,6564.0,5879.0,3131.0,77176.0
118042,EWBC,EAST WEST BANCORP INC,2024,4528.414,2088.48,615.133,1626.354,1165.586,75976.475
003851,DAL,DELTA AIR LINES INC,2024,61643.0,48190.0,4945.0,5995.0,3457.0,75372.0
001300,HON,HONEYWELL INTERNATIONAL INC,2024,38498.0,22750.0,6954.0,7708.0,5705.0,75196.0
007171,MCK,MCKESSON CORP,2024,359051.0,345704.0,7540.0,5171.0,3295.0,75140.0
010795,UAL,UNITED AIRLINES HOLDINGS INC,2024,57063.0,39874.0,9053.0,5208.0,3149.0,74083.0
002002,BPOP,POPULAR INC,2024,4332.172,1647.917,965.305,1658.934,614.212,73045.383
170841,PSX,PHILLIPS 66,2024,143153.0,136182.0,2187.0,2381.0,2117.0,72582.0
176092,AER,AERCAP HOLDINGS NV,2024,7041.48,810.358,488.916,3162.169,2098.632,71441.976
006310,KMI,KINDER MORGAN INC,2024,15100.0,8454.0,,4292.0,2613.0,71407.0
026156,HPE,HEWLETT PACKARD ENTERPRISE,2024,30127.0,17986.0,7091.0,2486.0,2579.0,71262.0
061302,ACGL,ARCH CAPITAL GROUP LTD,2024,16860.0,12465.0,435.0,3960.0,4312.0,70906.0
003413,ED,CONSOLIDATED EDISON INC,2024,15256.0,10369.0,,2732.0,1820.0,70562.0
010920,UPS,UNITED PARCEL SERVICE INC,2024,91070.0,78615.0,,8846.0,5782.0,70070.0
007977,XEL,XCEL ENERGY INC,2024,13441.0,8311.0,,2386.0,1936.0,70035.0
029028,COST,COSTCO WHOLESALE CORP,2024,254453.0,220121.0,22810.0,9285.0,7367.0,69831.0
007343,MU,MICRON TECHNOLOGY INC,2024,25111.0,11716.0,4559.0,1054.0,778.0,69416.0
001161,AMD,ADVANCED MICRO DEVICES,2024,25785.0,11594.0,9053.0,2290.0,1641.0,69226.0
030822,O,REALTY INCOME CORP,2024,5302.541,3199.152,176.895,1926.494,860.772,68835.039
142953,MDLZ,MONDELEZ INTERNATIONAL INC,2024,36441.0,21182.0,7692.0,6460.0,4611.0,68497.0
061452,BAP,CREDICORP LTD,2024,7283.809,2458.72,1239.873,3431.459,1458.558,67897.357
010867,UNP,UNION PACIFIC CORP,2024,24250.0,12099.0,,9716.0,6747.0,67715.0
170750,FANG,DIAMONDBACK ENERGY INC,2024,11066.0,3303.0,213.0,4700.0,3338.0,67292.0
031673,COR,CENCORA INC,2024,293958.599,284145.687,5661.106,3040.132,1509.12,67101.667
002558,CNA,CNA FINANCIAL CORP,2024,13999.0,12488.0,,1444.0,959.0,66492.0
063781,WTFC,WINTRUST FINANCIAL CORP,2024,3945.922,1616.109,1019.115,1310.698,695.045,64879.668
007366,ETR,ENTERGY CORP,2024,11879.653,6916.315,,2730.09,1073.909,64790.032
006682,JEF,JEFFERIES FINANCIAL GRP INC,2024,10515.069,5808.657,,4485.812,743.383,64360.309
004973,AJG,ARTHUR J GALLAGHER & CO,2024,11554.9,8037.8,,2694.2,1462.7,64255.2
008151,OKE,ONEOK INC,2024,21698.0,15807.0,,4757.0,3035.0,64069.0
183388,STWD,STARWOOD PROPERTY TRUST INC,2024,2062.08,633.379,,1428.701,359.933,62556.497
011861,VLY,VALLEY NATIONAL BANCORP,2024,3571.035,2037.619,658.68,795.902,380.271,62491.691
012726,UNM,UNUM GROUP,2024,12891.8,10297.3,,2472.2,1779.1,61959.3
012909,MKL,MARKEL GROUP INC,2024,16562.063,12604.604,,3653.862,2747.022,61897.982
179621,PM,PHILIP MORRIS INTERNATIONAL,2024,37878.0,11542.0,10696.0,13853.0,7057.0,61784.0
001045,AAL,AMERICAN AIRLINES GROUP INC,2024,54211.0,40501.0,8241.0,3224.0,846.0,61783.0
105365,AMT,AMERICAN TOWER CORP,2024,10127.2,2644.8,933.4,4520.2,2255.0,61077.4
179202,ECHO,ECHOSTAR CORP,2024,15825.516,11772.577,2426.816,-304.07,-119.546,60938.687
007163,SPGI,S&P GLOBAL INC,2024,14208.0,4391.0,2863.0,5781.0,3852.0,60221.0
015247,VLO,VALERO ENERGY CORP,2024,123974.0,117314.0,976.0,3784.0,2770.0,60143.0
007970,ES,EVERSOURCE ENERGY,2024,11900.809,7761.597,,2705.709,811.653,59594.529
022260,HCA,HCA HEALTHCARE INC,2024,70603.0,56323.0,421.0,10547.0,5760.0,59513.0
024856,GILD,GILEAD SCIENCES INC,2024,28754.0,3484.0,11636.0,10867.0,480.0,58995.0
003813,TGT,TARGET CORP,2024,106566.0,76050.0,21969.0,5566.0,4091.0,57769.0
034443,DOW,DOW INC,2024,42964.0,36036.0,2345.0,2210.0,1116.0,57312.0
002111,BDX,BECTON DICKINSON & CO,2024,20245.0,8866.0,5986.0,3249.0,1705.0,57286.0
007065,MRSH,MARSH,2024,24458.0,17485.0,,6227.0,4060.0,56481.0
007881,NEM,NEWMONT CORP,2024,18682.0,9000.0,905.0,5873.0,3348.0,56349.0
061388,EG,EVEREST GROUP LTD,2024,17008.0,15639.0,,1369.0,1373.0,56341.0
035881,XP,XP INC,2024,2753.576,818.599,998.092,893.987,729.735,56177.337
143357,ACN,ACCENTURE PLC,2024,64896.464,42656.15,11128.03,10034.287,7264.787,55932.363
005046,GD,GENERAL DYNAMICS CORP,2024,47716.0,39466.0,2568.0,4796.0,3782.0,55880.0
006774,LMT,LOCKHEED MARTIN CORP,2024,71043.0,62467.0,,7017.0,5336.0,55617.0
007154,MCD,MCDONALD'S CORP,2024,25920.0,10158.0,2412.0,11850.0,8223.0,55182.0
024800,QCOM,QUALCOMM INC,2024,38962.0,15354.0,11639.0,10263.0,10142.0,55154.0
014590,FCX,FREEPORT-MCMORAN INC,2024,25455.0,14962.0,669.0,6961.0,1889.0,54848.0
008810,PEG,PUBLIC SERVICE ENTRP GRP INC,2024,10290.0,6755.0,,2353.0,1772.0,54640.0
011506,WMB,WILLIAMS COS INC,2024,10503.0,4297.0,651.0,3336.0,2225.0,54532.0
001891,ADP,AUTOMATIC DATA PROCESSING,2024,19202.6,9914.8,3778.9,4947.0,3752.0,54362.7
147579,NFLX,NETFLIX INC,2024,39000.966,20709.55,7544.888,10417.614,8711.631,53630.374
017095,ONB,OLD NATIONAL BANCORP,2024,2956.348,1181.487,750.112,959.117,539.188,53552.272
028877,KDP,KEURIG DR PEPPER INC,2024,15351.0,6569.0,4602.0,3625.0,1441.0,53430.0
001722,ADM,ARCHER-DANIELS-MIDLAND CO,2024,85530.0,78637.0,3699.0,2053.0,1800.0,53271.0
040614,CEG,CONSTELLATION ENE CORP,2024,23568.0,18073.0,,4372.0,3749.0,52926.0
006502,KR,KROGER CO,2024,147123.0,113720.0,25621.0,4536.0,2665.0,52616.0
139025,PNFP,PINNACLE FINL PARTNERS INC,2024,3069.276,1453.097,787.033,829.146,475.056,52589.449
003643,CFR,CULLEN/FROST BANKERS INC,2024,2849.735,851.01,1021.078,894.83,582.542,52520.259
008099,FE,FIRSTENERGY CORP,2024,13472.0,9747.0,,2375.0,978.0,52044.0
016582,NTR,NUTRIEN LTD,2024,25972.0,17483.0,3451.0,2663.0,674.0,51840.0
010121,NAVI,NAVIENT CORP,2024,4164.0,751.0,,3413.0,131.0,51789.0
065228,COLB,COLUMBIA BANKING SYSTEM INC,2024,2966.206,1142.762,771.202,904.811,533.675,51576.397
045169,GEV,GE VERNOVA INC,2024,34935.0,27422.0,5694.0,647.0,1552.0,51485.0
035077,UBER,UBER TECHNOLOGIES INC,2024,43978.0,29294.0,10001.0,3972.0,9856.0,51244.0
005543,WELL,WELLTOWER INC,2024,7990.622,6565.222,235.491,1189.909,951.68,51044.308
061406,RNR,RENAISSANCERE HOLDINGS LTD,2024,11724.137,8537.277,,3186.86,1870.36,50707.55
015444,CRH,CRH PLC,2024,35572.0,21064.0,7779.0,4922.0,3492.0,50613.0
010916,UMBF,UMB FINANCIAL CORP,2024,2792.226,1231.167,704.858,803.43,441.243,50409.664
061214,ASML,ASML HOLDING NV,2024,29260.936,13737.252,5236.922,9341.211,7838.973,50305.425
039997,NU,NU HOLDINGS LTD,2024,11517.075,6003.842,424.163,5011.942,1972.112,49931.214
024447,BOKF,BOK FINANCIAL CORP,2024,3476.105,1443.706,936.567,990.526,523.569,49685.892
007985,NOC,NORTHROP GRUMMAN CORP,2024,41033.0,31301.0,3992.0,4370.0,4174.0,49359.0
003221,AON,AON PLC,2024,15698.0,10576.0,,4436.0,2654.0,48965.0
009465,SLB,SLB LTD,2024,36289.0,26267.0,1134.0,6369.0,4461.0,48935.0
003897,DTE,DTE ENERGY CO,2024,12457.0,8594.0,,2131.0,1404.0,48846.0
018049,FNB,F N B CORP/FL,2024,2568.545,1051.483,680.765,754.297,465.332,48625.0
001632,ADI,ANALOG DEVICES INC,2024,9427.157,2696.282,2556.503,2070.056,1635.273,48228.277
160225,MA,MASTERCARD INC,2024,28167.0,10818.0,,16452.0,12874.0,48081.0
002055,B,BARRICK MINING CORP,2024,12922.0,5105.0,532.0,5222.0,2144.0,47626.0
024216,AES,AES CORP (THE),2024,12278.0,8730.0,288.0,2026.0,1679.0,47406.0
011550,WEC,WEC ENERGY GROUP INC,2024,8599.9,5092.6,,2152.8,1528.4,47363.2
016478,EOG,EOG RESOURCES INC,2024,23582.0,4838.0,6574.0,7999.0,6403.0,47186.0
014219,CADE,CADENCE BANK,2024,2888.887,1182.142,723.482,983.263,523.604,47019.19
141913,GPN,GLOBAL PAYMENTS INC,2024,10105.894,1897.785,3807.099,2538.679,1570.365,46890.255
027914,HUM,HUMANA INC,2024,117761.0,100559.0,13215.0,3043.0,1207.0,46479.0
064547,SSB,SOUTH STATE BANK CORP,2024,2443.624,741.883,696.972,948.072,534.783,46381.204
017878,RITM,RITHM CAPITAL CORP,2024,5226.121,1988.316,,3237.805,931.503,46048.957
032580,VICI,VICI PROPERTIES INC,2024,3865.3,104.317,200.396,3556.462,2678.81,45368.94
160991,DLR,DIGITAL REALTY TRUST INC,2024,5589.073,4509.179,573.925,505.969,602.49,45283.616
002751,CAH,CARDINAL HEALTH INC,2024,226827.0,218947.0,5000.0,2146.0,852.0,45121.0
010860,AEE,AMEREN CORP,2024,7623.0,4458.0,,1575.0,1182.0,44598.0
014477,WM,WASTE MANAGEMENT INC,2024,22063.0,13249.0,2118.0,4296.0,2746.0,44567.0
004321,EMR,EMERSON ELECTRIC CO,2024,17492.0,7755.0,5142.0,2906.0,1968.0,44246.0
036790,BEPC,BROOKFIELD RENEWABLE CORP,2024,4142.0,1873.0,,1007.0,236.0,44129.0
029453,LNG,CHENIERE ENERGY INC,2024,15703.0,7885.0,477.0,6128.0,3252.0,43858.0
005742,CNP,CENTERPOINT ENERGY INC,2024,8643.0,5214.0,,1990.0,1019.0,43768.0
283184,SW,SMURFIT WESTROCK PLC,2024,21109.0,15226.0,2737.0,1682.0,319.0,43759.0
007923,NSC,NORFOLK SOUTHERN CORP,2024,12123.0,6681.0,,4089.0,2622.0,43682.0
045723,VG,VENTURE GLOBAL INC,2024,4972.0,1940.0,947.0,1763.0,1475.0,43491.0
177088,BX,BLACKSTONE INC,2024,13229.968,6240.917,,6854.33,2776.508,43469.875
008253,PCAR,PACCAR INC,2024,33663.8,25871.2,1272.5,5603.2,4162.0,43418.9
006829,LOW,LOWE'S COS INC,2024,83674.0,55554.0,15859.0,10289.0,6957.0,43102.0
011842,ASB,ASSOCIATED BANC-CORP,2024,2243.703,1160.441,561.009,464.597,123.145,43023.068
010115,SYK,STRYKER CORP,2024,22595.0,7603.0,8850.0,5092.0,2993.0,42971.0
295786,CNH,CNH INDUSTRIAL NV,2024,17060.0,12933.0,2625.0,897.0,1246.0,42933.0
002574,CSX,CSX CORP,2024,14540.0,7679.0,,5203.0,3470.0,42764.0
006268,JCI,JOHNSON CONTROLS INTL PLC,2024,22952.0,14059.0,6069.0,2008.0,1705.0,42695.0
014418,MGM,MGM RESORTS INTERNATIONAL,2024,17240.545,9393.541,5478.798,1537.109,743.652,42231.627
005492,LHX,L3HARRIS TECHNOLOGIES INC,2024,21325.0,15298.0,2401.0,2344.0,1502.0,42001.0
007637,VTRS,VIATRIS INC,2024,14739.3,5899.8,4435.2,1695.8,-634.2,41500.9
006669,LEN,LENNAR CORP,2024,35441.452,27346.656,3129.295,4849.973,3932.533,41312.781
008455,PPL,PPL CORP,2024,8468.0,4987.0,,2202.0,888.0,41069.0
035168,CTVA,CORTEVA INC,2024,16908.0,8987.0,4592.0,2102.0,907.0,40825.0
014822,WRB,BERKLEY (W R) CORP,2024,13650.243,11244.728,,2350.515,1756.115,40567.268
005606,HPQ,HP INC,2024,53559.0,41240.0,7298.0,4202.0,2775.0,39909.0
011770,SF,STIFEL FINANCIAL CORP,2024,5951.686,4833.571,,1032.149,731.379,39895.54
007435,MMM,3M CO,2024,23630.0,13054.0,5149.0,4064.0,4173.0,39868.0
004430,EQT,EQT CORP,2024,5273.309,2116.244,,994.715,230.577,39830.255
001209,APD,AIR PRODUCTS & CHEMICALS INC,2024,12100.6,6717.6,1042.6,2889.3,3828.2,39574.6
115876,PB,PROSPERITY BANCSHARES INC,2024,1789.522,606.284,388.139,760.375,479.386,39566.738
025279,BSX,BOSTON SCIENTIFIC CORP,2024,16747.0,4593.0,7213.0,3673.0,1853.0,39395.0
032106,BKR,BAKER HUGHES CO,2024,27829.0,20853.0,2452.0,3388.0,2979.0,38363.0
065106,OZK,BANK OZK,2024,2772.646,1291.405,367.692,1113.549,716.456,38258.852
012603,CNO,CNO FINANCIAL GROUP INC,2024,4449.5,3384.4,,772.7,404.0,37852.6
157373,VST,VISTRA CORP,2024,17224.0,11164.0,,4217.0,2659.0,37770.0
023812,REGN,REGENERON PHARMACEUTICALS,2024,14202.0,1485.6,8006.3,4227.2,4412.6,37759.4
064821,ARE,ALEXANDRIA R E EQUITIES INC,2024,3070.331,2334.713,168.359,567.259,322.949,37527.449
036191,CARR,CARRIER GLOBAL CORP,2024,22486.0,14953.0,3722.0,2583.0,5604.0,37403.0
010793,TSN,TYSON FOODS INC  -CL A,2024,53354.0,48323.0,1958.0,1812.0,800.0,37100.0
028191,RCL,ROYAL CARIBBEAN GROUP,2024,16484.0,8643.0,2115.0,4126.0,2877.0,37070.0
026367,XYZ,BLOCK INC,2024,24121.053,15162.028,7168.927,1413.971,2897.047,36777.595
004060,DD,DUPONT DE NEMOURS INC,2024,12386.0,7253.0,2083.0,1856.0,703.0,36636.0
007906,NKE,NIKE INC  -CL B,2024,46309.0,25744.0,16088.0,3702.0,3219.0,36579.0
014824,CINF,CINCINNATI FINANCIAL CORP,2024,11337.0,8392.0,,2911.0,2292.0,36501.0
038916,SOFI,SOFI TECHNOLOGIES INC,2024,3703.678,1188.289,1979.266,332.625,498.665,36250.951
025340,DHI,D R HORTON INC,2024,36902.5,27187.5,3599.5,6037.0,4756.4,36104.3
003439,CMS,CMS ENERGY CORP,2024,7515.0,4788.0,,1487.0,1003.0,35920.0
294524,LYB,LYONDELLBASELL INDUSTRIES,2024,40302.0,34334.0,1798.0,2766.0,1360.0,35746.0
010499,TXN,TEXAS INSTRUMENTS INC,2024,15641.0,4967.0,3753.0,5341.0,4799.0,35509.0
185824,BKU,BANKUNITED INC,2024,2024.271,1065.922,361.164,537.073,232.467,35241.742
008543,MO,ALTRIA GROUP INC,2024,20444.0,5930.0,2333.0,11895.0,11264.0,35177.0
138743,EQIX,EQUINIX INC,2024,8748.0,3037.0,2072.0,1624.0,815.0,35085.0
024232,HWC,HANCOCK WHITNEY CORP,2024,2057.12,663.237,540.459,811.71,460.815,35081.785
157057,AIZ,ASSURANT INC,2024,11877.5,10521.6,,1042.7,760.2,35020.6
001704,AMAT,APPLIED MATERIALS INC,2024,27176.0,13884.0,5018.0,7882.0,7177.0,34409.0
008030,NUE,NUCOR CORP,2024,30734.0,25276.0,1123.0,2979.0,2027.0,33940.0
165993,FIS,FIDELITY NATIONAL INFO SVCS,2024,10127.0,4922.0,2097.0,1707.0,1450.0,33784.0
009882,LUV,SOUTHWEST AIRLINES,2024,27599.0,21358.0,4138.0,446.0,465.0,33750.0
136265,BANC,BANC OF CALIFORNIA INC,2024,1889.85,929.456,409.389,463.269,126.888,33542.864
002884,LUMN,LUMEN TECHNOLOGIES INC,2024,13108.0,6703.0,2736.0,713.0,-55.0,33496.0
041818,GEHC,GE HEALTHCARE TECHNOLOGI INC,2024,19672.0,10837.0,5237.0,3018.0,1993.0,33089.0
005071,GIS,GENERAL MILLS INC,2024,19486.6,12204.9,3382.8,3359.9,2295.2,33071.1
113490,CCI,CROWN CASTLE INC,2024,6568.0,1847.0,706.0,2277.0,-3903.0,32736.0
021808,CZR,CAESARS ENTERTAINMENT INC,2024,11245.0,5419.0,2227.0,2275.0,-278.0,32590.0
153130,AXS,AXIS CAPITAL HOLDINGS LTD,2024,5957.651,4229.038,666.202,1051.494,1081.786,32520.293
004885,BEN,FRANKLIN TEMPLETON INC,2024,8380.5,6678.8,,1233.6,464.8,32464.5
029389,SPG,SIMON PROPERTY GROUP INC,2024,6171.12,2458.431,412.571,3300.118,2370.896,32405.691
112168,RSG,REPUBLIC SERVICES INC,2024,16032.0,9460.0,1674.0,3178.0,2043.0,32402.0
006338,EVRG,EVERGY INC,2024,5847.3,3262.8,,1470.5,873.5,32282.1
186278,AL,AIR LEASE CORP,2024,2487.955,219.82,,1124.374,427.704,32277.896
012756,CCEP,COCA-COLA EUROPACIFIC PARTNE,2024,21159.719,12709.497,4867.005,2617.27,1468.073,32198.222
027928,INTU,INTUIT INC,2024,16285.0,3159.0,8484.0,3853.0,2963.0,32132.0
014172,FULT,FULTON FINANCIAL CORP,2024,1820.931,693.507,520.03,550.4,288.743,32071.81
003238,CBSH,COMMERCE BANCSHARES INC,2024,2092.933,462.214,681.704,894.939,526.331,31996.627
007974,NI,NISOURCE INC,2024,5455.1,2956.4,,1455.5,760.4,31788.1
011672,TJX,TJX COS INC (THE),2024,56360.0,38012.0,10946.0,6302.0,4864.0,31749.0
003650,CMI,CUMMINS INC,2024,34102.0,24632.0,4738.0,3679.0,3946.0,31540.0
025434,SBUX,STARBUCKS CORP,2024,36176.2,27032.7,2523.3,5107.6,3760.9,31339.3
024925,ROP,ROPER TECHNOLOGIES INC,2024,7039.2,1348.1,2853.5,2024.8,1549.3,31334.7
015153,AGM,FEDERAL AGRICULTURE MTG CP,2024,1624.824,117.072,,1507.752,207.193,31324.742
179437,AWK,AMERICAN WATER WORKS CO INC,2024,4684.0,2178.0,,1718.0,1051.0,31253.0
004016,DG,DOLLAR GENERAL CORP,2024,40612.308,27631.011,10303.423,1714.074,1125.253,31132.733
006946,MGA,MAGNA INTERNATIONAL INC,2024,42836.0,37037.0,2061.0,2116.0,1009.0,31039.0
008431,AFG,AMERICAN FINANCIAL GROUP INC,2024,8278.0,7043.0,,1154.0,887.0,30836.0
150306,TCBI,TEXAS CAPITAL BANCSHARES INC,2024,1760.596,895.25,511.844,299.274,77.508,30731.883
014934,DVN,DEVON ENERGY CORP,2024,15940.0,7975.0,523.0,4143.0,2891.0,30489.0
149337,NDAQ,NASDAQ INC,2024,7434.0,4802.0,,2019.0,1117.0,30395.0
035056,ALC,ALCON INC,2024,9911.0,3183.0,4112.0,1398.0,1018.0,30347.0
156155,SNX,TD SYNNEX CORP,2024,58452.436,54361.402,2423.477,1265.525,689.091,30274.479
012540,ADBE,ADOBE INC,2024,21505.0,1996.0,11159.0,7775.0,5560.0,30230.0
020430,SLM,SLM CORP,2024,2987.314,1908.889,,1055.834,608.325,30072.11
017248,UBSI,UNITED BANKSHARES INC/WV,2024,1625.816,616.206,364.009,645.601,372.996,30023.545
271217,FER,FERROVIAL NV,2024,9471.04,2976.524,5105.126,932.817,3353.376,30023.03
001186,AEM,AGNICO EAGLE MINES LTD,2024,8285.753,3086.08,487.634,3149.429,1895.581,29987.018
004066,OMC,OMNICOM GROUP INC,2024,15689.1,12706.9,393.5,2347.0,1480.6,29620.7
008358,PH,PARKER-HANNIFIN CORP,2024,19929.606,12310.165,2791.03,3901.28,2844.215,29297.842
184167,FIBK,FIRST INTERSTATE BANCSYSTEM,2024,1478.0,548.7,412.9,459.4,226.0,29137.4
010614,GL,GLOBE LIFE INC,2024,5778.069,4275.765,,1475.304,1070.762,29076.181
003278,CAR,AVIS BUDGET GROUP INC,2024,11789.0,6152.0,1352.0,1390.0,-1821.0,29041.0
007750,THC,TENET HEALTHCARE CORP,2024,20662.0,16967.0,,2877.0,3200.0,28936.0
160479,EXR,EXTRA SPACE STORAGE INC,2024,3448.596,1688.475,167.398,1592.723,854.681,28847.926
006078,IFF,INTL FLAVORS & FRAGRANCES,2024,11484.0,6954.0,2626.0,889.0,243.0,28667.0
066065,URI,UNITED RENTALS INC,2024,15345.0,6666.0,1645.0,4131.0,2575.0,28163.0
017145,WAFD,WAFD INC,2024,1432.706,728.378,276.184,428.144,200.041,28060.33
024468,BIIB,BIOGEN INC,2024,9675.9,1845.4,4276.8,2880.5,1632.2,28049.3
016832,GBCI,GLACIER BANCORP INC,2024,1268.296,463.524,383.961,379.147,190.144,27902.987
027786,EXE,EXPAND ENERGY CORP,2024,4221.0,2758.0,216.0,-482.0,-714.0,27894.0
014828,ORI,OLD REPUBLIC INTL CORP,2024,8231.4,7045.1,,1147.0,852.7,27843.1
003532,GLW,CORNING INC,2024,13167.0,7451.0,2993.0,1373.0,506.0,27735.0
064794,UCB,UNITED COMMUNITY BANKS INC,2024,1500.097,601.324,384.349,514.424,252.397,27720.258
119314,BKNG,BOOKING HOLDINGS INC,2024,23739.0,0.0,15283.0,7865.0,5882.0,27708.0
144009,WTW,WILLIS TOWERS WATSON PLC,2024,9930.0,7327.0,,2147.0,-98.0,27681.0
030662,SIRI,SIRIUS XM HOLDINGS INC,2024,8699.0,4129.0,2056.0,1936.0,-1665.0,27521.0
031521,SNEX,STONEX GROUP INC,2024,99887.8,98434.3,,1400.4,260.8,27466.3
064410,KMX,CARMAX INC,2024,28207.369,24679.84,2435.404,788.925,500.556,27404.206
029804,IVZ,INVESCO LTD,2024,6067.0,4868.3,,1019.1,774.8,27008.9
017928,IQV,IQVIA HOLDINGS INC,2024,15405.0,10030.0,1992.0,2269.0,1373.0,26899.0
019355,SFNC,SIMMONS FIRST NATL CP  -CL A,2024,1459.236,730.385,354.385,328.35,152.693,26876.049
025645,ACI,ALBERTSONS COS INC,2024,80390.9,57953.9,18722.4,1896.7,958.6,26755.7
029955,BHC,BAUSCH HEALTH COMPANIES INC,2024,9625.0,2510.0,3854.0,1994.0,-46.0,26523.0
030222,ABCB,AMERIS BANCORP,2024,1670.077,587.887,396.425,649.676,358.685,26262.05
039293,HOOD,ROBINHOOD MARKETS INC,2024,2975.0,1860.0,,1038.0,1411.0,26187.0
110179,VTR,VENTAS INC,2024,4925.829,4080.212,183.193,662.424,81.153,26186.906
028930,MAR,MARRIOTT INTL INC,2024,25100.0,20873.0,,3844.0,2375.0,26182.0
001075,PNW,PINNACLE WEST CAPITAL CORP,2024,5124.915,3217.506,,1012.063,608.806,26102.76
017306,PFSI,PENNYMAC FINANCIAL SERVICES,2024,2413.079,1147.605,,1209.49,311.423,26086.887
064925,BXP,BXP INC,2024,3129.703,2239.42,161.58,728.703,14.272,26084.98
003505,TAP,MOLSON COORS BEVERAGE CO,2024,11627.0,6634.2,2511.1,1815.9,1122.4,26064.3
003592,OMF,ONEMAIN HOLDINGS INC,2024,5722.0,3521.0,,1924.0,509.0,25910.0
111534,MSTR,STRATEGY INC,2024,463.456,123.868,397.104,-63.116,-1166.661,25843.685
002086,BAX,BAXTER INTERNATIONAL INC,2024,10636.0,5635.0,3167.0,837.0,-649.0,25782.0
041897,KVUE,KENVUE INC,2024,15455.0,5847.0,6320.0,2666.0,1030.0,25601.0
005439,HAL,HALLIBURTON CO,2024,22944.0,17564.0,239.0,4062.0,2501.0,25587.0
148349,TDG,TRANSDIGM GROUP INC,2024,7940.0,3095.0,934.0,3601.0,1714.0,25586.0
036633,EBC,EASTERN BANKSHARES INC,2024,1073.794,406.549,329.559,310.656,119.561,25557.88
160549,LBTYK,LIBERTY GLOBAL LTD,2024,4341.9,2211.8,1138.6,-10.5,1588.0,25439.7
285333,IFS,INTERCORP FINANCIAL SVCS INC,2024,2364.028,1113.673,253.265,887.575,344.692,25321.103
178081,MELI,MERCADOLIBRE INC,2024,20777.0,11027.0,6653.0,2631.0,1911.0,25196.0
004383,ATO,ATMOS ENERGY CORP,2024,4165.187,2139.853,,1355.362,1042.895,25194.465
010247,SYY,SYSCO CORP,2024,78844.0,63366.0,11255.0,3353.0,1955.0,24917.0
144435,BG,BUNGE GLOBAL SA,2024,53108.0,49300.0,1549.0,1791.0,1137.0,24899.0
020412,ARES,ARES MANAGEMENT CORP,2024,3884.781,2685.84,,1041.6,463.742,24884.308
031142,STM,STMICROELECTRONICS NV,2024,13269.0,6289.0,3534.0,1686.0,1557.0,24743.0
164471,QSR,RESTAURANT BRANDS INTL INC,2024,8406.0,5138.0,691.0,2333.0,1021.0,24632.0
019713,AUB,ATLANTIC UNION BANKSHRS CRP,2024,1346.413,579.085,315.978,416.038,209.131,24585.323
036722,RKT,ROCKET COS INC,2024,5416.391,3978.441,187.751,1137.282,29.37,24510.063
243174,FLUT,FLUTTER ENTERTAINMENT PLC,2024,14048.0,6249.0,5779.0,923.0,43.0,24508.0
184725,NXPI,NXP SEMICONDUCTORS NV,2024,12614.0,4678.0,3414.0,3597.0,2510.0,24385.0
260774,CBRE,CBRE GROUP INC,2024,35767.0,33359.0,,1734.0,968.0,24383.0
327677,MRX,MAREX GROUP LTD,2024,2132.8,1267.0,,837.0,218.0,24312.5
011399,WDC,WESTERN DIGITAL CORP,2024,13003.0,9526.0,2698.0,210.0,-798.0,24188.0
150279,PFS,PROVIDENT FINANCIAL SVCS INC,2024,1140.251,533.088,263.355,302.309,115.525,24051.825
135990,NRG,NRG ENERGY INC,2024,28130.0,24273.0,,2454.0,1125.0,24022.0
027665,FHB,FIRST HAWAIIAN INC,2024,1165.847,372.056,318.438,460.555,230.129,23828.186
009667,SHW,SHERWIN-WILLIAMS CO,2024,23098.5,11606.0,7095.5,3773.0,2681.4,23632.6
002005,BOH,BANK OF HAWAII CORP,2024,1036.28,408.321,315.534,292.372,149.994,23601.114
035882,BIPC,BROOKFIELD INFRASTRCTR,2024,3666.0,678.0,,2213.0,-608.0,23587.0
118122,APTV,APTIV PLC,2024,19713.0,15249.0,1385.0,2115.0,1787.0,23458.0
064175,LAD,LITHIA MOTORS INC  -CL A,2024,36610.6,30687.5,3890.7,1786.8,802.0,23127.9
023500,CATY,CATHAY GENERAL BANCORP,2024,1390.639,698.42,210.792,474.244,285.979,23054.681
162129,MOS,MOSAIC CO,2024,11122.8,8435.2,786.4,777.5,174.9,22924.0
143974,BFH,BREAD FINANCIAL HOLDINGS INC,2024,4798.0,3868.0,,840.0,277.0,22891.0
162254,CE,CELANESE CORP,2024,10280.0,7200.0,1160.0,1121.0,-1522.0,22857.0
162560,AX,AXOS FINANCIAL INC,2024,1785.87,726.678,267.577,764.529,450.008,22855.334
177267,TEL,TE CONNECTIVITY PLC,2024,15845.0,9563.0,2469.0,2987.0,3193.0,22854.0
006104,IP,INTL PAPER CO,2024,18619.0,14921.0,1712.0,919.0,557.0,22800.0
185532,TRGP,TARGA RESOURCES CORP,2024,16381.5,12252.5,,2695.4,1279.1,22734.1
011554,LNT,ALLIANT ENERGY CORP,2024,3981.0,2216.0,,993.0,690.0,22714.0
034749,COIN,COINBASE GLOBAL INC,2024,6293.246,770.189,3422.953,1972.586,2579.066,22541.951
024344,VRTX,VERTEX PHARMACEUTICALS INC,2024,11020.1,1349.9,4884.3,4603.8,-535.6,22533.2
164633,HOMB,HOME BANCSHARES INC,2024,1466.035,499.073,299.053,638.711,402.241,22490.748
126296,EXPE,EXPEDIA GROUP INC,2024,13691.0,1443.0,9746.0,1664.0,1234.0,22388.0
004213,ECL,ECOLAB INC,2024,15741.4,7959.0,4228.2,2618.8,2112.4,22387.8
170396,CUBI,CUSTOMERS BANCORP INC,2024,1388.268,746.881,187.625,420.21,181.469,22308.241
034636,FOXA,FOX CORP,2024,13980.0,9089.0,2024.0,2478.0,1501.0,21972.0
010016,SWK,STANLEY BLACK & DECKER INC,2024,15365.7,10336.2,3251.4,1188.6,294.3,21848.9
005600,HTZ,HERTZ GLOBAL HOLDINGS INC,2024,9049.0,5731.0,753.0,-470.0,-2862.0,21802.0
001773,ARW,ARROW ELECTRONICS INC,2024,27923.324,24570.343,2217.94,972.047,392.074,21757.707
061567,EL,ESTEE LAUDER COMPANIES INC,2024,15609.0,3605.0,9598.0,1588.0,390.0,21677.0
002710,STZ,CONSTELLATION BRANDS,2024,10208.7,4426.2,1876.5,3459.0,-81.4,21652.3
020548,CTRA,COTERRA ENERGY INC,2024,5458.0,1905.0,327.0,1386.0,1121.0,21625.0
014282,APH,AMPHENOL CORP,2024,15222.7,9574.5,1855.4,3247.5,2424.0,21440.2
144559,ZBH,ZIMMER BIOMET HOLDINGS INC,2024,7678.6,1786.8,3338.5,1557.0,903.8,21365.3
029875,AVB,AVALONBAY COMMUNITIES INC,2024,2964.439,1920.31,95.734,948.395,1081.994,21000.737
005234,GT,GOODYEAR TIRE & RUBBER CO,2024,18878.0,14140.0,2647.0,1048.0,70.0,20964.0
037460,ABNB,AIRBNB INC,2024,11102.0,3095.0,5396.0,2546.0,2648.0,20959.0
003107,CLF,CLEVELAND-CLIFFS INC,2024,19185.0,18062.0,486.0,-319.0,-754.0,20947.0
003362,CAG,CONAGRA BRANDS INC,2024,11612.8,8236.8,1448.5,1537.3,1152.4,20933.9
017132,WSFS,WSFS FINANCIAL CORP,2024,1404.502,419.554,418.005,537.388,263.671,20814.303
160684,WLK,WESTLAKE CORP,2024,12142.0,9426.0,874.0,966.0,602.0,20750.0
161844,LVS,LAS VEGAS SANDS CORP,2024,11290.0,5777.0,1701.0,2444.0,1446.0,20666.0
001393,UHAL,U-HAUL HOLDING CO,2024,5828.665,4138.569,,718.163,367.09,20479.17
171007,NOW,SERVICENOW INC,2024,10984.0,1832.0,7273.0,1414.0,1425.0,20383.0
024731,KIM,KIMCO REALTY CORP,2024,2130.662,1245.814,138.14,746.708,410.785,20309.896
137310,MRVL,MARVELL TECHNOLOGY INC,2024,5767.3,2003.0,2417.7,-8.5,-885.0,20204.5
005959,TT,TRANE TECHNOLOGIES PLC,2024,19838.2,12384.0,3592.7,3486.8,2567.9,20146.7
171067,PANW,PALO ALTO NETWORKS INC,2024,8027.5,1799.0,5043.4,901.9,2577.6,19990.9
104432,NCLH,NORWEGIAN CRUISE LINE HLDGS,2024,9479.651,5688.696,1434.807,1465.906,910.257,19969.811
111864,CTSH,COGNIZANT TECH SOLUTIONS,2024,19736.0,12958.0,3223.0,3026.0,2240.0,19966.0
013125,DOC,HEALTHPEAK PROPERTIES INC,2024,2698.934,2155.044,100.847,443.043,243.142,19938.255
024905,RUN,SUNRUN INC,2024,2037.719,1080.465,901.593,-580.839,-2846.167,19897.884
110732,WCN,WASTE CONNECTIONS INC,2024,8919.591,5162.333,857.386,1706.73,617.573,19817.809
020791,BXMT,BLACKSTONE MORTGAGE TR INC,2024,1780.592,683.805,,1090.824,-204.088,19801.955
001230,ALK,ALASKA AIR GROUP INC,2024,11735.0,9034.0,1203.0,915.0,395.0,19768.0
010096,PSA,PUBLIC STORAGE,2024,4782.649,2387.767,118.676,2276.206,2072.011,19754.934
165746,LYV,LIVE NATION ENTERTAINMENT,2024,23155.625,17328.154,4009.153,1268.395,638.211,19638.771
008247,PPG,PPG INDUSTRIES INC,2024,15855.0,9252.0,3901.0,2210.0,1116.0,19433.0
001678,APA,APA CORP,2024,9727.0,4568.0,650.0,2060.0,804.0,19390.0
016889,INDB,INDEPENDENT BANK CORP/MA,2024,980.31,327.274,285.725,326.422,192.081,19373.565
028338,RIG,TRANSOCEAN LTD,2024,3524.0,2199.0,214.0,372.0,-512.0,19371.0
114524,EBAY,EBAY INC,2024,10283.0,2493.0,5131.0,2252.0,1975.0,19365.0
016821,FBP,FIRST BANCORP P R,2024,1225.205,347.595,324.122,528.492,298.724,19292.921
005125,GPC,GENUINE PARTS CO,2024,23486.569,14893.871,6639.775,1544.945,904.076,19282.705
011781,OVV,OVINTIV INC,2024,9152.0,4899.0,338.0,1606.0,1125.0,19254.0
040340,BBUC.1,BROOKFIELD BUSINESS CRP -OLD,2024,8208.0,6788.0,326.0,314.0,-888.0,19098.0
062965,SSNC,SS&C TECHNOLOGIES HLDGS INC,2024,5882.0,2338.3,1520.1,1343.5,760.5,19044.7
032619,MBIN,MERCHANTS BANCORP,2024,1450.117,804.378,139.714,503.011,320.386,18805.732
050831,INGM,INGRAM MICRO HOLDING CORP,2024,47983.671,44349.395,2415.904,1029.041,264.222,18779.69
006565,LRCX,LAM RESEARCH CORP,2024,14905.386,7391.737,2717.34,4435.834,3827.772,18744.728
136725,ISRG,INTUITIVE SURGICAL INC,2024,8352.1,2266.6,3262.2,2367.6,2322.6,18743.2
062374,IRM,IRON MOUNTAIN INC,2024,6149.909,2696.549,1339.539,1212.916,180.156,18717.115
061811,SCCO,SOUTHERN COPPER CORP,2024,11433.4,4841.5,191.4,5554.6,3376.8,18713.5
060979,WAB,WABTEC CORP,2024,10387.0,6788.0,1423.0,1679.0,1056.0,18702.0
030004,INVH,INVITATION HOMES INC,2024,2590.497,1855.162,90.612,629.871,453.917,18700.951
017151,WSBC,WESBANCO INC,2024,953.624,366.639,290.117,270.307,151.51,18684.298
066446,PWR,QUANTA SERVICES INC,2024,23672.795,19802.671,1782.89,1344.912,904.824,18683.894
050389,LINE,LINEAGE INC,2024,5340.0,3578.0,517.0,369.0,-664.0,18661.0
031587,DLTR,DOLLAR TREE INC,2024,17578.5,10759.3,4734.7,1559.7,-3030.1,18644.0
017195,FFBC,FIRST FINL BANCORP INC/OH,2024,1225.663,437.744,341.866,415.73,228.83,18570.261
015704,TRI,THOMSON REUTERS CORP,2024,7258.0,4471.0,,1965.0,2210.0,18437.0
030170,FLEX,FLEX LTD,2024,25813.0,23145.0,904.0,1255.0,838.0,18381.0
014960,LH,LABCORP HOLDINGS INC,2024,13008.9,8997.4,2230.0,1138.0,746.0,18379.0
016845,FRME,FIRST MERCHANTS CORP,2024,1053.603,462.592,276.356,287.806,201.402,18311.969
036474,RPRX,ROYALTY PHARMA PLC,2024,2263.576,971.132,,1292.444,858.983,18222.715
029733,MLM,MARTIN MARIETTA MATERIALS,2024,6536.0,4069.0,447.0,1451.0,1995.0,18170.0
004685,TRMK,TRUSTMARK CORP,2024,936.911,417.164,320.282,161.398,223.009,18152.422
025173,RNST,RENASANT CORP,2024,1038.032,384.854,329.728,303.849,195.457,18034.868
008542,WTRG,ESSENTIAL UTILITIES INC,2024,2086.113,958.893,,757.668,595.314,18026.554
030098,IR,INGERSOLL RAND INC,2024,7235.0,3956.0,1344.4,1452.6,838.6,18009.8
015044,WDAY,WORKDAY INC,2024,8446.0,1747.0,5857.0,520.0,526.0,17977.0
184700,CPAY,CORPAY INC,2024,3974.589,1833.351,,1790.332,1003.746,17957.031
001988,BALL,BALL CORP,2024,11795.0,9354.0,565.0,1265.0,4008.0,17628.0
015417,BRO,BROWN & BROWN INC,2024,4805.0,3294.0,,1467.0,993.0,17612.0
009777,SJM,SMUCKER (JM) CO,2024,8726.1,5050.1,1529.0,1645.5,-1230.8,17563.3
066354,WPC,W P CAREY INC,2024,1632.76,707.837,139.863,785.06,460.839,17535.024
009611,SCI,SERVICE CORP INTERNATIONAL,2024,4186.379,2870.289,158.619,932.038,518.648,17379.438
008823,PHM,PULTEGROUP INC,2024,17946.95,12664.883,1321.276,3871.629,3083.262,17363.763
016549,SFBS,SERVISFIRST BANCSHARES INC,2024,981.177,521.049,110.837,344.506,227.242,17351.643
028195,JBL,JABIL INC,2024,28883.0,25551.0,1199.0,1437.0,1388.0,17351.0
061483,DVA,DAVITA INC,2024,12815.55,8598.521,1538.341,1954.828,936.342,17285.268
120318,TOWN,TOWNEBANK,2024,1025.673,331.375,346.176,313.055,161.757,17246.89
023809,AZO,AUTOZONE INC,2024,18490.268,8123.461,6028.344,3788.708,2662.427,17176.538
011228,VMC,VULCAN MATERIALS CO,2024,7417.7,4778.1,531.1,1476.3,911.9,17104.8
176766,TFSL,TFS FINANCIAL CORP,2024,758.776,454.116,136.096,149.53,79.588,17090.785
066235,HOPE,HOPE BANCORP INC,2024,1000.051,543.409,226.921,219.421,99.63,17054.008
026590,FTV,FORTIVE CORP,2024,6231.8,1949.7,2515.4,1222.8,832.9,17016.1
115044,AQN,ALGONQUIN POWER & UTIL CORP,2024,2405.293,594.329,879.95,535.327,-1380.517,16961.757
026864,PR,PERMIAN RESOURCES CORP,2024,5000.734,1246.505,197.821,1769.823,984.701,16897.9
110620,ICLR,ICON PUBLIC LIMITED COMPANY,2024,8281.676,5845.319,728.348,1219.509,791.474,16877.678
147305,JBLU,JETBLUE AIRWAYS CORP,2024,9279.0,6985.0,1732.0,-93.0,-795.0,16841.0
010519,TXT,TEXTRON INC,2024,13702.0,10822.0,1647.0,855.0,824.0,16838.0
039822,GFS,GLOBALFOUNDRIES INC,2024,6750.0,3675.0,775.0,732.0,-265.0,16799.0
065108,JLL,JONES LANG LASALLE INC,2024,23432.9,22285.9,,891.2,546.8,16763.8
063847,PAG,PENSKE AUTOMOTIVE GROUP INC,2024,30455.2,25441.9,3538.5,1316.8,918.9,16720.9
021227,LBRDK,LIBERTY BROADBAND CORP,2024,1016.0,257.0,460.0,92.0,869.0,16687.0
018043,NWSA,NEWS CORP,2024,10085.0,5053.0,3493.0,805.0,266.0,16684.0
009299,R,RYDER SYSTEM INC,2024,12636.0,8416.0,1478.0,995.0,489.0,16672.0
005667,DINO,HF SINCLAIR CORP,2024,28580.0,26988.0,445.0,315.0,177.0,16643.0
029751,ALB,ALBEMARLE CORP,2024,5377.526,4722.549,698.545,-632.206,-1179.449,16609.649
100644,FERG,FERGUSON ENTERPRISES INC,2024,29635.0,20582.0,6033.0,2685.0,1735.0,16572.0
008402,PAYX,PAYCHEX INC,2024,5571.7,1330.9,1702.0,2329.3,1657.3,16564.1
029359,SUI,SUN COMMUNITIES INC,2024,3230.6,2453.9,286.4,490.3,89.0,16549.4
006435,KMB,KIMBERLY-CLARK CORP,2024,20058.0,11953.0,4043.0,3281.0,2545.0,16546.0
011456,WY,WEYERHAEUSER CO,2024,7124.0,5309.0,617.0,696.0,396.0,16536.0
100243,AMCR,AMCOR PLC,2024,13640.0,10345.0,1366.0,1346.0,730.0,16524.0
005643,HLT,HILTON WORLDWIDE HOLDINGS,2024,11174.0,8111.0,552.0,2365.0,1535.0,16522.0
189491,XYL,XYLEM INC,2024,8562.0,4788.0,2055.0,1157.0,890.0,16493.0
018948,MCHB,MECHANICS BANCORP,2024,596.598,215.042,246.899,111.833,28.999,16490.112
004611,M,MACY'S INC,2024,23006.0,13740.0,7620.0,765.0,582.0,16402.0
016790,CBU,COMMUNITY FINANCIAL SYST INC,2024,940.714,217.184,344.437,350.436,182.481,16386.044
183902,EFC,ELLINGTON FINANCIAL INC,2024,448.46,182.062,,266.398,145.861,16317.028
011465,WHR,WHIRLPOOL CORP,2024,16607.0,13723.0,1656.0,895.0,-323.0,16301.0
050720,SOBO,SOUTH BOW CORP,2024,3050.0,1591.0,,1105.0,455.0,16301.0
156953,HTH,HILLTOP HOLDINGS INC,2024,1607.345,1285.264,,297.557,113.213,16268.129
061487,BANR,BANNER CORP,2024,832.991,231.968,299.326,280.995,168.898,16200.037
064166,DGX,QUEST DIAGNOSTICS INC,2024,9872.0,6235.0,1733.0,1411.0,871.0,16153.0
032930,ADT,ADT INC,2024,4898.446,847.114,1439.346,1269.188,501.053,16050.957
003170,CL,COLGATE-PALMOLIVE CO,2024,20101.0,7390.0,7723.0,4383.0,2889.0,16046.0
022086,IBOC,INTL BANCSHARES CORP,2024,1042.904,241.065,172.956,606.359,409.167,15738.852
037763,UWMC,UWM HOLDINGS CORP,2024,2163.691,1297.043,,821.174,14.404,15671.116
152149,MOH,MOLINA HEALTHCARE INC,2024,40650.0,35914.0,2740.0,1810.0,1179.0,15630.0
117141,EFSC,ENTERPRISE FINL SERVICES CP,2024,920.754,304.463,199.944,406.273,185.266,15596.431
139665,MCO,MOODY'S CORP,2024,7088.0,1945.0,1735.0,2977.0,2058.0,15505.0
015855,GEN,GEN DIGITAL INC,2024,3935.0,531.0,1223.0,1762.0,643.0,15495.0
064088,VSAT,VIASAT INC,2024,4519.571,1932.759,1089.618,136.387,-574.962,15448.784
006304,KLAC,KLA CORP,2024,9812.247,3559.891,2174.067,3657.317,2761.896,15433.566
039811,RIVN,RIVIAN AUTOMOTIVE INC,2024,4970.0,5198.0,3202.0,-4461.0,-4747.0,15410.0
027965,MCHP,MICROCHIP TECHNOLOGY INC,2024,4388.3,1729.3,1525.3,383.6,-0.5,15374.6
023432,VIRT,VIRTU FINANCIAL INC,2024,2876.949,1443.01,,1317.652,276.415,15361.743
038092,CPNG,COUPANG INC,2024,30268.0,21120.0,8206.0,509.0,154.0,15344.0
061408,THG,HANOVER INSURANCE GROUP INC,2024,6237.4,5664.0,,571.9,426.0,15274.5
030259,PENN,PENN ENTERTAINMENT INC,2024,6578.1,4414.5,1568.1,161.9,-311.5,15261.7
002663,CPB,CAMPBELL'S CO (THE),2024,9636.0,6254.0,1553.0,1418.0,567.0,15235.0
029392,EMN,EASTMAN CHEMICAL CO,2024,9382.0,6584.0,986.0,1311.0,905.0,15213.0
017184,SBCF,SEACOAST BANKING CORP/FL,2024,808.987,309.846,228.147,238.501,120.986,15176.308
020019,CVBF,CVB FINANCIAL CORP,2024,657.835,179.765,167.879,294.823,200.716,15153.655
010801,UGI,UGI CORP,2024,7252.0,5572.0,,1129.0,269.0,15098.0
005878,ITW,ILLINOIS TOOL WORKS,2024,15898.0,8674.0,2675.0,4147.0,3488.0,15067.0
120444,WCC,WESCO INTL INC,2024,21818.8,17106.2,3271.4,1258.0,717.6,15061.4
155394,LKQ,LKQ CORP,2024,14355.0,8684.0,3916.0,1349.0,690.0,14955.0
064030,STLD,STEEL DYNAMICS INC,2024,17540.39,14296.604,829.023,1943.037,1537.134,14935.233
184899,FAF,FIRST AMERICAN FINANCIAL CP,2024,6120.7,5605.7,,307.6,131.1,14908.6
009248,ROST,ROSS STORES INC,2024,21129.219,14813.718,3344.702,2524.011,2090.73,14905.332
028180,ORLY,O'REILLY AUTOMOTIVE INC,2024,16708.479,7692.098,5303.332,3251.157,2386.68,14893.741
002184,BBY,BEST BUY CO INC,2024,41528.0,31298.0,7630.0,1734.0,927.0,14782.0
028320,CDW,CDW CORP,2024,20998.7,16121.0,2913.5,1688.9,1077.8,14678.4
001598,AME,AMETEK INC,2024,6941.18,4052.555,696.905,1808.793,1376.124,14631.169
007585,MSI,MOTOROLA SOLUTIONS INC,2024,10817.0,5109.0,2669.0,2703.0,1577.0,14595.0
001414,PRI,PRIMERICA INC,2024,3039.124,2103.825,,917.099,471.219,14582.022
014561,COHR,COHERENT CORP,2024,4707.688,2762.963,1092.089,292.875,-156.154,14488.634
024678,HMN,HORACE MANN EDUCATORS CORP,2024,1550.4,1405.6,,118.4,102.8,14487.8
011032,UHS,UNIVERSAL HEALTH SVCS INC,2024,15827.935,13558.29,,1684.814,1142.097,14469.749
045167,SOLV,SOLVENTUM CORP,2024,8254.0,3378.0,2883.0,1463.0,479.0,14457.0
030932,NWBI,NORTHWEST BANCSHARES INC,2024,756.206,258.123,243.924,240.707,100.278,14408.224
063135,DCOM,DIME COMMERCIAL BANCSHRS INC,2024,638.975,368.208,165.908,96.696,29.084,14353.258
018293,CWEN,CLEARWAY ENERGY INC,2024,1371.0,540.0,,204.0,88.0,14329.0
162160,MPT,MEDICAL PROPERTIES TRUST,2024,628.905,2300.314,133.789,-1805.198,-2410.271,14294.594
013721,ZTS,ZOETIS INC,2024,9261.0,2363.0,3004.0,3397.0,2486.0,14237.0
260751,NTB,BANK OF NT BUTTERFIELD & SON,2024,816.109,236.176,208.105,371.828,216.316,14231.396
061870,OTEX,OPEN TEXT CORP,2024,5769.577,1334.627,2604.635,1022.39,465.09,14205.707
126721,TDY,TELEDYNE TECHNOLOGIES INC,2024,5670.0,3123.9,1186.8,1050.0,819.2,14200.5
041817,BAM,BROOKFIELD ASSET MANAG LTD,2024,3980.0,1644.0,,2322.0,2168.0,14157.0
034410,MRNA,MODERNA INC,2024,3236.0,1279.0,5717.0,-3945.0,-3561.0,14142.0
134932,ON,ON SEMICONDUCTOR CORP,2024,7082.3,3336.3,1248.5,1915.6,1572.8,14089.8
008214,OC,OWENS CORNING,2024,10975.0,7060.0,1186.0,2107.0,647.0,14075.0
027638,AA,ALCOA CORP,2024,11895.0,10044.0,332.0,877.0,60.0,14064.0
020748,ANET,ARISTA NETWORKS INC,2024,7003.146,2461.063,1536.707,2944.616,2852.054,14043.921
009016,RRX,REGAL REXNORD CORP,2024,6033.8,3263.5,1496.2,762.3,196.2,14033.7
016477,LEA,LEAR CORP,2024,23306.0,20911.7,677.5,1096.1,506.6,14027.5
028742,BWA,BORGWARNER INC,2024,14086.0,10794.0,1350.0,1269.0,338.0,13993.0
029101,FFIN,FIRST FINL BANKSHARES INC,2024,752.907,215.998,176.941,346.541,223.511,13979.418
023650,SHOP,SHOPIFY INC,2024,8880.0,4396.0,3428.0,1020.0,2019.0,13924.0
003619,CCK,CROWN HOLDINGS INC,2024,11801.0,9262.0,597.0,1494.0,424.0,13848.0
019094,NBTB,N B T BANCORP INC,2024,788.494,231.155,263.796,273.575,140.641,13786.666
155738,NNI,NELNET INC,2024,2122.166,1119.912,,944.138,184.045,13777.753
030024,TIGO,MILLICOM INTL CELLULAR SA,2024,5804.0,1420.0,1800.0,1349.0,253.0,13737.0
008113,OGE,OGE ENERGY CORP,2024,2985.3,1700.5,,745.3,441.5,13716.0
010411,TDS,TELEPHONE & DATA SYSTEMS INC,2024,4964.0,2135.0,1721.0,165.0,-28.0,13682.0
025283,KSS,KOHL'S CORP,2024,16221.0,9661.0,5370.0,447.0,109.0,13559.0
028022,BANF,BANCFIRST CORP/OK,2024,908.714,286.269,234.19,366.574,216.354,13554.314
183822,ARR,ARMOUR RESIDENTIAL REIT INC,2024,239.902,45.04,,194.862,-14.394,13547.953
017115,SIGI,SELECTIVE INS GROUP INC,2024,4824.611,4540.15,8.102,249.859,207.012,13514.189
175982,CSIQ,CANADIAN SOLAR INC,2024,5993.409,4494.943,1123.943,-124.624,36.051,13511.55
051008,SNDK,SANDISK CORP,2024,6663.0,5403.0,1495.0,-459.0,-672.0,13506.0
160173,ABR,ARBOR REALTY TRUST INC,2024,1441.053,333.899,,1107.154,264.641,13490.981
012138,TROW,PRICE (T. ROWE) GROUP,2024,7093.6,4362.9,,2379.6,2100.1,13472.0
040605,BLCO,BAUSCH & LOMB CORP,2024,4791.0,1642.0,2348.0,365.0,-317.0,13469.0
163946,CF,CF INDUSTRIES HOLDINGS INC,2024,5936.0,2927.0,310.0,1746.0,1218.0,13466.0
018312,USFD,US FOODS HOLDING CORP,2024,37877.0,31343.0,4952.0,1144.0,494.0,13436.0
005709,HRL,HORMEL FOODS CORP,2024,11920.797,9642.909,933.01,1094.685,805.038,13434.729
063232,OCFC,OCEANFIRST FINANCIAL CORP,2024,688.46,315.827,163.402,194.687,100.065,13421.247
140541,TPR,TAPESTRY INC,2024,6671.2,1607.7,3639.5,1250.0,816.0,13396.3
028787,PFGC,PERFORMANCE FOOD GROUP CO,2024,54681.2,47902.6,5371.8,850.1,435.9,13392.9
012395,TOL,TOLL BROTHERS INC,2024,11055.149,7889.443,982.291,2102.515,1571.195,13367.932
183366,H,HYATT HOTELS CORP,2024,6648.0,5351.0,547.0,417.0,1296.0,13324.0
162385,WEX,WEX INC,2024,2628.2,896.8,711.5,698.6,309.6,13321.6
178519,LPLA,LPL FINANCIAL HOLDINGS INC,2024,12358.74,10134.385,,1780.594,1058.616,13317.404
003336,DXC,DXC TECHNOLOGY CO,2024,12871.0,9975.0,1321.0,493.0,389.0,13205.0
027871,FBK,FB FINANCIAL CORP,2024,762.551,321.039,210.063,216.536,116.035,13157.482
019824,AU,ANGLOGOLD ASHANTI PLC,2024,5793.0,2911.0,471.0,1633.0,1004.0,13157.0
178862,CIM,CHIMERA INVESTMENT CORP,2024,778.795,106.61,,672.185,176.065,13116.49
165123,LDOS,LEIDOS HOLDINGS INC,2024,16662.0,13568.0,983.0,1821.0,1254.0,13104.0
038821,OGN,ORGANON & CO,2024,6403.0,2357.0,2095.0,1680.0,864.0,13101.0
018792,GLPI,GAMING & LEISURE PPTYS,2024,1577.535,307.826,96.825,1172.884,784.62,13075.949
024975,SNPS,SYNOPSYS INC,2024,6127.436,974.393,3510.198,1409.211,2263.38,13073.561
007146,MKC,MCCORMICK & CO INC,2024,6723.7,3932.5,1521.2,1069.8,788.5,13070.3
133366,EW,EDWARDS LIFESCIENCES CORP,2024,5439.5,974.3,2842.4,1479.6,4174.6,13055.3
007063,HST,HOST HOTELS & RESORTS INC,2024,5745.0,4796.0,123.0,826.0,697.0,13048.0
184442,CHRD,CHORD ENERGY CORP,2024,5251.082,2847.56,123.509,1172.237,848.627,13032.007
018465,AR,ANTERO RESOURCES CORP,2024,4325.596,3274.2,232.346,5.79,57.226,13010.05
009063,AN,AUTONATION INC,2024,26765.4,21980.0,3209.4,1335.3,692.2,13001.7
149318,WYNN,WYNN RESORTS LTD,2024,7127.961,4026.424,1133.611,1309.031,501.078,12977.963
005597,HSY,HERSHEY CO,2024,11202.263,5510.0,2259.763,3055.69,2221.239,12946.861
020299,LOB,LIVE OAK BANCSHARES INC,2024,927.053,532.679,207.094,163.998,77.474,12943.38
030293,ESS,ESSEX PROPERTY TRUST,2024,1859.813,1147.964,98.974,612.875,741.522,12927.359
170527,POST,POST HOLDINGS INC,2024,7922.7,5326.8,1280.7,864.0,366.7,12854.2
037420,DASH,DOORDASH INC,2024,10722.0,5542.0,4470.0,149.0,123.0,12845.0
024724,LILAK,LIBERTY LATIN AMERICA LTD,2024,4456.9,2947.2,,541.4,-657.0,12800.0
025119,MHK,MOHAWK INDUSTRIES INC,2024,10836.9,7432.5,1949.6,820.1,517.7,12778.6
196159,PBF,PBF ENERGY INC,2024,33115.3,33230.7,260.4,-645.8,-533.8,12703.2
125240,TKO,TKO GROUP HOLDINGS INC,2024,2804.341,899.875,788.387,723.237,9.408,12699.936
030861,KNX,KNIGHT-SWIFT TRPTN HLDGS INC,2024,7410.078,6387.02,,230.256,117.626,12698.532
186858,ARMK,ARAMARK,2024,17400.701,16035.464,283.627,698.31,262.522,12674.371
018071,REXR,REXFORD INDUS REALTY,2024,936.407,485.507,84.391,366.509,273.802,12648.218
021503,KMPR,KEMPER CORP/DE,2024,4656.8,4101.8,,501.3,317.8,12630.4
033955,ELAN,ELANCO ANIMAL HLTH INC,2024,4439.0,1908.0,1658.0,251.0,338.0,12614.0
031846,DRI,DARDEN RESTAURANTS INC,2024,12076.7,9434.1,688.6,1437.9,1049.6,12587.0
041640,MBLY,MOBILEYE GLOBAL INC,2024,1654.0,475.0,1194.4,-521.4,-3090.0,12579.0
012428,POR,PORTLAND GENERAL ELECTRIC CO,2024,3440.0,2432.0,,512.0,313.0,12544.0
018441,SPNT,SIRIUSPOINT LTD,2024,2507.9,2067.1,232.1,196.8,199.9,12524.9
004058,DOV,DOVER CORP,2024,7745.909,4411.453,1720.449,1276.165,2697.126,12509.16
009815,SON,SONOCO PRODUCTS CO,2024,5305.365,3862.942,632.233,507.0,163.949,12507.79
033175,SPOT,SPOTIFY TECHNOLOGY SA,2024,16226.454,11241.424,3446.556,1413.201,1178.186,12428.928
004145,RVTY,REVVITY INC,2024,2755.026,997.718,910.796,418.663,270.385,12392.478
029099,REG,REGENCY CENTERS CORP,2024,1513.83,844.295,101.465,568.07,400.388,12391.961
016721,EA,ELECTRONIC ARTS INC,2024,7463.0,1299.0,4269.0,1584.0,1121.0,12368.0
327115,INTR,INTER & CO INC,2024,1593.409,826.369,139.873,593.403,146.666,12361.915
003504,COO,COOPER COS INC (THE),2024,3895.4,1111.4,1641.4,768.4,392.3,12315.2
004941,GATX,GATX CORP,2024,1585.5,473.2,236.3,473.6,284.2,12296.5
001919,AVT,AVNET INC,2024,23757.129,20907.109,1866.395,896.917,498.699,12209.147
183780,TWO,TWO HARBORS INVESTMENT CORP,2024,1031.543,185.349,,846.194,298.168,12204.319
016777,FBNC,FIRST BANCORP/NC,2024,537.139,203.415,160.006,157.655,76.215,12147.694
186310,HII,HUNTINGTON INGALLS IND INC,2024,11535.0,9759.0,973.0,477.0,550.0,12141.0
175404,FSLR,FIRST SOLAR INC,2024,4206.289,1929.601,468.629,1389.235,1292.044,12124.361
035065,AVTR,AVANTOR INC,2024,6783.6,4386.5,1240.3,751.3,711.5,12114.5
012151,COTY,COTY INC,2024,6118.0,1951.1,3163.0,582.8,89.4,12082.5
147988,ACM,AECOM,2024,16105.498,14850.057,160.105,924.236,402.266,12061.669
018329,BUSE,FIRST BUSEY CORP,2024,663.363,209.66,201.161,231.985,113.691,12046.722
009890,SWX,SOUTHWEST GAS HOLDINGS INC,2024,5112.445,4190.234,,483.771,198.815,12023.836
177287,JAZZ,JAZZ PHARMACEUTICALS PLC,2024,4068.95,277.945,2269.294,861.644,560.12,12012.257
037382,CNXC,CONCENTRIX CORP,2024,9618.9,6150.666,2009.231,763.065,251.217,11991.438
050688,AMTM,AMENTUM HOLDINGS INC,2024,8388.0,7567.0,291.0,279.0,-82.0,11974.0
074571,BBT,BEACON FINANCIAL CORP,2024,654.136,320.58,165.779,153.141,68.715,11905.326
157955,AGO,ASSURED GUARANTY LTD,2024,899.0,355.0,,544.0,376.0,11901.0
004990,GAP,GAP INC,2024,15086.0,8359.0,5115.0,1112.0,844.0,11885.0
012389,HOG,HARLEY-DAVIDSON INC,2024,5186.802,2846.367,1390.907,788.855,455.357,11881.579
025751,BLX,BLADEX INC,2024,829.457,543.12,51.923,230.851,205.873,11858.673
126554,A,AGILENT TECHNOLOGIES INC,2024,6510.0,2737.0,1926.0,1593.0,1289.0,11846.0
029649,MAA,MID-AMERICA APT CMNTYS INC,2024,2174.056,1477.748,56.516,639.792,527.543,11812.369
065605,RBA,RB GLOBAL INC,2024,4284.2,2284.2,756.7,798.9,413.1,11807.0
032884,PAGS,PAGSEGURO DIGITAL LTD,2024,1484.767,1293.119,448.874,-516.067,342.178,11786.683
042912,PLGO,PELAGOS INSURANCE CAPITAL,2024,2420.0,2155.5,95.9,168.6,113.3,11765.9
004423,EFX,EQUIFAX INC,2024,5681.1,2518.7,1402.5,1090.1,604.1,11759.4
006216,J,JACOBS SOLUTIONS INC,2024,11500.941,8432.53,1976.92,855.836,806.093,11759.005
027187,FWONK,LIBERTY MEDIA FORMULA ONE,2024,3653.0,2501.0,408.0,392.0,-30.0,11759.0
004510,FMC,FMC CORP,2024,4246.1,2463.0,922.6,726.3,341.1,11653.3
018241,FCF,FIRST COMMONWLTH FINL CP/PA,2024,699.694,250.741,186.523,256.742,142.572,11584.936
016981,OFG,OFG BANCORP,2024,873.526,244.088,218.833,383.818,198.17,11500.734
035211,CLVT,CLARIVATE PLC,2024,2556.7,869.2,709.7,250.8,-636.7,11490.2
149177,NXST,NEXSTAR MEDIA GROUP,2024,5407.0,2545.0,1088.0,1290.0,722.0,11468.0
027393,HGV,HILTON GRAND VACATIONS,2024,4981.0,3646.0,368.0,699.0,47.0,11442.0
121382,SBAC,SBA COMMUNICATIONS CORP,2024,2679.634,581.727,258.756,1569.634,749.536,11417.336
277323,ZIM,ZIM INTEGRATED SHIPPING SERV,2024,8474.0,4513.2,284.6,2533.7,2147.7,11389.5
063892,NOV,NOV INC,2024,8870.0,6627.0,1133.0,767.0,635.0,11361.0
220211,ICL,ICL GROUP LTD,2024,6841.0,3952.0,1442.0,814.0,407.0,11321.0
036190,OTIS,OTIS WORLDWIDE CORP,2024,14261.0,9795.0,1970.0,2315.0,1645.0,11316.0
039319,GXO,GXO LOGISTIC INC,2024,11709.0,9853.0,1061.0,380.0,134.0,11266.0
331125,RNW,RENEW ENERGY GLOBAL PLC,2024,1135.942,304.188,,589.85,44.636,11232.662
009203,ROK,ROCKWELL AUTOMATION,2024,8264.2,4721.9,1936.7,1288.2,952.5,11232.1
008807,TXNM,TXNM ENERGY INC,2024,1971.199,1129.634,,456.64,242.682,11211.733
020338,PRMB,PRIMO BRANDS CORP,2024,5152.5,3197.6,1050.6,571.0,-16.4,11194.5
025180,AGCO,AGCO CORP,2024,11661.9,8511.6,1823.0,995.1,-424.8,11190.6
025389,GPK,GRAPHIC PACKAGING HOLDING CO,2024,8807.0,6288.0,774.0,1208.0,658.0,11144.0
028499,YUMC,YUM CHINA HOLDINGS INC,2024,11303.0,9062.0,607.0,1161.0,911.0,11121.0
045775,SFD,SMITHFIELD FOODS INC,2024,14142.0,11960.0,841.0,1006.0,953.0,11055.0
008551,PVH,PVH CORP,2024,8652.9,3510.4,4060.7,815.4,598.5,11033.2
007875,NWL,NEWELL BRANDS INC,2024,7582.0,4664.0,2070.0,525.0,-216.0,11004.0
038845,OWL,BLUE OWL CAPITAL INC,2024,2337.599,1339.278,,723.405,109.584,10992.47
035005,ZM,ZOOM COMMUNICATIONS INC,2024,4665.433,999.69,2671.948,871.163,1010.238,10988.421
024638,TRU,TRANSUNION,2024,4183.8,1673.3,1211.3,761.4,284.4,10984.8
065380,ESLT,ELBIT SYSTEMS LTD,2024,6827.871,5035.06,1134.067,500.353,321.138,10971.596
026270,STEL,STELLAR BANCORP INC,2024,625.446,191.528,183.221,218.67,115.003,10905.79
064306,KRC,KILROY REALTY CORP,2024,1173.381,715.246,72.066,372.262,210.969,10898.357
010894,UDR,UDR INC,2024,1679.741,1285.251,84.305,290.78,89.585,10897.586
008644,KGC,KINROSS GOLD CORP,2024,5148.8,2159.9,324.0,1476.5,948.8,10865.6
006547,SR,SPIRE INC,2024,2593.0,1826.3,,488.3,250.9,10860.7
187812,MTDR,MATADOR RESOURCES CO,2024,3504.981,962.502,127.454,1434.698,885.322,10850.109
001878,ADSK,AUTODESK INC,2024,6131.0,450.0,4088.0,1416.0,1112.0,10833.0
061591,NTAP,NETAPP INC,2024,6572.0,1735.0,3169.0,1425.0,1186.0,10823.0
145977,AAP,ADVANCE AUTO PARTS INC,2024,9094.327,4962.297,3827.154,12.896,-335.788,10798.109
028322,HR,HEALTHCARE REALTY TRUST INC,2024,1267.921,1462.143,56.391,-250.613,-654.485,10650.923
012785,PPC,PILGRIM'S PRIDE CORP,2024,17878.291,15123.827,546.082,1774.76,1086.438,10650.576
019647,HAPN,HAPPEN INC,2024,1160.928,1032.33,,75.264,51.33,10630.509
163036,BLDR,BUILDERS FIRSTSOURCE,2024,16400.492,10928.019,3296.795,1613.749,1077.898,10583.086
040535,TPG,TPG INC,2024,3500.082,3339.226,,25.47,23.483,10535.109
028192,HWM,HOWMET AEROSPACE INC,2024,7430.0,5137.0,379.0,1637.0,1155.0,10519.0
033056,CLBK,COLUMBIA FINANCIAL INC,2024,453.32,287.895,132.971,21.801,-11.653,10475.493
065290,SLG,SL GREEN REALTY CORP,2024,710.539,766.191,85.588,-141.24,22.01,10470.099
150139,DKS,DICKS SPORTING GOODS INC,2024,13442.849,8219.553,3351.764,1473.932,1165.308,10458.694
039963,KD,KYNDRYL HOLDINGS INC,2024,15057.0,11179.0,2588.0,600.0,252.0,10452.0
014369,AD,ARRAY DIG INFRASTRUCTURE INC,2024,3770.0,1630.0,1330.0,145.0,-39.0,10449.0
125595,AKAM,AKAMAI TECHNOLOGIES INC,2024,3991.168,1172.522,1575.756,636.354,504.918,10368.785
144640,ABG,ASBURY AUTOMOTIVE GROUP INC,2024,17188.6,14239.9,1875.0,998.7,430.3,10337.0
245918,BRSL,BRIGHTSTAR LOTTERY PLC,2024,2512.0,1142.0,438.0,729.0,348.0,10278.0
061494,HSIC,HENRY SCHEIN INC,2024,12673.0,8640.0,2986.0,750.0,390.0,10218.0
025313,STE,STERIS PLC,2024,5459.515,2833.634,1161.664,988.285,614.641,10146.811
045220,VIK,VIKING HOLDINGS LTD,2024,5333.882,3126.276,883.889,1075.068,152.331,10120.685
030651,DAR,DARLING INGREDIENTS INC,2024,5715.175,4437.337,492.105,281.908,278.88,10070.473
002259,BKH,BLACK HILLS CORP,2024,2127.7,1354.5,,503.1,273.1,10022.6
030671,RS,RELIANCE INC,2024,13835.0,9721.8,2666.2,1178.3,875.2,10021.8
039041,DTM,DT MIDSTREAM INC,2024,981.0,278.0,,494.0,354.0,9935.0
011729,WTM,WHITE MTNS INS GROUP LTD,2024,2223.2,1447.0,332.0,422.2,230.4,9925.6
026567,FRHC,FREEDOM HOLDING CORP,2024,1969.367,1384.528,,567.681,84.65,9914.017
025633,OHI,OMEGA HEALTHCARE INVS INC,2024,1059.306,381.771,45.402,632.133,406.326,9897.891
017724,CNOB,CONNECTONE BANCORP INC,2024,534.617,284.352,101.668,142.94,73.793,9879.6
030923,FTI,TECHNIPFMC PLC,2024,9083.3,6985.3,740.5,982.6,842.9,9869.2
027364,TWLO,TWILIO INC,2024,4458.036,2025.196,2269.524,-40.435,-109.403,9865.472
025466,RACE,FERRARI NV,2024,6912.439,3099.195,1164.162,1958.759,1575.618,9832.515
176567,SMCI,SUPER MICRO COMPUTER INC,2024,14989.251,12889.148,850.636,1210.774,1152.666,9826.092
003062,CTAS,CINTAS CORP,2024,10340.181,4893.44,2798.638,2344.726,1812.281,9825.241
065718,GPI,GROUP 1 AUTOMOTIVE INC,2024,19934.2,16693.2,2148.8,979.1,498.2,9824.2
191255,VAC,MARRIOTT VACATIONS WORLDWIDE,2024,4967.0,3007.0,1179.0,635.0,218.0,9808.0
190963,NBHC,NATIONAL BANK HLDGS CORP,2024,598.899,199.635,186.194,188.879,118.815,9807.693
029736,TSCO,TRACTOR SUPPLY CO,2024,14883.231,9486.674,3481.863,1467.532,1101.24,9805.485
019318,PRK,PARK NATIONAL CORP,2024,639.405,139.489,211.834,272.899,151.42,9805.35
183377,FTNT,FORTINET INC,2024,5955.8,1034.8,2999.4,1798.8,1745.2,9763.1
033459,OBK,ORIGIN BANCORP,2024,618.885,271.667,176.688,153.73,76.492,9678.702
028155,TCBK,TRICO BANCSHARES,2024,531.045,141.836,162.416,216.675,114.868,9673.728
007620,MUR,MURPHY OIL CORP,2024,3016.891,1253.005,234.036,601.999,407.171,9667.479
019570,STBA,S & T BANCORP INC,2024,564.955,181.199,150.651,233.105,131.265,9657.972
039067,RYAN,RYAN SPECIALTY HOLDINGS INC,2024,2515.71,1788.642,,559.438,94.665,9649.918
039337,LCID,LUCID GROUP INC,2024,807.832,1435.606,2077.405,-3000.516,-2713.942,9647.931
024782,PRGO,PERRIGO CO PLC,2024,4373.4,2504.8,1224.8,317.9,-171.8,9647.7
141459,GRMN,GARMIN LTD,2024,6296.903,2429.188,2102.561,1593.994,1411.436,9630.527
036691,PPLI,PEOPLE INC,2024,3807.233,1059.785,2490.081,-14.029,-539.897,9547.16
037413,AFRM,AFFIRM HOLDINGS INC,2024,2322.999,2762.1,,-608.145,-517.757,9519.619
031585,BY,BYLINE BANCORP INC,2024,624.78,244.924,158.822,210.623,120.759,9496.529
022815,TRMB,TRIMBLE INC,2024,3683.3,1157.1,1719.5,574.7,1504.4,9488.3
011721,OSK,OSHKOSH CORP,2024,10755.5,8660.9,851.3,1063.4,681.4,9483.9
030736,OKTA,OKTA INC,2024,2610.0,549.0,2019.0,-56.0,28.0,9437.0
175307,DEI,DOUGLAS EMMETT INC,2024,1017.09,734.306,45.356,237.428,23.517,9403.7
011060,VFC,VF CORP,2024,9504.691,4159.238,4547.088,538.749,-189.716,9377.536
002220,BIO,BIO-RAD LABORATORIES INC,2024,2566.5,1024.6,1050.8,339.5,-1844.2,9364.1
027333,ADNT,ADIENT PLC,2024,14688.0,13429.0,501.0,426.0,18.0,9351.0
016653,TMHC,TAYLOR MORRISON HOME CORP,2024,8168.136,6183.924,758.963,1213.714,883.309,9297.131
036965,GRAB,GRAB HOLDINGS LIMITED,2024,2797.0,1476.0,1192.0,-18.0,-105.0,9295.0
020232,KEYS,KEYSIGHT TECHNOLOGIES INC,2024,4979.0,1566.0,2169.0,980.0,614.0,9269.0
112111,CSGP,COSTAR GROUP INC,2024,2736.2,484.5,2128.7,4.7,138.7,9256.8
017106,PEBO,PEOPLES BANCORP INC/OH,2024,620.142,196.862,174.192,249.088,117.205,9254.247
005870,IDA,IDACORP INC,2024,1826.633,1275.384,,327.839,289.174,9239.363
185797,HHH,HOWARD HUGHES HOLDINGS INC,2024,1770.209,1213.539,92.256,464.414,197.703,9211.236
165914,CMG,CHIPOTLE MEXICAN GRILL INC,2024,11313.853,8296.161,728.727,1953.935,1534.11,9204.374
064630,TTWO,TAKE-TWO INTERACTIVE SFTWR,2024,5633.6,1491.4,3446.0,-646.0,-4478.9,9180.7
035868,BILL,BILL HOLDINGS INC,2024,1290.172,180.525,1152.089,-145.605,-28.878,9178.813
027394,PK,PARK HOTELS & RESORTS,2024,2651.0,2207.0,69.0,375.0,212.0,9161.0
040383,CRGY,CRESCENT ENERGY CO,2024,2930.919,1439.597,282.929,258.913,-114.605,9160.649
020904,HOLX,HOLOGIC INC,2024,4030.3,1479.2,1248.7,993.4,789.5,9156.0
163118,WMG,WARNER MUSIC GROUP CORP,2024,6426.0,3355.0,1700.0,1044.0,435.0,9155.0
004818,FLR,FLUOR CORP,2024,16315.0,15668.0,190.0,384.0,2145.0,9143.0
036175,VRT,VERTIV HOLDINGS CO,2024,8011.8,4984.8,1374.0,1376.0,495.8,9132.5
013710,FUN,SIX FLAGS ENTERTAINMENT CORP,2024,2708.926,1608.617,292.828,489.368,-231.164,9130.516
025964,GTLS,CHART INDUSTRIES INC,2024,4160.3,2673.8,508.2,708.4,218.5,9123.9
339965,SNOW,SNOWFLAKE INC,2024,3626.396,1072.277,3808.168,-1436.557,-1285.64,9033.938
028967,QCRH,QCR HOLDINGS INC,2024,595.154,267.167,153.599,163.157,113.85,9026.03
002497,MTZ,MASTEC INC,2024,12303.464,10675.987,684.508,436.351,162.788,8975.275
013421,CDNS,CADENCE DESIGN SYSTEMS INC,2024,4641.264,484.46,2487.908,1481.547,1055.484,8974.482
015199,SRCE,1ST SOURCE CORP,2024,571.184,195.666,139.46,226.747,132.623,8931.938
005526,HE,HAWAIIAN ELECTRIC INDS,2024,3219.85,2699.324,,226.993,-1424.119,8931.416
018383,BRX,BRIXMOR PROPERTY GROUP INC,2024,1305.83,709.655,116.363,479.812,339.274,8908.914
003026,CHD,CHURCH & DWIGHT INC,2024,6107.1,3143.9,1605.6,1152.9,585.3,8883.1
012140,NNN,NNN REIT INC,2024,872.246,288.63,44.386,539.23,396.835,8872.728
022717,SYBT,STOCK YARDS BANCORP INC,2024,508.109,165.564,136.303,206.242,114.539,8863.419
034309,STNE,STONECO LTD,2024,2143.485,436.643,481.014,1072.329,-244.983,8862.324
025339,CACC,CREDIT ACCEPTANCE CORP,2024,2162.4,1383.0,,772.7,247.9,8854.6
128978,PKG,PACKAGING CORP OF AMERICA,2024,8383.3,6071.7,609.5,1176.6,805.1,8833.2
010735,TRN,TRINITY INDUSTRIES INC,2024,3079.2,2117.2,235.7,432.5,138.4,8832.2
065886,AMG,AFFILIATED MANAGERS GRP INC,2024,2040.9,915.3,376.5,706.7,511.6,8830.9
005256,GWW,GRAINGER (W W) INC,2024,17168.0,10246.0,4035.0,2653.0,1909.0,8829.0
003562,CUZ,COUSINS PROPERTIES INC,2024,853.962,648.437,36.566,168.959,45.962,8802.146
017875,NIC,NICOLET BANKSHARES INC,2024,519.332,174.15,143.55,201.632,124.059,8796.795
018675,BURL,BURLINGTON STORES INC,2024,10634.823,6025.272,3548.699,713.277,503.639,8770.413
014330,WFG,WEST FRSER TMBR CO LTD,2024,6174.0,5234.0,282.0,109.0,-5.0,8760.0
018036,VISN,VISTANCE NETWORKS INC,2024,4205.8,2547.0,1008.3,331.1,-315.5,8747.5
158587,TBBK,BANCORP INC,2024,709.106,213.725,138.343,352.883,217.54,8727.543
035182,CRWD,CROWDSTRIKE HOLDINGS INC,2024,3953.624,781.553,3012.456,-54.341,-19.271,8701.578
025895,RDN,RADIAN GROUP INC,2024,1304.13,393.53,,892.6,604.44,8663.988
008215,OI,O-I GLASS INC,2024,6552.0,5084.0,525.0,512.0,-106.0,8654.0
119275,MKSI,MKS INC,2024,3586.0,1775.0,945.0,518.0,190.0,8590.0
064389,SLGN,SILGAN HOLDINGS INC,2024,5854.694,4567.035,410.029,601.746,276.378,8584.668
026013,SM,SM ENERGY CO,2024,2690.259,652.752,202.465,1025.737,770.293,8576.647
029868,MAC,MACERICH CO,2024,720.852,1059.422,28.145,-366.715,-194.12,8567.039
012441,IT,GARTNER INC,2024,6267.411,2023.022,2873.905,1168.169,1253.715,8534.671
120093,CNX,CNX RESOURCES CORP,2024,1268.1,775.598,,6.748,-90.494,8511.903
030067,ADC,AGREE REALTY CORP,2024,617.095,289.06,37.233,290.802,189.197,8486.446
030999,CVNA,CARVANA CO,2024,13673.0,10657.0,1709.0,1002.0,210.0,8484.0
029901,CPRT,COPART INC,2024,4236.823,2158.921,314.918,1573.223,1363.02,8427.764
019517,OGS,ONE GAS INC,2024,2083.558,1387.815,,399.044,222.85,8425.571
183606,ARI,APOLLO COMMERCIAL RE FIN INC,2024,812.118,314.904,,497.214,-119.636,8411.591
001913,AVY,AVERY DENNISON CORP,2024,8755.7,5913.4,1415.3,1115.4,704.9,8404.2
137573,ENTG,ENTEGRIS INC,2024,3241.208,1565.94,739.883,557.146,292.787,8394.62
175263,WU,WESTERN UNION CO,2024,4209.7,2421.2,823.3,786.1,934.2,8370.5
043862,AS,AMER SPORTS INC,2024,5183.3,2271.7,2150.7,487.1,72.6,8336.3
007733,NFG,NATIONAL FUEL GAS CO,2024,1944.81,758.931,,728.853,77.513,8319.77
005783,JBHT,HUNT (JB) TRANSPRT SVCS INC,2024,12087.204,10148.691,335.79,841.582,570.886,8312.27
017035,MCY,MERCURY GENERAL CORP,2024,5469.933,4843.448,,586.604,467.953,8310.632
001327,SWKS,SKYWORKS SOLUTIONS INC,2024,4178.0,1999.7,925.2,801.8,596.0,8283.3
176928,BR,BROADRIDGE FINANCIAL SOLUTNS,2024,6506.8,4171.3,916.8,1098.6,698.1,8242.4
023071,GDDY,GODADDY INC,2024,4573.2,1943.1,1565.3,933.1,936.9,8235.4
002807,CASY,CASEYS GENERAL STORES INC,2024,15940.899,12188.496,2526.151,822.605,546.52,8208.118
014370,MAN,MANPOWERGROUP,2024,17853.9,14680.5,2725.6,361.2,145.1,8201.0
034053,REZI,RESIDEO TECHNOLOGIES,2024,6761.0,4796.0,1204.0,617.0,116.0,8199.0
036463,ALIT,ALIGHT INC,2024,2332.0,1442.0,522.0,-27.0,-157.0,8193.0
014403,DX,DYNEX CAPITAL INC,2024,316.123,20.505,14.088,281.53,113.898,8184.579
325576,APG,API GROUP CORP,2024,7018.0,4752.0,1380.0,584.0,250.0,8152.0
017240,TMP,TOMPKINS FINANCIAL CORP,2024,435.701,143.083,148.111,134.032,70.85,8109.08
041459,FSUN,FIRSTSUN CAP BANCORP,2024,549.332,190.18,191.267,157.741,75.628,8097.387
002435,BF.B,BROWN FORMAN CORP,2024,3975.0,1542.0,1228.0,1118.0,869.0,8086.0
008001,NWE,NORTHWESTERN ENRGY GROUP INC,2024,1513.898,962.942,,323.321,224.111,7997.524
024405,ZBRA,ZEBRA TECHNOLOGIES CP  -CL A,2024,4981.0,2500.0,1544.0,765.0,528.0,7968.0
011925,NE,NOBLE CORP PLC,2024,3057.818,1800.829,140.499,677.95,448.353,7964.768
011304,AVA,AVISTA CORP,2024,1938.0,1358.0,,306.0,180.0,7941.0
030091,SNAP,SNAP INC,2024,5361.398,2467.006,3453.455,-717.137,-697.856,7936.348
039103,PAYO,PAYONEER GLBL INC,2024,977.716,320.257,450.294,161.719,121.163,7930.38
009778,SNA,SNAP-ON INC,2024,5108.4,2355.6,1331.6,1323.2,1043.9,7896.8
025898,SGRY,SURGERY PARTNERS INC,2024,3114.3,2367.8,138.7,454.3,-168.1,7890.0
026749,HRI,HERC HOLDINGS INC,2024,3568.0,1539.0,469.0,754.0,211.0,7877.0
064690,ALV,AUTOLIV INC,2024,10390.0,8118.0,887.0,998.0,646.0,7804.0
043585,HG,HAMILTON INSURANCE GROUP LTD,2024,2333.155,1399.104,270.178,647.407,400.429,7796.033
008902,RPM,RPM INTERNATIONAL INC,2024,7372.644,4126.34,2085.071,969.433,688.688,7775.949
150937,STX,SEAGATE TECHNOLOGY HOLDINGS,2024,6551.0,4738.0,1114.0,435.0,335.0,7739.0
006223,EME,EMCOR GROUP INC,2024,14566.116,11667.385,1420.188,1344.863,1007.145,7716.473
144998,XPO,XPO INC,2024,8072.0,6882.0,,699.0,387.0,7711.0
011300,GHC,GRAHAM HOLDINGS CO,2024,4790.904,3324.538,1076.875,265.326,724.634,7677.205
009538,SEB,SEABOARD CORP,2024,9100.0,8213.0,420.0,156.0,88.0,7665.0
024978,CALY,CALLAWAY GOLF CO,2024,4239.3,2627.8,1124.4,211.3,-1447.7,7636.1
178015,LULU,LULULEMON ATHLETICA INC,2024,10588.126,3874.015,3758.879,2509.197,1814.616,7603.292
005567,HEI,HEICO CORP,2024,3857.669,2182.215,679.653,822.073,514.109,7592.822
008123,OLN,OLIN CORP,2024,6540.1,5232.9,408.5,455.3,108.6,7579.1
033809,CWK,CUSHMAN & WAKEFIELD,2024,9446.5,7720.2,1210.2,393.9,131.3,7549.2
028866,CASH,PATHWARD FINANCIAL INC,2024,816.145,79.334,238.059,498.752,183.219,7532.017
137131,CRL,CHARLES RIVER LABS INTL INC,2024,4049.989,2424.843,702.597,593.878,10.297,7528.345
063927,UNFI,UNITED NATURAL FOODS INC,2024,30980.0,26460.0,4054.0,147.0,-112.0,7528.0
022741,CC,CHEMOURS CO,2024,5782.0,4329.0,716.0,435.0,86.0,7515.0
003734,DAN,DANA INC,2024,10284.0,8999.0,524.0,339.0,-57.0,7485.0
031453,NSIT,INSIGHT ENTERPRISES INC,2024,8701.698,6837.545,1353.1,412.916,249.691,7448.578
066016,INGR,INGREDION INC,2024,7430.0,5425.0,782.0,1009.0,647.0,7444.0
105861,WPM,WHEATON PRECIOUS METALS CORP,2024,1284.639,343.969,71.535,620.832,529.14,7424.457
045768,SAIL,SAILPOINT INC,2024,861.611,195.31,617.787,-188.734,-315.83,7411.916
028790,LW,LAMB WESTON HOLDINGS INC,2024,6460.3,4631.7,581.9,876.6,357.2,7392.6
014027,CLH,CLEAN HARBORS INC,2024,5889.952,4065.713,739.629,670.232,402.299,7377.278
006788,RRC,RANGE RESOURCES CORP,2024,2403.624,1435.416,207.793,393.642,266.34,7347.675
018689,VEEV,VEEVA SYSTEMS INC,2024,2746.619,673.951,1336.85,696.435,714.138,7339.756
004988,TGNA,TEGNA INC,2024,3101.971,1748.915,421.584,817.937,599.818,7326.519
185881,BAH,BOOZ ALLEN HAMILTON HLDG CP,2024,11858.0,9199.0,1361.0,1133.0,935.0,7312.0
013570,MIDD,MIDDLEBY CORP,2024,3875.162,2284.755,765.352,705.017,428.433,7283.151
003028,CHDN,CHURCHILL DOWNS INC,2024,2734.3,1596.7,237.7,700.8,423.8,7275.9
034919,TW,TRADEWEB MARKETS INC,2024,1725.949,799.499,,706.451,501.507,7267.993
022134,AXTA,AXALTA COATING SYSTEMS LTD,2024,5276.0,3352.0,921.0,789.0,391.0,7249.0
020670,PAAS,PAN AMERICAN SILVER CORP,2024,2818.9,1698.7,112.2,405.0,111.5,7202.7
037453,RBLX,ROBLOX CORP,2024,3601.979,2412.964,2025.895,-1045.417,-935.384,7175.003
014790,MTH,MERITAGE HOMES CORP,2024,6395.035,4771.069,639.925,960.441,786.186,7162.654
039648,LTH,LIFE TIME GRP HOLD INC,2024,2620.995,1697.366,221.047,427.901,156.24,7152.537
150764,TFII,TFI INTERNATIONAL INC,2024,8396.83,7082.688,,732.073,422.484,7145.844
183942,ST,SENSATA TECHNOLOGES HLDG PLC,2024,3932.764,2608.353,561.472,459.679,128.477,7143.264
012392,SKYW,SKYWEST INC,2024,3527.92,2355.076,294.307,494.657,322.962,7139.867
021431,CRC,CALIFORNIA RESOURCES CORP,2024,3198.0,1672.0,316.0,735.0,376.0,7135.0
162401,HUN,HUNTSMAN CORP,2024,6036.0,4892.0,792.0,74.0,-189.0,7114.0
018745,ESNT,ESSENT GROUP LTD,2024,1242.904,346.311,,890.81,729.403,7111.649
010407,TFX,TELEFLEX INC,2024,3061.124,1065.722,1127.865,592.936,69.675,7097.914
266315,KRG,KITE REALTY GROUP TRUST,2024,840.684,677.03,52.558,111.096,4.071,7091.767
017769,HASI,HA SUSTAINABLE INFRA CAP INC,2024,631.473,356.694,,274.779,200.037,7080.245
033718,BJ,BJS WHSL CLUB HLDGS INC,2024,20501.804,16481.013,2997.293,760.633,534.417,7065.305
064891,RL,RALPH LAUREN CORP,2024,7079.0,2226.1,3644.2,989.1,742.9,7047.3
006867,MDU,MDU RESOURCES GROUP INC,2024,1757.978,1292.258,,265.642,281.108,7038.818
009555,SEE,SEALED AIR CORP,2024,5392.6,3589.2,738.6,823.9,264.7,7022.1
010549,THO,THOR INDUSTRIES INC,2024,10043.408,8471.085,882.095,413.083,265.308,7020.823
122257,BMRN,BIOMARIN PHARMACEUTICAL INC,2024,2853.915,580.235,1613.781,570.042,426.859,6988.94
007849,NJR,NEW JERSEY RESOURCES CORP,2024,1796.539,1171.868,,458.104,289.775,6981.645
259518,JHG,JANUS HENDERSON GROUP PLC,2024,2473.2,1789.3,,663.4,408.9,6963.1
025632,KW,KENNEDY-WILSON HOLDINGS INC,2024,531.4,157.6,157.0,68.5,-33.0,6961.1
023996,GNL,GLOBAL NET LEASE INC,2024,805.01,389.909,66.665,155.495,-131.572,6955.764
110039,AMKR,AMKOR TECHNOLOGY INC,2024,6317.692,4790.339,494.757,438.455,354.012,6944.328
012689,KBH,KB HOME,2024,6930.086,5414.211,692.981,785.622,655.018,6936.169
109183,PFBC,PREFERRED BANK LOS ANGELES,2024,522.661,248.568,60.968,210.974,130.662,6923.429
031887,RMD,RESMED INC,2024,4685.297,1886.269,1224.178,1398.866,1020.951,6872.394
112721,RBCAA,REPUBLIC BANCORP INC/KY,2024,505.636,175.208,132.506,189.284,101.371,6846.667
185339,STAG,STAG INDUSTRIAL INC,2024,767.428,455.204,49.202,263.022,189.22,6833.335
003246,CMC,COMMERCIAL METALS,2024,7925.972,6297.02,654.981,693.604,485.491,6817.839
034414,KNTK,KINETIK HOLDINGS INC,2024,1482.929,969.577,,189.155,80.014,6814.937
004384,MARA,MARA HOLDINGS INC,2024,656.378,412.045,285.307,-467.599,541.253,6801.317
002596,CACI,CACI INTL INC  -CL A,2024,7659.832,5147.54,1720.439,649.708,419.924,6796.101
032886,GTES,GATES INDUSTRIAL CORPORATION,2024,3408.2,1831.0,867.2,493.1,194.9,6786.3
015267,IEX,IDEX CORP,2024,3268.8,1638.4,748.3,706.5,505.0,6745.3
036898,U,UNITY SOFTWARE INC,2024,1813.255,347.506,1545.063,-488.294,-664.114,6737.407
174729,TNL,TRAVEL PLUS LEISURE CO,2024,3864.0,1836.0,1025.0,888.0,411.0,6735.0
326688,NVT,NVENT ELECTRIC PLC,2024,3006.1,1745.7,557.1,557.3,331.8,6734.9
012471,WKC,WORLD KINECT CORP,2024,42168.0,41035.3,777.9,248.4,67.4,6731.8
065417,YUM,YUM BRANDS INC,2024,7567.0,3740.0,1063.0,2539.0,1486.0,6727.0
018351,EQX,EQUINOX GOLD CORP,2024,1514.12,989.586,63.179,231.561,339.287,6713.595
005764,HUBB,HUBBELL INC,2024,5628.5,3509.8,792.3,1124.9,777.8,6679.1
018732,LKFN,LAKELAND FINANCIAL CORP,2024,429.002,193.229,79.205,150.615,93.478,6678.374
166563,DK,DELEK US HOLDINGS INC,2024,11852.2,11543.1,239.8,-306.7,-560.4,6665.8
174310,KBR,KBR INC,2024,7742.0,6531.0,538.0,565.0,375.0,6663.0
317427,NOMD,NOMAD FOODS LTD,2024,3209.262,2167.841,467.133,473.966,235.119,6658.717
005338,GEF,GREIF INC  -CL A,2024,5448.1,4116.0,634.5,436.3,268.8,6647.6
028590,BCO,BRINKS CO,2024,5011.9,3449.8,835.8,445.0,162.9,6623.1
013971,MEOH,METHANEX CORP,2024,3719.829,2292.378,717.029,323.098,163.986,6597.126
063422,LAMR,LAMAR ADVERTISING CO  -CL A,2024,2207.103,720.032,490.278,525.983,361.867,6586.549
188255,FBIN,FORTUNE BRANDS INNOVATNS INC,2024,4609.0,2422.2,1237.6,780.6,471.9,6561.8
024379,MTG,MGIC INVESTMENT CORP/WI,2024,1207.731,199.22,,1004.311,762.994,6547.235
007116,MAT,MATTEL INC,2024,5379.546,2504.554,1967.688,739.341,541.817,6544.084
012589,EHC,ENCOMPASS HEALTH CORP,2024,5373.2,3989.5,209.2,874.9,455.7,6534.7
038753,ACT,ENACT HOLDINGS INC,2024,1201.774,256.974,,944.8,688.068,6521.531
162887,DXCM,DEXCOM INC,2024,4033.0,1356.3,1823.7,635.3,576.2,6484.5
022638,GTM,ZOOMINFO TECHNO INC,2024,1214.3,119.5,780.4,230.7,29.1,6467.6
016781,CHCO,CITY HOLDING CO,2024,379.763,88.012,85.978,201.558,117.101,6459.459
008463,PNR,PENTAIR PLC,2024,4082.8,2369.4,716.0,882.8,625.4,6446.5
007526,QDEL,QUIDELORTHO CORP,2024,2782.9,1246.4,983.5,99.6,-2052.0,6423.6
010581,TKR,TIMKEN CO,2024,4573.0,2977.9,739.0,634.3,352.7,6411.0
043197,VLTO,VERALTO CORP,2024,5193.0,2010.0,1888.0,1217.0,833.0,6406.0
032244,NEXT,NEXTDECADE CORP,2024,0.0,0.0,169.144,-171.075,-61.751,6404.059
029011,BYD,BOYD GAMING CORP,2024,3930.194,2140.161,569.632,943.762,577.952,6391.815
111880,DOX,AMDOCS,2024,5004.989,3121.584,933.643,756.696,493.197,6386.142
018699,PTC,PTC INC,2024,2298.472,378.715,1221.272,590.366,376.333,6383.542
034010,CRK,COMSTOCK RESOURCES INC,2024,1253.58,588.238,39.435,-169.49,-229.651,6382.097
012459,NVR,NVR INC,2024,10692.941,7832.174,699.103,2143.289,1681.928,6380.988
016476,LEVI,LEVI STRAUSS & CO,2024,6355.3,2346.5,3170.1,645.8,210.6,6375.5
036910,PLTR,PALANTIR TECHNOLOG INC,2024,2865.507,534.403,1989.114,310.403,462.19,6340.884
005518,HAS,HASBRO INC,2024,4135.5,1445.0,1727.8,799.7,385.6,6340.3
164652,BKD,BROOKDALE SENIOR LIVING INC,2024,3125.487,2526.764,177.92,63.015,-201.935,6335.562
178997,FNV,FRANCO-NEVADA CORP,2024,1112.6,129.0,40.9,717.4,552.1,6330.4
138205,ILMN,ILLUMINA INC,2024,4372.0,1156.0,2413.0,449.0,-1223.0,6303.0
028278,GABC,GERMAN AMERICAN BANCORP INC,2024,315.38,103.227,97.201,105.675,83.811,6295.91
312009,FRO,FRONTLINE PLC,2024,2050.385,1005.677,36.086,669.592,495.583,6220.807
141384,ALGN,ALIGN TECHNOLOGY INC,2024,3999.012,1054.493,2124.344,675.141,421.362,6214.6
050617,SARO,STANDARDAERO INC,2024,5237.161,4390.276,254.092,404.593,10.974,6213.601
019262,CTBI,COMMUNITY TRUST BANCORP INC,2024,376.008,138.399,91.631,140.975,82.813,6193.245
017228,TALO,TALOS ENERGY INC,2024,1973.568,567.418,147.134,117.854,-76.393,6191.795
293070,BUR,BURFORD CAPITAL LIMITED,2024,546.087,155.485,,390.602,146.484,6175.025
038282,ULCC,FRONTIER GRP HOLD INC,2024,3775.0,3516.0,463.0,-276.0,85.0,6153.0
039207,VFS,VINFAST AUTO LTD,2024,1958.853,2331.649,1056.08,-1816.429,-3031.893,6120.125
027885,TTD,TRADE DESK INC,2024,2444.831,389.012,1545.652,427.167,393.076,6111.951
043737,TLN,TALEN ENERGY CORP,2024,2115.0,1514.0,,303.0,998.0,6106.0
028485,CIGI,COLLIERS INTL GROUP INC,2024,4822.024,2899.949,1339.063,361.41,161.725,6100.617
014253,WABC,WESTAMERICA BANCORPORATION,2024,311.169,17.719,70.965,219.636,138.636,6076.274
018494,IRT,INDEPENDENCE REALTY TRUST,2024,640.382,484.993,24.245,129.772,39.291,6057.919
032771,WSC,WILLSCOT HOLDINGS CORP,2024,2395.718,791.736,576.252,642.758,28.129,6034.911
030298,HIW,HIGHWOODS PROPERTIES INC,2024,842.53,595.819,41.903,204.808,102.248,6029.355
178704,ULTA,ULTA BEAUTY INC,2024,11295.654,6641.359,2822.281,1564.972,1201.118,6001.693
007921,NDSN,NORDSON CORP,2024,2689.921,1059.914,798.171,695.661,467.284,6000.966
112158,CLS,CELESTICA INC,2024,9646.0,8503.9,371.5,618.7,428.0,5988.2
156861,SGI,SOMNIGROUP INTERNATIONAL INC,2024,4930.9,2560.3,1507.5,699.3,384.3,5980.4
192255,ACHC,ACADIA HEALTHCARE CO INC,2024,3153.963,2041.304,440.788,522.276,255.612,5956.915
142460,BTU,PEABODY ENERGY CORP,2024,4236.7,3420.9,91.0,332.9,370.9,5953.7
021815,TFIN,TRIUMPH FINANCIAL INC,2024,487.929,90.826,252.594,117.007,16.09,5948.975
064853,QRVO,QORVO INC,2024,3718.971,1869.731,1134.015,418.389,55.615,5933.131
141277,EXAS,EXACT SCIENCES CORP,2024,2758.867,636.181,2054.218,-146.391,-1028.857,5928.139
039916,BTSG,BRIGHTSPRING HEALTH SVCS INC,2024,11266.472,9473.555,1378.661,209.774,-18.062,5926.14
065831,SAH,SONIC AUTOMOTIVE INC  -CL A,2024,14224.3,12031.5,1586.1,456.3,216.0,5895.7
060800,SBGI,SINCLAIR INC,2024,3548.0,1735.0,1032.0,531.0,310.0,5885.0
145049,GME,GAMESTOP CORP,2024,3823.0,2708.6,1102.3,-26.8,131.3,5875.4
038870,CNM,CORE & MAIN INC,2024,7441.0,5458.0,1067.0,730.0,411.0,5870.0
038212,APP,APPLOVIN CORP,2024,4709.248,799.026,1593.85,1874.344,1579.776,5869.259
020116,PAYC,PAYCOM SOFTWARE INC,2024,1883.2,267.4,953.1,516.8,502.0,5859.9
006461,KEX,KIRBY CORP,2024,3265.876,2235.264,337.097,453.193,286.707,5851.952
026539,EGO,ELDORADO GOLD CORP,2024,1322.581,564.158,86.753,415.351,289.121,5835.593
064536,EEFT,EURONET WORLDWIDE INC,2024,3989.8,3039.5,315.3,503.2,306.0,5834.5
029108,PTEN,PATTERSON-UTI ENERGY INC,2024,5377.911,3919.869,268.337,17.832,-968.031,5833.466
187039,Z,ZILLOW GROUP INC,2024,2236.0,287.0,1889.0,-180.0,-112.0,5829.0
002771,CSL,CARLISLE COS INC,2024,5003.6,3052.8,648.7,1129.5,1311.8,5816.6
028194,AVNT,AVIENT CORP,2024,3240.4,2006.2,705.3,350.7,169.5,5811.1
138483,BRKR,BRUKER CORP,2024,3366.4,1549.1,1221.6,411.9,113.1,5806.7
033684,EPRT,ESSENTIAL PPT RLTY TST,2024,452.679,142.003,35.391,275.285,203.004,5798.682
035620,DDOG,DATADOG INC,2024,2684.275,461.389,2113.635,54.284,183.746,5785.339
005581,HP,HELMERICH & PAYNE,2024,2756.607,1628.038,285.844,439.848,344.165,5781.898
031109,AM,ANTERO MIDSTREAM CORP,2024,1106.193,304.062,,661.942,400.892,5761.748
063185,CHKP,CHECK POINT SOFTWARE TECHN,2024,2565.0,270.3,1322.9,888.2,845.7,5754.5
013700,XRAY,DENTSPLY SIRONA INC,2024,3793.0,1572.0,1597.0,275.0,-910.0,5753.0
003121,CLX,CLOROX CO/DE,2024,7093.0,3822.0,2097.0,939.0,280.0,5751.0
165678,CPA,COPA HOLDINGS SA,2024,3446.198,2362.537,,752.951,608.114,5742.286
007991,TEX,TEREX CORP,2024,5127.0,3936.0,530.0,582.0,335.0,5730.0
015520,SIG,SIGNET JEWELERS LTD,2024,6703.8,3929.4,2124.6,501.6,61.2,5726.6
187148,ORC,ORCHID ISLAND CAPITAL INC,2024,157.133,16.744,,140.389,37.662,5721.627
064344,MTN,VAIL RESORTS INC,2024,2885.191,1647.937,410.027,550.734,230.405,5698.437
063186,QGEN,QIAGEN NV,2024,1978.214,545.179,757.855,498.811,83.591,5689.622
002444,BC,BRUNSWICK CORP,2024,5237.1,3597.5,913.9,436.9,130.1,5677.7
160913,ORA,ORMAT TECHNOLOGIES INC,2024,879.654,429.345,,179.699,123.733,5666.224
019150,OSBC,OLD SECOND BANCORP INC/IL,2024,340.818,69.019,114.184,149.584,85.264,5649.377
027875,ELS,EQUITY LIFESTYLE PPTYS INC,2024,1532.414,962.345,60.546,509.523,367.014,5645.652
001794,ASH,ASHLAND INC,2024,2113.0,1287.0,419.0,189.0,169.0,5645.0
064356,CIEN,CIENA CORP,2024,4014.955,2199.81,1498.812,191.209,83.956,5641.337
013342,RLI,RLI CORP,2024,1770.384,1315.753,8.216,438.751,345.779,5628.802
121077,FFIV,F5 INC,2024,2816.12,491.038,1576.275,675.107,566.778,5613.004
174236,SEM,SELECT MEDICAL HOLDINGS CORP,2024,5187.105,4553.461,225.869,264.909,214.038,5607.951
142337,NOG,NORTHERN OIL & GAS INC,2024,2225.728,596.533,50.463,837.831,520.308,5603.822
024440,PRA,PROASSURANCE CORP,2024,1114.97,1051.454,,56.516,52.744,5574.273
292414,ENLT,ENLIGHT RENEWABLE ENERGY,2024,377.935,131.144,,137.902,44.209,5546.885
043198,NATL,NCR ATLEOS CORP,2024,4305.0,3006.0,551.0,476.0,80.0,5535.0
014311,PII,POLARIS INC,2024,7174.7,5480.7,1208.3,199.4,110.8,5525.2
004108,FLS,FLOWSERVE CORP,2024,4557.806,3003.413,953.858,514.663,282.759,5500.821
024617,ODFL,OLD DOMINION FREIGHT,2024,5814.81,3926.244,,1543.998,1186.073,5491.395
035158,PSN,PARSONS CORP,2024,6750.576,5251.163,937.857,468.565,235.053,5487.962
107781,HBM,HUDBAY MINERALS INC,2024,2021.2,1042.7,114.0,426.0,76.7,5487.6
045779,MRP,MILLROSE PROPERTIES INC,2024,0.0,0.0,246.221,-246.221,-246.221,5465.29
039386,AMBP,ARDAGH METAL PACKAGING SA,2024,4908.0,3964.0,272.0,223.0,-3.0,5462.0
043415,BIRK,BIRKENSTOCK HOLDING PLC,2024,2012.836,805.817,594.854,499.191,213.701,5448.351
178507,MSCI,MSCI INC,2024,2856.128,514.382,623.812,1536.919,1109.128,5445.439
029127,INCY,INCYTE CORP,2024,4241.217,221.795,3124.486,805.688,32.615,5444.322
039791,ROIV,ROIVANT SCIENCES LTD,2024,29.053,0.911,1021.626,-1000.281,-171.981,5436.94
034873,LYFT,LYFT INC,2024,5786.016,3619.559,2151.624,-110.953,22.784,5435.069
062337,IAG,IAMGOLD CORP,2024,1633.0,437.5,64.0,850.8,819.6,5374.4
035497,NVST,ENVISTA HOLDINGS CORP,2024,2510.6,995.9,1219.6,172.0,-1118.6,5350.5
035013,PINS,PINTEREST INC,2024,3646.166,730.418,2680.015,214.467,1862.106,5342.66
123455,AGI,ALAMOS GOLD INC,2024,1346.9,475.6,91.0,553.0,284.3,5336.1
177966,ALSN,ALLISON TRANSMISSION HLDGS,2024,3225.0,1562.0,536.0,1006.0,731.0,5336.0
003138,COKE,COCA COLA CONSOLIDATED INC,2024,6899.716,3976.194,1806.317,920.35,633.125,5313.139
185618,SBRA,SABRA HEALTH CARE REIT INC,2024,702.838,415.183,49.496,238.159,126.712,5303.679
011511,WSM,WILLIAMS-SONOMA INC,2024,7711.541,3948.412,2152.115,1381.212,1125.251,5301.607
065609,CHRW,C H ROBINSON WORLDWIDE INC,2024,17724.956,14862.782,2005.665,759.349,465.69,5297.926
023077,UNIT,UNITI GROUP INC,2024,1166.927,455.187,111.453,600.287,93.406,5282.145
189517,ENVA,ENOVA INTERNATIONAL INC,2024,1529.449,904.484,,584.758,209.448,5266.131
037751,DRVN,DRIVEN BRANDS HOLDINGS INC,2024,2339.588,1254.073,1046.309,-140.906,-292.496,5261.787
030384,FR,FIRST INDL REALTY TRUST INC,2024,672.407,348.609,40.935,276.712,287.554,5261.426
171002,GMED,GLOBUS MEDICAL INC,2024,2519.355,718.982,1092.095,453.669,102.984,5251.75
018683,SAIC,SCIENCE APPLICATIONS INTL CP,2024,7466.0,6447.0,331.0,548.0,362.0,5246.0
045238,PACS,PACS GROUP INC,2024,4089.734,3596.643,343.808,108.474,55.76,5242.909
179657,HI,HILLENBRAND INC,2024,3182.8,2054.0,626.9,348.1,-211.0,5238.7
007993,NWN,NORTHWEST NATURAL HLDNG CO,2024,1152.994,823.954,,191.142,78.871,5234.316
010405,ATI,ATI INC -NEW,2024,4362.1,3300.3,340.2,563.1,367.8,5230.6
024620,RHP,RYMAN HOSPITALITY PPTYS INC,2024,2367.478,1806.843,41.819,518.816,271.638,5217.573
036967,BNL,BROADSTONE NET LEASE INC,2024,432.794,229.759,38.1,164.935,162.441,5216.417
019507,OUT,OUTFRONT MEDIA INC,2024,1830.9,949.0,445.0,282.5,258.2,5215.2
198058,CPRI,CAPRI HOLDINGS LTD,2024,4442.0,1616.0,3349.0,-716.0,-1182.0,5213.0
026494,TEAM,ATLASSIAN CORP,2024,4358.603,737.517,3659.425,-117.077,-300.519,5212.133
026768,SSRM,SSR MINING INC,2024,995.618,628.631,224.969,-290.923,-261.277,5189.02
002628,CWT,CALIFORNIA WATER SERVICE GP,2024,1036.806,643.913,,260.992,190.807,5180.283
010789,TYL,TYLER TECHNOLOGIES INC,2024,2137.803,1122.663,574.978,299.555,263.026,5180.015
004367,WFRD,WEATHERFORD INTL PLC,2024,5513.0,3262.0,914.0,994.0,506.0,5159.0
185770,CMRE,COSTAMARE INC,2024,2083.894,1363.027,92.748,463.913,319.919,5148.687
028378,LION,LIONSGATE STUDIOS CORP,2024,3195.5,2212.1,740.5,225.1,-128.5,5115.2
183736,GNRC,GENERAC HOLDINGS INC,2024,4295.834,2556.183,1031.837,536.046,316.315,5109.331
170655,QXO,QXO INC,2024,56.873,33.808,77.41,-55.467,27.969,5098.262
001410,ABM,ABM INDUSTRIES INC,2024,8359.4,7275.4,654.3,323.1,81.4,5097.2
004193,EGP,EASTGROUP PROPERTIES,2024,639.86,364.408,20.619,254.833,227.751,5077.476
020534,VNOM,VIPER ENERGY INC,2024,860.387,60.937,18.641,566.397,359.245,5069.04
177108,CNK,CINEMARK HOLDINGS INC,2024,3049.5,2489.7,,362.4,309.7,5067.0
022155,FND,FLOOR & DECOR HLDGS,2024,4455.77,2301.619,1676.069,248.516,205.872,5050.478
026839,PECO,PHILLIPS EDISON & CO INC,2024,661.478,443.333,50.604,167.541,62.685,5046.223
036494,FOUR,SHIFT4 PAYMENTS INC,2024,3330.6,2285.9,488.0,285.6,229.6,5041.4
003708,WEN,WENDY'S CO,2024,2246.492,1471.182,263.702,368.374,194.357,5034.843
007085,MAS,MASCO CORP,2024,7828.0,4840.0,1466.0,1372.0,822.0,5016.0
177983,G,GENPACT LTD,2024,4767.139,3017.662,967.145,696.445,513.67,4987.153
003662,CW,CURTISS-WRIGHT CORP,2024,3121.189,1858.538,610.504,544.48,404.978,4985.704
023977,APLE,APPLE HOSPITALITY REIT INC,2024,1431.468,865.887,292.566,273.015,214.064,4969.92
034526,ARDT,ARDENT HEALTH INC,2024,5966.072,3820.684,1593.338,405.762,210.343,4956.1
264193,SNDR,SCHNEIDER NATIONAL INC,2024,5290.5,4587.2,124.4,165.2,117.0,4933.7
004926,FUL,FULLER (H. B.) CO,2024,3568.736,2312.435,687.73,393.861,130.256,4933.244
328795,ACA,ARCOSA INC,2024,2569.9,1859.7,279.7,235.5,93.7,4915.5
037054,ASO,ACADEMY SPO AND OU INC,2024,5933.45,3921.99,1361.851,531.539,418.447,4900.963
258869,TPH,TRI POINTE HOMES INC,2024,4492.87,3412.429,472.556,576.867,458.029,4891.115
027652,KNSL,KINSALE CAPITAL GROUP INC,2024,1587.525,1056.873,,524.85,414.843,4886.704
315318,ESI,ELEMENT SOLUTIONS INC,2024,2456.9,1263.6,675.7,360.0,244.2,4873.9
035874,REYN,REYNOLDS CONSUMER PRODUCTS,2024,3695.0,2628.0,391.0,549.0,352.0,4873.0
006733,BBWI,BATH & BODY WORKS INC,2024,7307.0,3791.0,1968.0,1266.0,798.0,4872.0
019440,LADR,LADDER CAPITAL CORP,2024,501.234,174.41,,326.824,108.255,4845.073
038019,OSCR,OSCAR HEALTH INC,2024,9177.564,7332.589,1755.565,57.265,25.432,4840.496
028139,SANM,SANMINA CORP,2024,7568.328,6805.481,294.708,345.721,222.536,4822.845
179060,BTG,B2GOLD CORP,2024,1902.03,1705.439,84.161,-259.283,-629.891,4813.998
164755,CROX,CROCS INC,2024,4102.108,1668.782,1316.47,1047.016,950.071,4812.153
164660,CCO,CLEAR CHANNEL OUTDOOR HLDGS,2024,1505.23,679.514,373.034,278.684,-179.254,4804.263
162559,LAZ,LAZARD INC,2024,2972.616,2563.698,,372.607,279.912,4793.993
121815,ECPG,ENCORE CAPITAL GROUP INC,2024,1353.369,553.712,453.741,313.482,-139.244,4789.729
036309,SPHR,SPHERE ENTERTAINMENT CO,2024,1026.889,547.824,445.571,-223.0,-200.649,4787.892
183833,TRNO,TERRENO REALTY CORP,2024,394.704,192.006,42.659,160.039,184.497,4770.156
004494,EXPD,EXPEDITORS INTL WASH INC,2024,10600.515,9190.385,307.717,1041.323,810.073,4754.458
187697,EPAM,EPAM SYSTEMS INC,2024,4727.94,3275.831,757.324,605.91,454.533,4750.473
023245,BLD,TOPBUILD CORP,2024,5329.803,3566.203,707.393,917.525,622.602,4735.426
017997,CSTM,CONSTELLIUM SE,2024,7335.0,6397.0,356.0,278.0,56.0,4734.0
179577,ENOV,ENOVIS CORP,2024,2107.623,744.51,1014.212,64.001,-825.494,4718.777
064997,FIX,COMFORT SYSTEMS USA INC,2024,7027.476,5460.949,674.703,746.339,522.433,4711.088
005860,ITT,ITT INC,2024,3630.7,2253.1,610.5,636.8,518.3,4710.7
032748,NMRK,NEWMARK GROUP INC,2024,2754.081,2409.623,,158.965,61.234,4710.12
033037,ZS,ZSCALER INC,2024,2167.771,397.942,1810.374,-121.477,-57.706,4704.968
014225,FAST,FASTENAL CO,2024,7546.0,3968.7,1891.9,1510.0,1150.6,4698.0
164557,RBC,RBC BEARINGS INC,2024,1636.3,868.8,273.7,373.8,246.2,4685.2
178803,ENSG,ENSIGN GROUP INC,2024,4260.485,3594.07,224.379,357.898,297.973,4669.356
009324,HTO,H2O AMERICA,2024,748.439,461.688,,173.896,93.967,4658.309
032547,NEXA,NEXA RESOURCES SA,2024,2766.481,1939.145,199.887,297.251,-205.03,4637.465
183581,OPLN,OPENLANE INC,2024,1788.5,950.9,460.8,281.6,109.9,4622.3
063000,RUSHA,RUSH ENTERPRISES INC,2024,7804.746,6105.778,995.586,467.281,304.153,4617.547
001254,MATX,MATSON INC,2024,3421.8,2417.7,303.6,552.3,476.4,4595.4
033110,STEP,STEPSTONE GROUP INC,2024,1174.83,1263.886,114.75,-249.295,-179.563,4586.693
043515,WAY,WAYSTAR HOLDING CORP,2024,943.549,315.657,298.833,142.428,-19.125,4577.004
111873,RH,RH,2024,3180.753,1637.096,1096.297,318.635,72.412,4554.689
061574,WAT,WATERS CORP,2024,2958.387,1055.466,841.854,869.242,637.834,4553.795
012615,MHO,M/I HOMES INC,2024,4504.67,3295.667,492.795,706.094,563.725,4549.796
018498,MUSA,MURPHY USA INC,2024,17909.4,15602.7,1308.1,747.4,502.5,4541.6
018004,CCS,CENTURY COMMUNITIES INC,2024,4398.288,3410.572,516.489,446.941,333.816,4532.472
039310,VSXY,VICTORIAS SECRET AND CO,2024,6230.0,3705.4,1932.3,341.3,165.0,4532.0
029150,URBN,URBAN OUTFITTERS INC,2024,5550.666,3496.198,1457.507,473.764,402.462,4519.48
170714,ESRT,EMPIRE STATE REALTY TR INC,2024,789.221,538.979,70.234,180.008,47.441,4510.287
150803,BFC,BANK FIRST CORP,2024,226.051,67.805,46.858,103.342,65.563,4495.06
034970,AHR,AMERICAN HEALTHCARE REIT INC,2024,2063.8,1884.493,100.455,78.852,-37.812,4488.057
316056,ALLE,ALLEGION PLC,2024,3772.2,1987.6,876.4,792.1,597.5,4487.8
035852,AHCO,ADAPTHEALTH CORP,2024,3260.975,2259.593,330.55,305.498,90.422,4486.947
011313,WSO,WATSCO INC,2024,7618.317,5573.604,1252.617,751.274,536.286,4479.523
024157,FCFS,FIRSTCASH HOLDINGS INC,2024,3388.514,2659.96,173.199,450.414,258.815,4476.986
143912,AXON,AXON ENTERPRISE INC,2024,2082.526,783.722,1167.591,74.398,377.034,4474.588
031752,CBZ,CBIZ INC,2024,1813.472,1577.943,56.738,130.731,41.038,4470.883
026061,MTCH,MATCH GROUP INC,2024,3479.373,991.273,1503.114,853.912,551.276,4465.771
007648,VYX,NCR VOYIX CORP,2024,2826.0,1964.0,531.0,109.0,958.0,4452.0
282104,DOLE,DOLE PLC,2024,8475.343,7666.36,466.502,243.663,125.513,4446.363
042856,KGS,KODIAK GAS SERVICES INC,2024,1159.311,458.376,108.628,332.035,49.895,4435.123
028176,ATR,APTARGROUP INC,2024,3582.89,2227.381,582.086,509.639,374.541,4432.278
175007,ALGT,ALLEGIANT TRAVEL CO,2024,2512.589,1869.444,256.739,128.155,-240.238,4429.853
002270,VAL,VALARIS LIMITED,2024,2362.6,1760.9,116.3,363.3,373.4,4419.8
043113,SN,SHARKNINJA INC,2024,5528.639,2768.204,1998.322,639.004,438.705,4394.159
185370,WD,WALKER & DUNLOP INC,2024,1179.581,711.075,,230.957,108.167,4381.993
011580,WWD,WOODWARD INC,2024,3324.249,2331.6,445.509,430.97,372.971,4368.915
249158,GLNG,GOLAR LNG LTD,2024,260.372,121.583,39.846,45.417,50.839,4367.677
175606,DAC,DANAOS CORPORATION,2024,1014.11,278.986,54.228,532.552,505.073,4343.654
023083,ENR,ENERGIZER HOLDINGS INC,2024,2887.0,1635.2,648.4,475.4,38.1,4342.4
171141,FIVE,FIVE BELOW INC,2024,3876.527,2497.751,855.243,356.086,253.611,4339.574
036203,VNT,VONTIER CORP,2024,2979.0,1528.7,797.0,549.2,422.2,4310.5
032382,ROKU,ROKU INC,2024,4112.898,2221.571,1992.816,-164.203,-129.386,4303.933
165052,UAA,UNDER ARMOUR INC,2024,5164.31,2689.566,2140.942,198.102,-201.267,4300.871
036404,DKNG,DRAFTKINGS INC,2024,4767.699,2679.561,2364.451,-547.313,-507.285,4283.725
039676,IHS,IHS HOLDING LIMITED,2024,1711.225,540.828,324.705,473.766,-1632.025,4276.992
180652,VRSK,VERISK ANALYTICS INC,2024,2881.7,901.1,404.4,1270.3,958.2,4264.7
178672,CVI,CVR ENERGY INC,2024,7610.0,7115.0,139.0,58.0,7.0,4263.0
030463,GBX,GREENBRIER COS INC (THE),2024,3544.7,2870.6,247.1,311.4,160.1,4254.5
019730,PCTY,PAYLOCITY HOLDING CORP,2024,1281.68,367.363,699.724,138.167,206.766,4245.46
008486,TPC,TUTOR PERINI CORP,2024,4326.922,4076.097,300.791,-103.753,-163.721,4242.71
264265,ALNY,ALNYLAM PHARMACEUTICALS INC,2024,2248.243,268.27,2101.758,-176.885,-278.157,4239.983
033243,WH,WYNDHAM HOTELS & RESRTS,2024,1408.0,649.0,130.0,558.0,289.0,4223.0
022783,KEN,KENON HOLDINGS LTD,2024,751.304,521.877,91.446,47.838,597.673,4213.241
025110,ICUI,ICU MEDICAL INC,2024,2382.046,1462.708,583.295,116.531,-117.688,4203.931
175686,PRIM,PRIMORIS SERVICES CORP,2024,6366.838,5587.736,363.686,319.894,180.888,4195.868
024116,FSV,FIRSTSERVICE CORP,2024,5216.894,3498.974,1229.541,323.11,134.375,4194.852
024783,TTEK,TETRA TECH INC,2024,5198.679,4258.562,356.024,510.416,333.382,4192.676
038477,DRS,LEONARDO DRS INC,2024,3234.0,2429.0,407.0,307.0,213.0,4184.0
032843,CAAP,CORPORACION AMERICA AIRPORTS,2024,1843.267,1042.279,197.718,400.863,282.674,4181.45
174744,EVR,EVERCORE INC,2024,2995.746,2404.852,,566.426,378.279,4173.971
185128,AMRC,AMERESCO INC,2024,1769.928,1431.386,166.52,82.479,56.757,4158.508
273726,SDRL,SEADRILL LTD,2024,1385.0,924.0,107.0,186.0,446.0,4156.0
029156,UFPI,UFP INDUSTRIES INC,2024,6652.309,5307.526,704.925,491.696,414.56,4150.938
035447,DT,DYNATRACE INC,2024,1698.683,285.628,1185.518,179.433,483.684,4139.678
064901,MMS,MAXIMUS INC,2024,5306.197,4020.588,665.465,494.617,306.914,4131.508
001659,ANDE,ANDERSONS INC,2024,11257.548,10435.818,500.882,193.044,114.012,4121.314
033695,CCB,COASTAL FINANCIAL CORP,2024,704.982,401.356,74.02,225.054,45.219,4121.208
140988,TNET,TRINET GROUP INC,2024,5053.0,4101.0,540.0,337.0,173.0,4119.0
043316,CART,MAPLEBEAR INC,2024,3378.0,799.0,2014.0,509.0,457.0,4115.0
146140,PDM,PIEDMONT OFFICE REALTY TRUST,2024,574.671,494.495,30.592,49.584,-79.069,4114.651
177067,CCEC,CAPITAL CLEAN ENERGY CARRIER,2024,369.413,75.45,16.682,191.125,193.634,4112.882
011191,VSH,VISHAY INTERTECHNOLOGY INC,2024,2937.587,2112.334,501.88,112.728,-31.15,4110.696
160621,SFL,SFL CORP LTD,2024,904.404,343.303,20.986,300.934,130.653,4107.769
007549,MOG.A,MOOG INC  -CL A,2024,3609.16,2525.373,608.672,382.027,207.22,4093.626
165743,SBLK,STAR BULK CARRIERS CORP,2024,1265.458,680.903,71.086,349.414,304.654,4086.378
063172,FDS,FACTSET RESEARCH SYSTEMS INC,2024,2203.056,886.758,431.087,760.024,537.126,4055.04
026361,RRR,RED ROCK RESORTS INC,2024,1939.011,744.227,432.276,575.396,154.051,4045.531
019484,FTAI,FTAI AVIATION LTD,2024,1734.901,825.884,138.573,552.38,8.682,4037.952
041059,ESAB,ESAB CORP,2024,2740.803,1668.148,544.378,461.677,264.842,4033.975
033301,DOCU,DOCUSIGN INC,2024,2976.739,526.305,2108.641,233.989,1067.885,4012.705
322985,DEC,DIVERSIFIED ENERGY CO,2024,794.841,428.902,117.647,-39.06,-88.272,4003.525
025030,VRTS,VIRTUS INVESTMENT PTNRS INC,2024,906.949,659.365,,182.327,121.746,3994.494
160893,ENS,ENERSYS,2024,3617.579,2420.69,608.656,487.357,363.735,3971.248
025756,P,EVERPURE INC,2024,3168.164,824.926,2111.55,101.488,106.739,3963.942
064857,SRPT,SAREPTA THERAPEUTICS INC,2024,1901.979,311.423,1327.075,218.081,235.239,3963.173
007401,MLKN,MILLERKNOLL INC,2024,3669.9,2129.9,1174.9,224.6,-36.9,3950.2
148170,RIOT,RIOT PLATFORMS INC,2024,376.658,262.755,266.915,-365.065,109.401,3935.307
023249,LITE,LUMENTUM HOLDINGS INC,2024,1359.2,859.7,520.3,-282.0,-546.5,3931.9
039048,FA,FIRST ADVANTAGE CORP,2024,860.205,448.911,323.559,-58.184,-110.273,3922.893
039309,STGW,STAGWELL INC,2024,2841.216,1842.978,688.808,157.778,2.259,3908.221
271342,CMBT,CMB TECH NV,2024,990.906,377.829,77.766,369.282,870.829,3905.046
025747,LFUS,LITTELFUSE INC,2024,2190.768,1334.901,453.094,272.321,100.19,3891.779
118267,KFY,KORN FERRY,2024,2761.086,2074.097,245.037,361.665,246.062,3861.224
065275,BFAM,BRIGHT HORIZONS FAMILY SOLTN,2024,2686.013,1985.996,352.463,249.636,140.191,3850.319
029052,LXP,LXP INDUSTRIAL TRUST,2024,355.279,253.376,40.482,61.421,44.534,3843.312
011670,SPB,SPECTRUM BRND HLDG INC,2024,2963.9,1752.8,919.7,189.6,124.8,3842.3
184352,STNG,SCORPIO TANKERS INC,2024,1243.951,378.955,121.048,588.066,668.774,3833.652
030059,AEO,AMERN EAGLE OUTFITTERS INC,2024,5328.652,3231.449,1431.814,444.864,329.38,3830.775
022447,PARR,PAR PACIFIC HOLDINGS INC,2024,7974.457,7720.299,108.844,36.045,-33.322,3829.371
065009,AROC,ARCHROCK INC,2024,1157.591,458.501,139.121,366.775,172.231,3824.205
025219,HLI,HOULIHAN LOKEY INC,2024,2389.416,1831.802,,516.344,399.711,3819.708
146017,AYI,ACUITY INC,2024,3841.0,2007.9,1185.7,556.3,422.6,3814.6
021847,HUBS,HUBSPOT INC,2024,2627.543,298.336,2286.495,-54.116,4.628,3795.833
043057,PHIN,PHINIA INC,2024,3403.0,2487.0,442.0,314.0,79.0,3768.0
002593,CBT,CABOT CORP,2024,3994.0,2871.0,345.0,627.0,380.0,3736.0
041782,SKWD,SKYWARD SPECIALTY INS GP INC,2024,1147.676,983.978,,159.711,118.828,3729.478
062921,NBIX,NEUROCRINE BIOSCIENCES INC,2024,2355.3,1731.2,,597.0,341.3,3718.7
111486,GIL,GILDAN ACTIVEWEAR INC,2024,3270.59,2128.709,308.069,695.61,400.865,3715.122
010453,TER,TERADYNE INC,2024,2819.88,1066.376,1086.046,547.717,542.372,3708.714
031424,CYD,CHINA YUCHAI INTERNATIONAL,2024,2621.316,2137.296,383.217,2.92,44.259,3705.612
122172,ZD,ZIFF DAVIS INC,2024,1401.688,950.657,,239.115,63.047,3704.334
330888,HAFN,HAFNIA LTD,2024,2868.647,1803.905,107.619,742.012,774.035,3702.29
020126,WMS,ADVANCED DRAINAGE SYSTEMS,2024,2904.245,1679.808,370.267,672.845,450.172,3690.36
006649,LEG,LEGGETT & PLATT INC,2024,4383.6,3508.9,488.9,251.4,-511.5,3661.6
008199,OTTR,OTTER TAIL CORP,2024,1330.548,843.177,,380.25,301.662,3652.082
011376,WST,WEST PHARMACEUTICAL SVSC INC,2024,2893.2,1739.3,403.0,595.5,492.7,3643.4
017934,SFM,SPROUTS FARMERS MARKET,2024,7719.29,4771.347,2304.246,504.497,380.601,3640.699
037752,PLTK,PLAYTIKA HOLDING CORP,2024,2549.3,526.4,1372.3,484.9,162.2,3639.2
030536,GEO,GEO GROUP INC,2024,2423.702,1774.479,210.968,312.035,31.966,3632.08
037079,GBTG,GLOBAL BUSINESS TRAVL GP INC,2024,2423.0,967.0,1077.0,201.0,-138.0,3624.0
160888,MPWR,MONOLITHIC POWER SYSTEMS INC,2024,2207.1,949.932,680.98,539.758,1786.7,3617.097
125604,PLUG,PLUG POWER INC,2024,628.814,1169.145,453.336,-1078.223,-2104.701,3602.846
062823,FCN,FTI CONSULTING INC,2024,3698.652,2472.816,822.151,355.592,280.088,3596.83
127377,BGC,BGC GROUP INC,2024,2262.818,2004.317,,175.63,126.988,3591.967
010618,TTC,TORO CO,2024,4583.8,2900.6,994.5,560.5,418.9,3582.8
043026,FTRE,FORTREA HOLDINGS INC,2024,2700.2,2162.2,430.7,22.0,-328.5,3579.2
002986,CPK,CHESAPEAKE UTILITIES CORP,2024,787.2,489.3,,232.2,118.6,3577.0
029015,DECK,DECKERS OUTDOOR CORP,2024,4985.612,2099.022,1638.145,1179.092,966.091,3570.252
025536,CENTA,CENTRAL GARDEN & PET CO,2024,3200.46,2183.669,703.165,222.819,107.983,3553.439
160373,MORN,MORNINGSTAR INC,2024,2275.1,896.2,759.7,429.3,369.9,3548.9
187118,NBIS,NEBIUS GROUP N V,2024,117.5,73.4,407.5,-440.7,-641.4,3548.6
003946,DBD,DIEBOLD NIXDORF INC,2024,3752.8,2672.2,642.8,305.5,-16.5,3543.5
102696,LOGI,LOGITECH INTERNATIONAL SA,2024,4554.9,2523.081,1287.436,664.621,631.529,3538.504
026167,BWIN,BALDWIN INSURANCE GROUP INC,2024,1389.037,1032.048,192.366,55.699,-24.518,3534.731
003964,DDS,DILLARDS INC  -CL A,2024,6590.231,3919.549,1752.653,740.162,593.476,3531.054
006737,LECO,LINCOLN ELECTRIC HLDGS INC,2024,4008.67,2442.494,773.548,704.39,466.108,3520.142
024249,TDOC,TELADOC HEALTH INC,2024,2569.574,751.27,1653.544,-208.788,-1001.245,3516.524
183603,DBRG,DIGITALBRIDGE GROUP INC,2024,607.028,326.471,114.985,131.866,70.522,3513.318
036600,PCVX,VAXCYTE INC,2024,0.0,0.0,562.543,-569.546,-463.927,3511.318
035490,CTOS,CUSTOM TRUCK ONE SOURCE INC,2024,1802.28,1228.557,229.544,120.781,-28.655,3501.967
018888,AMRX,AMNEAL PHARMACEUTICALS INC,2024,2793.957,1532.745,672.995,347.443,-116.886,3501.445
005862,RYN,RAYONIER INC,2024,1262.997,644.584,74.421,403.743,359.147,3474.419
139804,TTMI,TTM TECHNOLOGIES INC,2024,2442.753,1850.803,281.982,159.843,56.299,3472.494
122380,LII,LENNOX INTERNATIONAL INC,2024,5341.3,3474.3,730.6,1041.3,806.9,3471.8
101973,TRMD,TORM PLC,2024,1559.2,663.6,95.6,608.0,612.5,3469.6
021540,W,WAYFAIR INC,2024,11851.0,7890.0,3919.0,-345.0,-492.0,3459.0
020823,HQY,HEALTHEQUITY INC,2024,1199.774,371.942,462.512,202.869,96.703,3448.55
016453,NEOG,NEOGEN CORP,2024,894.661,342.602,413.635,18.941,-1092.044,3443.836
019582,CTRE,CARETRUST REIT INC,2024,296.286,112.608,35.149,148.529,125.08,3437.016
032526,MDB,MONGODB INC,2024,2006.443,522.734,1684.048,-216.064,-129.072,3430.293
025749,EFOR,EVERFORTH INC,2024,4099.7,2914.0,781.7,313.4,175.2,3429.0
035543,OPCH,OPTION CARE HEALTH INC,2024,4998.202,3982.625,630.251,321.833,211.823,3421.743
323308,BORR,BORR DRILLING LTD,2024,1010.6,456.4,49.2,373.8,82.1,3419.6
041716,RXO,RXO INC,2024,4550.0,3767.0,666.0,30.0,-290.0,3414.0
180466,JBTM,JBT MAREL CORP,2024,1716.0,1000.1,420.8,205.7,85.4,3413.8
029133,ITRI,ITRON INC,2024,2440.837,1563.071,553.38,268.109,239.105,3407.623
162335,PBH,PRESTIGE CONSUMER HEALTHCARE,2024,1137.762,494.416,263.932,349.241,214.605,3402.218
004809,FLO,FLOWERS FOODS INC,2024,5103.487,2577.222,1992.265,374.792,248.116,3400.447
037076,BSY,BENTLEY SYSTEMS INC,2024,1353.095,230.26,749.253,313.219,234.787,3399.807
008606,PBI,PITNEY BOWES INC,2024,2026.598,849.813,732.741,329.559,-203.597,3397.516
025870,MTX,MINERALS TECHNOLOGIES INC,2024,2118.5,1477.6,232.2,315.5,167.1,3393.9
009273,RGLD,ROYAL GOLD INC,2024,719.395,104.136,40.934,429.899,332.023,3392.13
033637,BV,BRIGHTVIEW HOLDINGS,2024,2767.1,2013.1,452.4,157.4,66.4,3391.8
016486,BCC,BOISE CASCADE CO,2024,6724.294,5393.607,697.244,489.33,376.354,3369.383
061420,POOL,POOL CORP,2024,5310.953,3690.984,958.143,617.204,434.325,3368.184
011854,NMIH,NMI HOLDINGS INC,2024,650.971,138.728,,500.307,360.106,3349.973
021002,CYBR,CYBERARK SOFTWARE LTD,2024,1000.742,173.495,836.268,-51.004,-93.461,3348.395
011094,VMI,VALMONT INDUSTRIES INC,2024,4075.034,2738.427,716.628,524.584,348.259,3329.972
037793,DFH,DREAM FINDERS HOMES INC,2024,4451.606,3581.256,427.291,432.832,335.341,3328.651
028940,BDC,BELDEN INC,2024,2460.979,1467.152,584.048,294.038,198.433,3327.938
033152,DBX,DROPBOX INC,2024,2548.2,318.3,1537.6,555.2,452.3,3325.2
316726,BWLP,BW LPG LTD,2024,3563.747,2880.427,71.134,410.005,354.296,3320.42
022459,UE,URBAN EDGE PROPERTIES,2024,447.633,310.985,37.474,99.174,72.563,3311.54
035604,NET,CLOUDFLARE INC,2024,1669.626,257.718,1428.32,-139.059,-78.8,3301.162
063643,ANF,ABERCROMBIE & FITCH  -CL A,2024,4948.587,1773.926,2286.7,734.188,566.223,3299.887
063596,WLFC,WILLIS LEASE FINANCE CORP,2024,557.54,213.624,,248.707,108.612,3297.196
030284,LBRT,LIBERTY ENERGY INC,2024,4315.161,3200.506,225.474,384.131,316.01,3296.394
024197,IDXX,IDEXX LABS INC,2024,3897.504,1388.668,1189.09,1189.837,887.867,3293.443
002787,CRS,CARPENTER TECHNOLOGY CORP,2024,2759.7,2040.8,230.2,354.1,186.5,3291.7
015343,MLI,MUELLER INDUSTRIES,2024,3768.766,2724.328,223.996,767.309,604.879,3290.906
013071,RDNT,RADNET INC,2024,1829.664,1278.409,300.166,113.251,2.793,3286.69
185549,AAT,AMERICAN ASSETS TRUST INC,2024,466.886,293.188,35.468,138.23,57.585,3273.365
030032,EXP,EAGLE MATERIALS INC,2024,2260.508,1428.469,73.942,599.195,463.416,3264.588
187450,ENPH,ENPHASE ENERGY INC,2024,1330.383,634.711,531.152,90.446,102.658,3249.676
009771,AOS,SMITH (A.O.),2024,3818.1,2283.2,739.3,716.8,533.6,3240.0
065772,MTD,METTLER-TOLEDO INTL INC,2024,3872.361,1496.595,1125.66,1127.054,863.14,3239.999
065702,CWST,CASELLA WASTE SYS INC  -CL A,2024,1557.283,1005.972,190.754,104.286,13.536,3230.068
020661,VVX,V2X INC,2024,4322.155,3867.625,147.634,195.328,34.684,3228.843
002269,HRB,BLOCK H & R INC,2024,3610.347,1869.782,813.504,805.277,595.317,3218.81
041996,NXT,NEXTPOWER INC,2024,2959.197,1939.744,361.596,644.45,509.168,3192.516
160376,TXRH,TEXAS ROADHOUSE INC,2024,5373.332,4426.076,252.58,516.519,433.592,3190.779
039378,CCC,CCC INTELLIGENT SOLUTIONS HL,2024,944.8,179.089,552.837,89.198,26.145,3183.218
147204,CCOI,COGENT COMMUNICATIONS HLDGS,2024,955.661,561.393,275.781,-188.231,-204.074,3173.102
160706,DRH,DIAMONDROCK HOSPITALITY CO,2024,1134.22,966.002,32.428,135.669,48.047,3172.251
150481,SAIA,SAIA INC,2024,3209.074,2512.332,,486.637,362.065,3166.857
018626,GLOB,GLOBANT SA,2024,2415.689,1516.288,513.268,223.402,165.732,3166.845
012945,PLXS,PLEXUS CORP,2024,3960.827,3505.635,185.478,193.052,111.815,3153.821
005252,GGG,GRACO INC,2024,2113.316,904.855,544.663,577.798,486.084,3139.212
004462,NEU,NEWMARKET CORP,2024,2786.558,1801.14,295.31,591.036,462.413,3129.541
037519,OPEN,OPENDOOR TECHNOLOGIES INC,2024,5153.0,4687.0,727.0,-298.0,-392.0,3126.0
186275,AGRO,ADECOAGRO SA,2024,1518.907,828.975,216.006,169.902,92.34,3114.888
037855,LUCK,LUCKY STRIKE ENTERTNMNT CORP,2024,1154.614,695.071,161.655,152.524,-83.581,3114.035
162354,DLB,DOLBY LABORATORIES INC,2024,1273.721,75.249,851.803,271.11,261.825,3109.928
061163,SHO,SUNSTONE HOTEL INVESTORS INC,2024,918.558,635.154,192.063,91.341,43.262,3106.639
038936,MCW,MISTER CAR WASH INC,2024,994.727,209.339,507.92,196.102,70.239,3101.796
030443,DMC,DEL MONTE CORP,2024,4280.2,3845.0,196.8,159.9,142.2,3096.2
177227,PODD,INSULET CORP,2024,2071.6,592.1,1089.8,308.9,418.3,3087.7
031255,TSEM,TOWER SEMICONDUCTOR LTD,2024,1436.122,830.401,154.398,185.044,207.864,3080.485
140073,ITGR,INTEGER HOLDINGS CORP,2024,1716.596,1191.978,192.8,224.685,119.896,3077.971
037338,SHC,SOTERA HEALTH CO,2024,1100.441,393.91,235.126,305.13,44.398,3071.648
025893,SITE,SITEONE LANDSCAPE SUPPLY INC,2024,4540.6,2973.4,1241.8,186.4,123.6,3070.8
024861,PLNT,PLANET FITNESS INC,2024,1181.654,566.638,124.946,329.724,172.042,3069.708
012266,WERN,WERNER ENTERPRISES INC,2024,3030.258,2684.157,,55.696,34.233,3052.237
025737,CAKE,CHEESECAKE FACTORY INC,2024,3581.699,3029.624,271.142,179.883,156.783,3041.76
021429,GVA,GRANITE CONSTRUCTION INC,2024,4007.574,3308.449,334.162,238.535,126.346,3025.655
031564,ACIW,ACI WORLDWIDE INC,2024,1594.288,791.783,373.808,322.135,203.118,3025.293
027014,ATKR,ATKORE INC,2024,3202.053,2058.707,397.544,624.784,472.872,3021.403
008386,PATK,PATRICK INDUSTRIES INC,2024,3715.683,2806.535,475.928,266.675,138.401,3020.954
035287,CHWY,CHEWY INC,2024,11861.335,8393.631,3240.56,112.587,392.738,3014.527
024040,IONS,IONIS PHARMACEUTICALS INC,2024,705.138,1170.605,,-475.081,-453.897,3003.675
038125,HAYW,HAYWARD HOLDINGS INC,2024,1051.606,490.488,286.706,218.551,118.655,2990.624
011017,UVV,UNIVERSAL CORP/VA,2024,2947.284,2338.854,305.287,243.37,95.047,2989.552
045458,GRAL,GRAIL INC,2024,125.595,45.561,649.729,-727.751,-2027.005,2983.307
030637,VRE,VERIS RESIDENTIAL INC,2024,277.374,193.298,38.513,45.563,-23.12,2982.727
005560,HL,HECLA MINING CO,2024,929.925,545.718,116.033,75.334,35.802,2981.06
105936,COLM,COLUMBIA SPORTSWEAR CO,2024,3392.144,1677.497,1387.962,270.741,223.273,2975.265
002101,AIT,APPLIED INDUSTRIAL TECH INC,2024,4479.406,3142.753,788.476,495.823,385.762,2951.91
133885,EXEL,EXELIXIS INC,2024,2168.701,47.413,1402.536,689.949,521.267,2947.69
004115,DY,DYCOM INDUSTRIES INC,2024,4702.014,3769.877,377.448,356.118,233.413,2945.367
037258,ZGN,ERMENEGILDO ZEGNA N V,2024,2015.388,656.338,948.531,177.829,79.805,2934.048
065084,CXW,CORECIVIC INC,2024,1961.646,1496.465,152.081,185.089,68.868,2931.891
041835,MBC,MASTERBRAND INC,2024,2700.4,1764.1,577.7,281.3,125.9,2929.8
011811,JKHY,HENRY (JACK) & ASSOCIATES,2024,2215.543,1096.239,409.384,510.016,381.816,2924.481
004036,DCI,DONALDSON CO INC,2024,3586.3,2225.3,712.0,550.5,414.0,2914.3
011796,LCII,LCI INDUSTRIES,2024,3741.208,2795.805,601.473,218.237,142.867,2894.739
186785,ARCO,ARCOS DORADOS HOLDINGS INC,2024,4470.162,3706.386,279.859,306.563,148.759,2892.654
061380,ERIE,ERIE INDEMNITY CO,2024,3795.115,3062.13,,676.455,600.314,2888.614
032372,CNR,CORE NATURAL RESOURCES INC,2024,2183.993,1475.562,95.944,388.961,286.405,2879.543
020185,SMG,SCOTTS MIRACLE-GRO CO,2024,3552.7,2552.0,545.1,375.0,-34.9,2871.9
185229,BWXT,BWX TECHNOLOGIES INC,2024,2703.654,1957.181,304.941,350.266,281.941,2869.924
026069,GPOR,GULFPORT ENERGY CORP,2024,958.131,824.3,42.558,-236.757,-261.386,2865.697
038646,PATH,UIPATH INC,2024,1429.664,228.763,1321.833,-137.843,-73.694,2865.27
136648,VC,VISTEON CORP,2024,3866.0,3240.0,207.0,324.0,274.0,2862.0
019753,MGNI,MAGNITE INC,2024,668.17,211.268,343.202,55.19,22.786,2854.768
002312,RHI,ROBERT HALF INC,2024,5795.837,3548.607,1952.486,241.474,251.598,2854.405
042950,KNF,KNIFE RIVER CORP,2024,2899.005,2192.305,242.135,327.694,201.678,2851.202
001004,AIR,AAR CORP,2024,2767.0,2183.9,293.8,234.1,12.5,2844.6
007866,NYT,NEW YORK TIMES CO  -CL A,2024,2585.919,1309.514,833.287,360.182,293.825,2841.479
179077,FOR,FORESTAR GROUP INC,2024,1509.4,1149.0,118.5,240.8,203.4,2840.1
022983,XHR,XENIA HOTELS & RESORTS INC,2024,1039.047,917.805,36.245,84.997,16.143,2831.616
003863,DLX,DELUXE CORP,2024,2121.761,827.887,909.168,219.162,52.802,2831.036
012181,RGEN,REPLIGEN CORP,2024,634.439,245.27,272.032,47.463,-25.514,2829.666
006932,MGEE,MGE ENERGY INC,2024,676.944,422.101,,146.262,120.569,2827.959
142814,SYNA,SYNAPTICS INC,2024,959.4,427.7,496.5,-74.0,125.6,2825.0
031252,MGY,MAGNOLIA OIL & GAS CORP,2024,1315.886,292.575,90.107,511.988,366.027,2820.835
009225,ROL,ROLLINS INC,2024,3388.708,1603.197,1014.018,658.273,466.379,2819.695
043589,ULS,UL SOLUTIONS INC,2024,2870.0,1319.0,918.0,461.0,326.0,2800.0
175900,SBH,SALLY BEAUTY HOLDINGS INC,2024,3717.031,1826.699,1465.985,314.609,153.414,2792.899
028903,EFXT,ENERFLEX LTD,2024,2414.0,1773.0,279.0,191.0,32.0,2791.0
165846,CLMT,CALUMET INC,2024,4189.4,3809.6,220.7,10.1,-222.0,2758.2
029082,CBL,CBL & ASSOCIATES PPTYS INC,2024,554.206,317.431,67.254,169.521,58.97,2747.191
003905,CVSA,COVISTA INC,2024,1584.652,658.872,577.973,272.487,136.777,2741.417
030260,SSD,SIMPSON MANUFACTURING INC,2024,2232.139,1146.497,565.717,435.341,322.224,2736.168
010086,STC,STEWART INFORMATION SERVICES,2024,2487.219,2286.882,,138.725,73.31,2730.145
014269,HLF,HERBALIFE LTD,2024,4993.1,2712.4,1700.4,458.9,254.3,2728.1
005608,HXL,HEXCEL CORP,2024,1903.0,1308.9,233.7,236.1,132.1,2725.6
005087,SPXC,SPX TECHNOLOGIES INC,2024,1983.9,1156.0,402.9,333.8,200.5,2714.5
015414,TECH,BIO-TECHNE CORP,2024,1159.06,307.475,491.637,248.237,168.105,2703.867
010840,UNF,UNIFIRST CORP,2024,2427.431,1578.859,521.322,183.578,145.474,2696.413
038931,CFLT,CONFLUENT INC,2024,963.642,235.381,1098.15,-391.978,-345.065,2694.911
011499,WLY,WILEY (JOHN) & SONS  -CL A,2024,1677.609,352.686,947.437,247.77,84.161,2691.466
009317,SEIC,SEI INVESTMENTS CO,2024,2125.151,1500.051,,550.194,581.191,2684.606
183640,IRDM,IRIDIUM COMMUNICATIONS INC,2024,830.682,230.567,193.53,203.458,112.776,2671.471
288586,FLNG,FLEX LNG LTD,2024,356.349,73.286,9.788,197.793,117.684,2668.939
033668,BE,BLOOM ENERGY CORP,2024,1473.856,1016.563,381.77,22.475,-29.227,2657.354
026410,FCPT,FOUR CORNERS PROPERTY TR INC,2024,269.036,95.113,23.789,150.134,100.473,2653.026
005496,NVRI,ENVIRI CORP,2024,2342.645,1726.99,363.349,76.709,-127.973,2650.233
031460,UPBD,UPBOUND GROUP INC,2024,4320.564,870.151,1696.359,333.106,123.478,2649.662
180474,ZWS,ZURN ELKAY WATER SOLUTI CORP,2024,1566.5,830.3,389.8,258.1,160.2,2648.5
003580,CR,CRANE CO,2024,2131.2,1212.4,508.7,359.1,294.7,2641.9
027706,INSW,INTERNATIONAL SEAWAYS INC,2024,951.613,324.01,52.607,425.556,416.724,2636.397
039935,MIR,MIRION TECHNOLOGIES INC,2024,860.8,409.7,266.1,34.6,-36.1,2636.0
019855,IVT,INVENTRUST PROPERTIES CORP,2024,273.974,197.656,33.172,43.146,13.658,2635.95
023119,SEDG,SOLAREDGE TECHNOLOGIES INC,2024,901.456,1681.152,560.043,-1399.604,-1806.357,2630.195
177881,MASI,MASIMO CORP,2024,2094.4,919.9,881.3,190.2,-304.9,2625.7
039481,ONON,ON HOLDING AG,2024,2558.202,996.444,1212.837,233.386,267.374,2622.645
024533,NHI,NATIONAL HEALTH INVESTORS,2024,335.583,130.192,21.788,183.603,137.985,2614.371
008850,KWR,QUAKER HOUGHTON,2024,1839.686,1127.737,414.929,212.901,116.644,2610.649
039651,SLVM,SYLVAMO CORP,2024,3773.0,2859.0,305.0,453.0,302.0,2604.0
064302,NSP,INSPERITY INC,2024,6581.0,5529.0,891.0,117.0,91.0,2597.0
003007,EAT,BRINKER INTL INC,2024,4415.1,3787.8,206.6,249.9,155.3,2593.1
034243,ESTC,ELASTIC NV,2024,1483.296,367.558,1157.438,-54.015,-108.114,2592.853
030397,HCC,WARRIOR MET COAL INC,2024,1525.22,1047.487,63.078,255.414,250.603,2591.516
186392,PRKS,UNITED PARKS & RESORTS INC,2024,1725.301,884.139,201.598,476.126,227.497,2573.578
006821,LPX,LOUISIANA-PACIFIC CORP,2024,2941.0,1987.0,288.0,539.0,420.0,2569.0
024076,OLLI,OLLIE'S BARGAIN OUTLET HLDGS,2024,2271.705,1346.519,626.237,254.991,199.762,2561.145
199356,TRIP,TRIPADVISOR INC,2024,1835.0,726.0,890.0,134.0,5.0,2561.0
036083,RVMD,REVOLUTION MEDICINES INC,2024,0.0,0.0,682.255,-689.524,-600.093,2558.301
021799,VCTR,VICTORY CPTL HLDGS INC,2024,893.477,363.703,56.694,442.904,288.864,2547.591
065615,CHH,CHOICE HOTELS INTL INC,2024,1584.839,810.055,217.448,483.436,299.665,2530.527
012972,IMKTA,INGLES MARKETS INC  -CL A,2024,5639.609,4292.974,1052.074,172.938,105.541,2527.883
024352,PRGS,PROGRESS SOFTWARE CORP,2024,753.409,94.834,400.43,157.207,68.438,2526.966
050345,CON,CONCENTRA GRP HLDS PARNT INC,2024,1900.192,1372.217,153.73,307.067,166.543,2521.164
027810,LIVN,LIVANOVA PLC,2024,1260.037,338.948,697.763,181.01,63.234,2506.389
006386,KMT,KENNAMETAL INC,2024,2046.899,1292.676,433.161,186.375,109.323,2503.758
039483,BROS,DUTCH BROS INC,2024,1281.015,849.16,214.806,124.044,35.258,2501.085
009849,AWR,AMERICAN STATES WATER CO,2024,595.459,266.388,100.941,184.483,119.268,2500.209
260893,BLKB,BLACKBAUD INC,2024,1155.495,398.168,481.008,154.654,-283.172,2495.715
148950,NPO,ENPRO INC,2024,1048.7,578.3,216.1,154.5,72.9,2491.5
019402,GIII,G-III APPAREL GROUP LTD,2024,3180.796,1882.314,969.812,301.27,193.566,2483.234
061732,MSM,MSC INDUSTRIAL DIRECT  -CL A,2024,3820.951,2167.646,1166.791,405.992,258.594,2462.313
024021,HAE,HAEMONETICS CORP,2024,1360.824,511.736,479.732,253.77,167.679,2450.948
027841,AMR,ALPHA METALLURGICAL RESOURCE,2024,2957.285,2451.601,74.0,232.603,187.579,2438.708
027373,VVV,VALVOLINE INC,2024,1619.0,894.3,305.1,313.7,211.5,2438.7
027576,SMPL,SIMPLY GOOD FOODS COMPANY,2024,1331.321,812.446,269.169,228.706,139.309,2436.144
150278,CRI,CARTER'S INC,2024,2863.353,1424.703,1094.174,286.55,185.509,2433.167
001743,ARCB,ARCBEST CORP,2024,4179.019,3874.577,,155.355,173.961,2429.731
023753,DORM,DORMAN PRODUCTS INC,2024,2009.197,1167.721,432.921,351.755,190.004,2424.521
021777,MMSI,MERIT MEDICAL SYSTEMS INC,2024,1356.514,617.769,459.401,176.635,120.357,2418.603
023238,ETSY,ETSY INC,2024,2808.332,666.48,1643.161,390.617,303.281,2417.782
040108,PRM,PERIMETER SOLUTIONS INC,2024,560.968,233.196,66.901,195.153,-5.905,2416.394
039077,STVN,STEVANATO GROUP S P A,2024,1152.434,759.427,138.533,173.682,121.937,2411.056
039524,TOST,TOAST INC,2024,4960.0,3733.0,1119.0,62.0,19.0,2408.0
037596,S,SENTINELONE INC,2024,821.461,177.303,928.051,-326.659,-288.441,2406.625
012445,WTS,WATTS WATER TECHNOLOGIES INC,2024,2252.2,1135.8,671.8,390.2,291.2,2397.0
042284,CXT,CRANE NXT CO,2024,1486.8,737.0,366.3,298.8,184.1,2386.5
003969,DIOD,DIODES INC,2024,1311.12,754.621,373.403,45.96,44.024,2386.281
011537,WGO,WINNEBAGO INDUSTRIES,2024,2973.5,2504.4,280.0,130.5,13.0,2384.2
028340,SKT,TANGER INC,2024,538.836,297.419,76.466,164.951,98.595,2381.183
066393,MRCY,MERCURY SYSTEMS INC,2024,835.275,599.005,268.114,-119.874,-137.64,2378.905
028670,IIPR,INNOVATIVE INDUSTRIAL PPTYS,2024,319.505,99.279,37.444,182.782,161.661,2378.047
039457,SRAD,SPORTRADAR GROUP AG,2024,1145.631,397.796,308.566,144.488,35.356,2375.671
174700,GSL,GLOBAL SHIP LEASE INC,2024,711.055,239.081,17.132,379.139,353.628,2373.245
005987,GFF,GRIFFON CORP,2024,2623.52,1523.094,588.59,451.132,209.897,2370.954
037357,UPST,UPSTART HOLDINGS INC,2024,676.961,784.453,,-128.041,-128.581,2366.958
179583,FN,FABRINET,2024,2882.967,2477.832,78.481,277.637,296.181,2338.519
045097,RDDT,REDDIT INC,2024,1300.205,123.595,1721.535,-560.568,-484.276,2336.595
008079,OII,OCEANEERING INTERNATIONAL,2024,2661.161,2086.667,239.224,246.27,147.468,2336.347
037407,MP,MP MATERIALS CORP,2024,203.855,192.586,98.29,-166.007,-65.424,2333.558
206243,XPRO,EXPRO LTD,2024,1712.802,1333.365,88.421,127.548,51.918,2333.541
066871,HLMN,HILLMAN SOLUTIONS CORP,2024,1472.595,764.691,470.581,107.283,17.255,2330.503
016401,CRUS,CIRRUS LOGIC INC,2024,1896.077,868.469,576.869,412.039,331.507,2327.073
024293,KALU,KAISER ALUMINUM CORP,2024,3024.0,2691.1,120.8,95.7,46.8,2314.9
013623,CNMD,CONMED CORP,2024,1307.015,554.774,537.883,169.124,132.423,2306.247
010056,SCL,STEPAN CO,2024,2180.274,1784.063,194.934,89.08,50.37,2304.648
003153,CDE,COEUR MINING INC,2024,1054.006,606.192,121.957,184.105,58.9,2301.747
175955,IPGP,IPG PHOTONICS CORP,2024,977.134,584.58,319.745,14.477,-181.526,2289.264
007161,MGRC,MCGRATH RENTCORP,2024,910.942,368.072,200.432,234.983,231.727,2277.584
034051,GTX,GARRETT MOTION INC,2024,3475.0,2680.0,239.0,466.0,282.0,2276.0
148469,SAFT,SAFETY INSURANCE GROUP INC,2024,1105.092,1017.252,,75.45,70.734,2270.09
160779,CGAU,CENTERRA GOLD INC,2024,1214.503,899.357,156.727,42.725,80.394,2265.133
034953,PLMR,PALOMAR HOLDINGS INC,2024,554.203,396.423,,152.674,117.573,2262.22
061562,AEIS,ADVANCED ENERGY INDS INC,2024,1482.042,905.882,429.185,78.52,54.214,2261.894
036777,NTST,NETSTREIT CORP,2024,162.784,124.262,18.438,20.084,-11.937,2259.346
008605,PIPR,PIPER SANDLER COS,2024,1531.595,1277.801,,226.723,181.114,2255.936
022047,GRBK,GREEN BRICK PARTNERS INC,2024,2098.943,1395.422,221.687,476.955,381.583,2249.994
028113,CRSP,CRISPR THERAPEUTICS AG,2024,37.314,484.621,,-466.566,-366.252,2242.034
041799,BKV,BKV CORP,2024,570.378,413.776,93.965,-154.896,-142.87,2231.088
179974,HCI,HCI GROUP INC,2024,749.454,474.11,82.958,186.174,109.953,2230.213
001926,AZZ,AZZ INC,2024,1577.744,1138.215,107.27,250.054,128.833,2227.101
190455,GWRE,GUIDEWIRE SOFTWARE INC,2024,980.497,378.355,632.263,-52.43,-6.103,2226.294
356859,TIC,TIC SOLUTIONS INC,2024,1097.393,784.324,225.99,-6.011,-121.155,2207.739
007420,MSA,MSA SAFETY INC,2024,1808.14,884.269,455.347,405.098,284.967,2205.784
122902,NTCT,NETSCOUT SYSTEMS INC,2024,822.679,162.361,517.578,79.865,-366.922,2186.578
035627,PTON,PELOTON INTERACTIVE INC,2024,2695.9,1451.5,1501.5,-365.9,-551.9,2185.2
017408,NVGS,NAVIGATOR HOLDINGS LTD,2024,566.679,254.19,36.58,143.184,85.571,2180.629
027575,GOLF,ACUSHNET HOLDINGS CORP,2024,2457.091,1227.5,850.892,322.811,214.298,2180.206
003570,CBRL,CRACKER BARREL OLD CTRY STOR,2024,3470.762,3080.011,203.184,76.629,40.93,2161.494
061325,MD,PEDIATRIX MEDICAL GROUP INC,2024,2012.919,1561.001,238.437,183.681,-99.069,2152.7
026746,NTNX,NUTANIX INC,2024,2148.816,251.23,1815.047,9.34,-124.775,2143.918
023084,BHE,BENCHMARK ELECTRONICS INC,2024,2656.105,2345.589,147.682,117.209,63.327,2139.464
038107,AUR,AURORA INNOVATION INC,2024,0.0,0.0,765.0,-786.0,-748.0,2138.0
008092,VTOL,BRISTOW GROUP INC,2024,1415.491,1027.217,175.55,129.536,94.797,2125.246
142956,OMCL,OMNICELL INC,2024,1112.238,567.684,446.223,16.099,12.531,2120.96
038834,LFST,LIFESTAN HLTH GRP INC,2024,1250.97,848.571,360.488,-29.039,-57.443,2118.298
126423,ONTO,ONTO INNOVATION INC,2024,987.321,457.855,245.157,222.0,201.67,2117.091
107098,FSM,FORTUNA MINING CORP,2024,1062.037,482.561,76.085,249.486,128.735,2115.532
033652,SKY,CHAMPION HOMES INC,2024,2483.448,1777.515,418.371,245.652,198.413,2110.408
011343,WMK,WEIS MARKETS INC,2024,4791.73,3587.651,969.564,131.715,109.941,2107.438
033951,FTDR,FRONTDOOR INC,2024,1843.0,852.0,595.0,357.0,235.0,2107.0
036273,PCOR,PROCORE TECHNOLGY INC,2024,1151.708,136.212,1057.807,-129.95,-105.956,2101.371
019998,MEDP,MEDPACE HOLDINGS INC,2024,2109.054,1452.749,180.184,446.87,404.386,2100.866
031477,AZTA,AZENTA INC,2024,656.323,326.733,299.859,-59.039,-164.17,2100.041
066731,FHI,FEDERATED HERMES INC,2024,1632.093,1179.095,,430.898,268.314,2084.684
010565,TDW,TIDEWATER INC,2024,1345.835,696.662,110.001,296.402,180.656,2074.904
045232,CTRI,CENTURI HOLDINGS INC,2024,2637.229,2310.544,94.519,96.821,-6.724,2074.39
174637,ICFI,ICF INTERNATIONAL INC,2024,2019.787,1282.016,518.453,165.842,110.17,2066.353
151630,HALO,HALOZYME THERAPEUTICS INC,2024,1015.324,154.854,233.383,551.475,444.091,2063.477
019516,IBP,INSTALLED BLDG PRODUCTS INC,2024,2941.3,1891.4,558.7,389.6,256.6,2059.9
024302,ALKS,ALKERMES PLC,2024,1557.632,217.899,889.118,422.082,367.07,2055.567
019908,FIVN,FIVE9 INC,2024,1041.938,429.022,585.451,-29.297,-12.795,2051.214
063338,STRA,STRATEGIC EDUCATION INC,2024,1219.93,606.118,412.158,157.276,112.684,2049.735
024135,ALRM,ALARM.COM HOLDINGS INC,2024,939.827,325.302,471.891,112.656,124.116,2038.208
036329,IGIC,INTERNATIONAL GEN INS HL LTD,2024,539.009,301.816,87.765,146.024,135.151,2037.538
050721,CURB,CURBLINE PROPERTIES CORP,2024,128.691,69.514,17.439,41.738,10.262,2033.098
136186,INSM,INSMED INC,2024,363.707,77.069,1059.483,-786.57,-913.772,2025.231
040292,IOT,SAMSARA INC,2024,1249.199,277.672,1135.973,-185.095,-154.907,2024.302
011012,SXT,SENSIENT TECHNOLOGIES CORP,2024,1557.228,988.444,310.245,198.21,124.666,2023.794
065343,PSMT,PRICESMART INC,2024,4913.898,3984.363,623.812,223.112,138.875,2022.694
027119,NGVT,INGEVITY CORP,2024,1406.4,875.4,161.0,266.2,-430.3,2022.6
021898,BOOT,BOOT BARN HOLDINGS INC,2024,1911.104,1131.604,483.666,233.352,180.942,2018.021
005559,STRL,STERLING INFRASTRUCTURE INC,2024,2115.756,1638.26,118.424,290.662,257.461,2016.774
032574,EYE,NATIONAL VISION HOLDINGS INC,2024,1823.32,764.056,944.225,23.69,-28.499,2007.771
035770,SILA,SILA REALTY TRUST INC,2024,190.986,99.102,28.348,63.536,42.657,2007.074
106112,NGD,NEW GOLD INC,2024,924.5,436.3,58.4,178.7,102.6,2003.8
185448,ARIS,ARIS MINING CORP,2024,510.604,314.759,38.004,122.734,24.582,1994.504
016188,CGNX,COGNEX CORP,2024,914.515,260.198,497.927,124.579,106.171,1992.85
107710,OR,OR ROYALTIES INC,2024,275.046,81.002,33.043,112.696,23.406,1982.213
021004,LNTH,LANTHEUS HOLDINGS INC,2024,1533.91,480.995,474.801,513.49,312.442,1980.34
108768,AG,FIRST MAJESTIC SILVER CORP,2024,560.604,344.703,75.262,5.537,-101.885,1979.788
179087,TNK,TEEKAY TANKERS LTD,2024,1229.336,741.455,46.604,347.695,403.667,1973.968
005149,GTY,GETTY REALTY CORP,2024,203.957,74.394,25.165,104.398,71.064,1973.68
041981,AESI,ATLAS ENERGY SOLUTIONS INC,2024,1055.957,725.196,69.222,147.016,59.944,1972.652
186904,CLSK,CLEANSPARK INC,2024,378.968,165.516,116.116,-57.273,-145.777,1962.662
043651,WS,WORTHINGTON STEEL INC,2024,3093.3,2639.3,231.6,157.0,110.7,1961.8
126056,KTOS,KRATOS DEFENSE & SECURITY,2024,1136.3,827.0,236.1,32.9,16.3,1950.9
062516,CENX,CENTURY ALUMINUM CO,2024,2220.3,1953.5,56.8,128.2,336.8,1939.4
065607,OSIS,OSI SYSTEMS INC,2024,1538.758,966.091,341.951,188.507,128.154,1936.008
050248,WBTN,WEBTOON ENTERTAINMENT INC,2024,1348.478,972.736,406.367,-70.699,-143.905,1935.334
006543,LZB,LA-Z-BOY INC,2024,2109.207,1136.066,765.377,161.144,99.556,1922.162
178976,LRN,STRIDE INC,2024,2040.069,1209.166,489.425,249.6,204.183,1920.465
264416,UCTT,ULTRA CLEAN HOLDINGS INC,2024,2097.6,1686.2,240.8,94.5,23.7,1919.9
007486,MOD,MODINE MANUFACTURING CO,2024,2583.5,1860.4,331.7,313.7,184.0,1917.6
018869,WIX,WIX COM LTD,2024,1760.65,559.244,1070.144,100.147,138.322,1913.042
039751,FLNC,FLUENCE ENERGY INC,2024,2698.562,2354.208,303.033,26.621,22.716,1902.188
164086,CMPR,CIMPRESS PLC,2024,3291.856,1573.099,1317.577,247.774,173.682,1892.157
040501,SVV,SAVERS VALUE VILLAGE INC,2024,1537.617,1000.767,337.029,130.291,29.03,1885.495
063986,PLUS,EPLUS INC,2024,2068.789,1498.521,398.672,144.696,107.978,1884.805
005690,HNI,HNI CORP,2024,2526.4,1411.1,789.8,217.7,139.5,1875.1
146738,APLD,APPLIED DIGITAL CORP,2024,144.193,84.162,83.065,-40.278,-231.065,1870.09
026305,LAUR,LAUREATE EDUCATION INC,2024,1566.642,1083.518,45.776,369.107,296.474,1862.06
186960,CHEF,CHEFS' WAREHOUSE INC,2024,3794.212,2815.131,784.852,129.295,55.479,1858.691
185375,EVTC,EVERTEC INC,2024,845.486,406.416,145.558,165.666,112.62,1857.611
032638,ACMR,ACM RESEARCH INC,2024,782.118,380.597,240.556,150.998,103.627,1855.721
036692,LMND,LEMONADE INC,2024,526.5,348.0,355.9,-197.4,-202.2,1849.1
175689,AWI,ARMSTRONG WORLD INDUSTRIES,2024,1445.7,760.6,306.7,275.2,264.9,1842.7
023224,ESE,ESCO TECHNOLOGIES INC,2024,1026.759,600.136,224.015,147.199,101.881,1838.62
006100,IDCC,INTERDIGITAL INC,2024,868.516,353.73,,444.873,358.614,1835.529
025274,OLED,UNIVERSAL DISPLAY CORP,2024,647.684,124.569,230.96,248.015,222.079,1832.333
185319,MMYT,MAKEMYTRIP LTD,2024,978.336,442.665,388.664,119.885,95.101,1828.288
034910,LSPD,LIGHTSPEED COMMERCE INC,2024,1076.826,626.621,453.096,-103.882,-667.196,1826.203
028420,BL,BLACKLINE INC,2024,653.336,117.985,464.182,20.824,161.174,1825.036
004881,FELE,FRANKLIN ELECTRIC CO INC,2024,2021.341,1247.988,470.136,247.144,180.309,1820.606
021440,LSTR,LANDSTAR SYSTEM INC,2024,4834.055,3917.951,610.459,248.907,195.946,1813.311
032285,ECVT,ECOVYST INC,2024,704.493,424.194,83.876,107.061,-6.652,1802.321
158742,MKTX,MARKETAXESS HOLDINGS INC,2024,843.143,402.403,,366.916,274.181,1789.216
025665,LTC,LTC PROPERTIES INC,2024,201.696,56.25,28.003,117.443,91.04,1786.142
018630,RNG,RINGCENTRAL INC,2024,2400.395,487.239,1658.495,32.052,-58.288,1779.873
317264,LPG,DORIAN LPG LTD,2024,355.924,136.392,42.627,112.644,90.17,1778.66
031331,NESR,NATIONAL ENERGY SERVICES REU,2024,1301.704,981.331,52.195,137.704,76.31,1773.678
035957,TFPM,TRIPLE FLAG PRECIOUS METALS,2024,262.241,145.273,66.705,-25.637,-23.084,1769.979
045551,TTAN,SERVICETITAN INC,2024,771.878,212.452,704.478,-225.273,-239.094,1768.648
063290,PEGA,PEGASYSTEMS INC,2024,1497.18,374.45,944.332,160.813,99.189,1768.273
175269,CELH,CELSIUS HOLDINGS INC,2024,1355.63,675.423,445.877,227.056,145.074,1766.881
004608,FSS,FEDERAL SIGNAL CORP,2024,1861.5,1276.9,234.0,285.3,216.3,1765.2
187740,MTSI,MACOM TECHNLGY SOL HLDGS INC,2024,729.578,283.612,286.267,92.45,76.859,1755.64
033759,TENB,TENABLE HOLDINGS INC,2024,900.021,166.511,699.207,1.146,-36.301,1742.119
032938,WHD,CACTUS INC,2024,1129.814,649.896,113.549,305.931,185.407,1739.328
160211,DPZ,DOMINO'S PIZZA INC,2024,4706.416,2770.182,969.345,879.157,584.17,1737.013
029241,VIAV,VIAVI SOLUTIONS INC,2024,1000.4,372.1,524.0,45.5,-25.8,1736.3
110566,IOSP,INNOSPEC INC,2024,1845.4,1269.2,351.5,181.1,35.6,1734.7
011065,VSEC,VSE CORP,2024,1080.132,943.32,5.445,102.755,15.324,1734.62
006617,DSGR,DISTRIBUTION SOLUTIO GRO INC,2024,1804.104,1179.354,477.35,72.412,-7.332,1727.255
039124,TBLA,TABOOLA.COM LTD,2024,1766.22,1187.045,450.048,28.442,-3.76,1718.658
013824,FICO,FAIR ISAAC CORP,2024,1717.526,338.808,634.774,733.629,512.811,1717.884
013200,PLAB,PHOTRONICS INC,2024,866.946,468.195,94.336,221.61,130.688,1712.059
175523,GSAT,GLOBALSTAR INC,2024,250.349,78.847,78.982,-0.066,-63.164,1710.237
038237,HGTY,HAGERTY INC,2024,1200.038,821.775,279.332,66.331,17.017,1709.338
174134,PTCT,PTC THERAPEUTICS INC,2024,806.78,42.473,835.391,-146.747,-363.295,1705.024
178310,TDC,TERADATA CORP,2024,1750.0,622.0,791.0,237.0,114.0,1704.0
200480,MANU,MANCHESTER UNITED PLC,2024,836.326,647.498,,-71.981,-143.01,1699.542
002448,MTRN,MATERION CORP,2024,1684.739,1313.654,174.616,139.235,5.888,1697.632
022672,SHAK,SHAKE SHACK INC,2024,1252.608,949.687,187.233,13.22,10.207,1696.971
011600,WOR,WORTHINGTON ENTERPRISES INC,2024,1153.762,786.578,268.413,50.622,96.053,1695.152
030076,HLNE,HAMILTON LANE INC,2024,712.963,387.126,,316.552,217.417,1690.355
038822,MNDY,MONDAY COM LTD,2024,971.995,91.833,883.038,-14.734,32.372,1685.508
011756,ALEX,ALEXANDER & BALDWIN INC,2024,243.321,129.251,29.822,84.248,60.537,1670.432
011566,WWW,WOLVERINE WORLD WIDE,2024,1755.0,947.3,651.1,130.4,47.9,1668.8
002960,CHE,CHEMED CORP,2024,2431.287,1576.939,419.023,372.276,301.999,1668.575
020088,BOX,BOX INC,2024,1090.13,202.805,782.013,80.012,244.621,1667.52
019044,VRNS,VARONIS SYSTEMS INC,2024,550.95,82.721,568.101,-110.998,-95.765,1664.275
023555,COLL,COLLEGIUM PHARMACEUTICAL INC,2024,631.449,83.532,179.127,199.63,69.19,1663.591
038688,AVAH,AVEANNA HCARE HOLD INC,2024,2024.506,1388.964,478.216,146.548,-10.929,1663.394
018159,AGIO,AGIOS PHARMACEUTICALS,2024,36.498,456.582,,-425.737,673.725,1663.199
024176,NTRA,NATERA INC,2024,1696.911,645.553,1245.452,-222.294,-190.426,1660.735
024501,RPD,RAPID7 INC,2024,844.007,217.895,545.623,35.596,25.526,1652.034
035035,KTB,KONTOOR BRANDS INC,2024,2607.578,1405.555,796.395,380.628,245.802,1650.539
014084,AIN,ALBANY INTL CORP  -CL A,2024,1230.615,737.84,255.487,147.994,87.623,1648.696
066326,DSGX,DESCARTES SYSTEMS GROUP INC,2024,651.0,152.985,234.437,188.59,143.273,1647.384
038188,DOCN,DIGITALOCEAN HOLDINGS INC,2024,780.615,184.62,374.936,91.007,84.492,1639.015
125794,NEO,NEOGENOMICS INC,2024,660.566,333.741,339.726,-85.448,-78.726,1638.038
166482,MWA,MUELLER WATER PRODUCTS INC,2024,1314.7,789.5,245.2,213.8,115.9,1635.9
023247,PJT,PJT PARTNERS INC,2024,1493.177,1209.266,,271.112,134.393,1635.334
020235,DNOW,DNOW INC,2024,2373.0,1807.0,398.0,134.0,81.0,1621.0
016113,APAM,ARTISAN PARTNERS ASSET MGMT,2024,1111.802,732.732,,369.208,259.748,1618.756
162449,EXLS,EXLSERVICE HOLDINGS INC,2024,1838.372,1144.281,369.078,271.41,198.297,1618.403
034300,VRRM,VERRA MOBILITY CORP,2024,879.207,341.135,189.685,239.309,31.448,1614.489
039539,FRSH,FRESHWORKS INC,2024,720.42,99.148,728.703,-126.846,-95.368,1611.884
036711,NCNO,NCINO INC,2024,540.657,195.962,314.236,-5.886,-37.878,1610.381
037871,CORZ,CORE SCIENTIFIC INC,2024,510.672,276.397,127.425,-6.355,-1315.005,1598.815
038018,SOC,SABLE OFFSHORE CORP,2024,0.0,0.0,231.351,-243.712,-629.067,1583.172
038022,SYM,SYMBOTIC INC,2024,1788.179,1495.582,360.082,-80.985,-13.49,1578.552
020659,AMPH,AMPHASTAR PHARMACEUTICLS INC,2024,731.967,317.71,155.871,205.419,159.519,1577.47
001979,BCPC,BALCHEM CORP  -CL B,2024,953.684,586.461,134.458,185.078,128.475,1575.371
037414,CERT,CERTARA INC,2024,385.148,140.076,161.801,15.238,-12.051,1575.104
021798,FRPT,FRESHPET INC,2024,975.177,527.486,340.195,37.999,46.925,1574.878
180646,MYRG,MYR GROUP INC,2024,3362.29,3011.651,238.222,47.228,30.263,1574.059
045751,TTAM,TITAN AMERICA SA,2024,1634.393,1126.356,142.215,263.572,166.074,1566.252
036473,RNAM,AVIDITY BIOSCIENCE INC,2024,10.897,387.057,,-378.936,-322.302,1563.895
010917,UMH,UMH PROPERTIES INC,2024,246.933,169.487,28.605,48.841,21.635,1563.728
061655,NVAX,NOVAVAX INC,2024,682.162,922.396,,-288.73,-187.499,1560.418
038777,BTDR,BITDEER TECHNOLOGIES GROUP,2024,349.782,202.286,148.735,-82.335,-599.151,1557.854
185836,PCRX,PACIRA BIOSCIENCES INC,2024,700.966,148.931,374.833,98.417,-99.56,1553.516
032918,MSGE,MADISON SQUA GARDEN ENT CORP,2024,959.265,568.836,206.963,129.59,144.3,1552.707
033424,ROAD,CONSTRUCTION PRTNR INC,2024,1823.889,1472.715,148.542,109.712,68.935,1542.135
012544,JOE,ST JOE CO,2024,402.737,260.766,,95.586,74.189,1538.574
026147,PEN,PENUMBRA INC,2024,1194.615,387.744,653.789,129.38,14.012,1533.181
007741,NHC,NATIONAL HEALTHCARE CORP,2024,1285.188,1146.0,26.236,70.967,101.927,1524.429
027186,BATRK,ATLANTA BRAVES HOLDINGS INC,2024,662.748,513.908,125.676,-39.665,-31.268,1523.846
033195,HUT,HUT 8 CORP,2024,148.885,86.655,69.299,-54.842,331.882,1518.86
002352,BRC,BRADY CORP,2024,1341.393,623.636,444.47,243.414,197.215,1515.569
001076,PRG,PROG HOLDINGS INC,2024,2463.496,597.545,,217.873,197.249,1513.767
064254,HLIO,HELIOS TECHNOLOGIES INC,2024,805.9,519.5,134.3,89.9,39.0,1505.4
019149,RARE,ULTRAGENYX PHARMACEUTICAL,2024,560.23,1060.66,,-535.973,-569.183,1503.456
062266,CSGS,CSG SYSTEMS INTL INC,2024,1197.248,588.778,416.507,144.656,86.852,1500.687
037150,ROOT,ROOT INC,2024,1176.5,839.4,249.9,77.6,30.9,1495.7
024430,EZPW,EZCORP INC  -CL A,2024,1161.602,479.329,536.612,112.592,83.095,1493.237
165262,DHT,DHT HOLDINGS INC,2024,571.773,258.216,18.944,182.729,181.377,1486.587
034102,GH,GUARDANT HEALTH INC,2024,739.016,248.763,889.775,-441.909,-436.373,1485.609
009216,ROG,ROGERS CORP,2024,830.1,503.6,226.6,50.5,26.1,1481.1
031494,PENG,PENGUIN SOLUTIONS INC,2024,1170.796,778.508,291.029,36.267,-52.472,1474.506
038832,MQ,MARQETA INC,2024,506.995,155.146,483.171,-148.782,27.287,1463.204
032564,ERO,ERO COPPER CORP,2024,470.259,218.47,57.904,106.582,-68.475,1458.028
035120,FSLY,FASTLY INC,2024,543.676,183.302,440.789,-154.051,-158.058,1451.359
045265,LOAR,LOAR HOLDINGS INC,2024,402.819,185.206,82.38,92.163,22.231,1450.618
027960,ALG,ALAMO GROUP INC,2024,1628.513,1175.612,231.453,168.364,115.93,1450.279
038474,RXRX,RECURSION PHARMA INC,2024,58.839,27.544,453.305,-458.504,-463.661,1448.598
033723,CRNX,CRINETICS PHARMCTCL INC,2024,1.039,337.108,,-338.854,-298.408,1434.592
025922,KAI,KADANT INC,2024,1053.384,566.689,262.326,174.782,111.598,1430.345
035378,AFYA,AFYA LIMITED,2024,534.249,142.646,172.6,165.108,102.103,1427.573
037200,ARRY,ARRAY TECHNOLOGIES INC,2024,915.807,605.437,160.567,97.024,-240.394,1425.999
045281,RBRK,RUBRIK INC,2024,886.544,236.88,1754.828,-1134.032,-1154.82,1422.974
038924,EVCM,EVERCOMMERCE INC,2024,698.765,228.379,319.333,62.229,-41.089,1421.268
037309,ALGM,ALLEGRO MICROSYSTEMS INC,2024,725.006,337.015,324.828,-1.339,-73.01,1420.961
029131,ROCK,GIBRALTAR INDUSTRIES INC,2024,1308.764,921.11,194.467,165.875,137.34,1419.41
009599,SMTC,SEMTECH CORP,2024,909.287,410.439,385.598,69.768,-161.896,1419.264
183283,ADUS,ADDUS HOMECARE CORP,2024,1154.599,779.578,247.847,113.644,73.598,1412.634
029382,SHOO,MADDEN STEVEN LTD,2024,2282.927,1345.56,660.476,256.881,169.39,1411.771
014309,IPAR,INTERPARFUMS INC,2024,1452.325,500.984,646.34,281.001,164.358,1411.261
002820,CVCO,CAVCO INDUSTRIES INC,2024,2015.458,1530.608,265.355,200.236,171.036,1406.645
066368,VRSN,VERISIGN INC,2024,1557.4,154.5,307.8,1058.2,785.7,1406.5
158563,CYTK,CYTOKINETICS INC,2024,18.474,545.191,,-536.248,-589.526,1401.673
133905,NVMI,NOVA LTD,2024,672.396,263.006,198.27,193.741,183.762,1390.422
061356,NOVT,NOVANTA INC,2024,949.245,495.154,270.047,128.481,64.087,1388.511
008901,RES,RPC INC,2024,1414.999,1036.648,156.437,89.339,91.444,1386.489
008334,PAR,PAR TECHNOLOGY CORP,2024,349.982,174.376,209.185,-71.513,-4.987,1380.727
024601,CSW,CSW INDUSTRIALS INC,2024,878.301,449.389,200.86,187.542,136.652,1379.065
019927,MC,MOELIS & CO,2024,1194.545,1011.156,,172.945,136.02,1378.936
032775,DNLI,DENALI THERAPEUTCS INC,2024,0.0,492.886,,-501.878,-422.773,1374.18
022000,WK,WORKIVA INC,2024,738.68,167.481,635.63,-75.434,-55.042,1368.469
186159,SUPN,SUPERNUS PHARMACEUTICALS INC,2024,661.817,75.469,444.578,61.356,73.865,1368.073
029680,WTTR,SELECT WATER SOLUTIONS INC,2024,1452.075,1079.066,149.65,66.412,30.644,1366.282
012825,JJSF,J & J SNACK FOODS CORP,2024,1574.755,1017.846,368.33,117.978,86.551,1365.101
037527,ABCL,ABCELLERA BIOLOGICS INC,2024,28.833,252.749,,-250.756,-162.857,1360.553
032809,ASTH,ASTRANA HEALTH INC,2024,2034.54,1763.152,150.585,92.876,43.149,1354.894
064223,DXPE,DXP ENTERPRISES INC,2024,1802.04,1216.917,409.295,146.982,70.489,1349.494
137602,ACLS,AXCELIS TECHNOLOGIES INC,2024,1017.865,554.226,243.86,210.794,200.992,1348.781
024481,MSGS,MADISON SQUARE GARDEN SPORTS,2024,1027.149,616.514,261.433,146.038,58.771,1346.292
161997,HURN,HURON CONSULTING GROUP INC,2024,1521.805,1045.792,284.693,166.498,116.626,1343.617
064766,RMBS,RAMBUS INC,2024,556.624,67.923,266.813,179.198,179.821,1343.136
001257,ALX,ALEXANDER'S INC,2024,226.374,138.022,6.519,81.833,43.444,1341.295
039182,NABL,N-ABLE INC,2024,466.147,55.799,293.966,91.328,30.958,1338.847
343180,TE,T1 ENERGY INC,2024,2.942,0.014,59.991,-58.763,-450.152,1335.846
119316,TREX,TREX CO INC,2024,1151.449,611.111,179.995,305.673,226.392,1324.298
015252,TRS,TRIMAS CORP,2024,925.01,674.74,132.52,52.83,24.25,1324.18
037449,QS,QUANTUMSCAPE CORP,2024,0.0,0.0,458.479,-518.352,-477.857,1322.395
022410,INDV,INDIVIOR PHARMACEUTICALS INC,2024,1188.0,161.0,713.0,285.0,2.0,1319.0
039122,DUOL,DUOLINGO INC,2024,748.024,198.335,475.028,63.807,88.574,1301.728
160668,INVA,INNOVIVA INC,2024,358.711,22.65,129.344,180.687,23.392,1301.06
018947,VCYT,VERACYTE INC,2024,445.764,132.804,256.497,33.004,24.138,1300.035
066586,CNXN,PC CONNECTION INC,2024,2802.118,2282.324,409.333,97.477,87.095,1299.354
065986,BB,BLACKBERRY LTD,2024,534.9,133.4,337.9,39.3,-79.0,1295.6
019877,QTWO,Q2 HOLDINGS INC,2024,696.464,288.264,372.137,-32.746,-38.536,1294.795
038041,PGY,PAGAYA TECHNOLOGIES LTD,2024,1004.55,568.899,365.661,41.237,-401.406,1291.072
050838,ECG,EVERUS CONSTRCTION GROUP INC,2024,2849.685,2486.85,147.656,189.907,143.421,1288.463
027653,YETI,YETI HOLDINGS INC,2024,1838.705,742.789,785.037,262.747,175.689,1286.12
018204,ANIP,ANI PHARMACEUTICALS INC,2024,614.376,236.611,274.054,35.98,-18.522,1283.697
038412,DV,DOUBLEVERIFY HOLD INC,2024,656.849,116.515,412.699,82.42,56.231,1276.21
043288,KVYO,KLAVIYO INC,2024,937.464,203.547,800.237,-84.078,-46.142,1273.308
038927,DOCS,DOXIMITY INC,2024,570.399,49.459,279.497,230.784,223.185,1264.309
038645,GLBE,GLOBAL-E ONLINE LTD,2024,752.764,401.206,398.543,-67.928,-75.548,1263.482
002536,RAMP,LIVERAMP HOLDINGS INC,2024,745.58,198.703,516.273,13.397,-0.814,1259.371
011124,VECO,VEECO INSTRUMENTS INC,2024,717.301,394.934,224.17,73.014,73.714,1251.577
061581,SAM,BOSTON BEER INC  -CL A,2024,2012.926,1025.202,741.939,151.793,59.695,1250.018
027907,ELF,E.L.F. BEAUTY INC,2024,1313.517,333.731,777.259,158.427,112.089,1248.175
010504,TPL,TEXAS PACIFIC LAND CORP,2024,705.823,141.523,,539.138,453.96,1248.02
028408,THRM,GENTHERM INC,2024,1451.57,1037.171,240.003,121.874,64.947,1247.556
066371,IESC,IES HOLDINGS INC,2024,2884.358,2155.035,396.684,299.906,201.976,1244.026
026123,NVCR,NOVOCURE LIMITED,2024,605.22,125.894,636.584,-168.493,-168.627,1240.784
006509,KLIC,KULICKE & SOFFA INDUSTRIES,2024,706.232,357.667,306.356,17.474,-69.006,1240.162
066379,PRDO,PERDOCEO EDUCATION CORP,2024,681.263,120.86,367.052,178.706,147.59,1237.034
133288,SLAB,SILICON LABORATORIES INC,2024,584.386,246.647,453.073,-163.919,-191.01,1222.674
037351,ALVO,ALVOTECH,2024,491.978,166.626,224.663,69.388,-231.864,1221.4
185952,REVG,REV GROUP INC,2024,2380.2,2059.7,180.8,114.3,257.6,1213.0
034101,UPWK,UPWORK INC,2024,769.325,161.011,509.37,84.131,215.586,1211.613
006573,MZTI,MARZETTI CO (THE),2024,1871.759,1381.428,217.713,216.837,158.613,1206.931
039820,ARHS,ARHAUS INC,2024,1271.107,730.792,415.426,85.803,68.55,1206.316
037776,PAX,PATRIA INVESTMENTS LTD,2024,374.204,140.014,40.52,157.846,71.875,1206.107
039405,JOBY,JOBY AVIATION INC,2024,0.136,561.318,,-596.754,-608.034,1203.465
065671,INVX,INNOVEX INTERNATIONAL INC,2024,660.803,428.172,113.196,88.228,140.325,1197.483
038954,YOU,CLEAR SECURE INC,2024,770.488,281.15,339.667,123.191,169.676,1194.932
027155,NTLA,INTELLIA THERAPEUTICS INC,2024,57.877,581.855,,-534.263,-519.021,1191.015
042033,ATMU,ATMUS FILTRATION TECHNLS INC,2024,1669.6,1170.6,211.0,263.2,185.6,1190.3
010441,TNC,TENNANT CO,2024,1286.7,681.6,409.9,140.1,83.7,1190.1
141846,ACAD,ACADIA PHARMACEUTICALS INC,2024,957.797,131.004,726.631,84.279,226.451,1187.756
039503,RKLB,ROCKET LAB CORP,2024,436.214,301.867,289.928,-187.425,-190.175,1184.342
038915,CXM,SPRINKLR INC,2024,796.394,203.217,547.728,26.77,121.609,1184.199
008582,SENEA,SENECA FOODS CORP,2024,1578.887,1384.538,75.459,74.742,41.224,1181.429
038488,COMP,COMPASS INC,2024,5629.1,4958.9,665.2,-75.5,-154.4,1178.0
021542,AAON,AAON INC,2024,1200.635,761.333,167.472,209.095,168.559,1175.234
038771,DLO,DLOCAL LIMITED,2024,745.974,437.888,144.712,146.197,120.416,1171.329
006034,TILE,INTERFACE INC,2024,1315.658,793.238,346.723,136.225,86.946,1170.816
043023,CAVA,CAVA GROUP INC,2024,963.713,721.908,137.752,43.698,130.319,1169.669
039554,CWAN,CLEARWATER ANA HOL INC,2024,451.803,112.85,304.93,21.842,424.378,1169.572
025318,USPH,US PHYSICAL THERAPY INC,2024,671.345,521.831,65.202,65.631,31.424,1167.467
024083,VERX,VERTEX INC,2024,666.776,181.349,387.597,15.097,-52.729,1166.791
022460,CRON,CRONOS GROUP INC,2024,117.615,86.782,80.346,-58.849,41.08,1166.312
187462,UI,UBIQUITI INC,2024,1928.49,1169.477,240.765,498.997,349.96,1154.412
039960,IREN,IREN LIMITED,2024,188.758,165.265,,-27.157,-28.955,1153.033
033133,RCUS,ARCUS BIOSCIENCES INC,2024,258.0,558.0,,-310.0,-283.0,1150.0
010609,TR,TOOTSIE ROLL INDUSTRIES INC,2024,723.217,451.861,152.675,100.505,86.827,1147.181
148390,FORM,FORMFACTOR INC,2024,763.599,422.898,261.491,46.307,69.614,1146.215
039344,NUVL,NUVALENT INC,2024,0.0,0.0,280.368,-280.368,-260.756,1141.752
028806,ARWR,ARROWHEAD PHARMACEUTICAL INC,2024,3.551,586.036,,-601.08,-599.493,1139.802
108326,SVM,SILVERCORP METALS INC,2024,298.895,131.657,29.059,105.214,58.19,1138.941
038594,PRVA,PRIVIA HEALTH GROUP INC,2024,1736.39,1559.537,152.603,16.982,14.385,1135.783
036945,FROG,JFROG LTD,2024,428.488,80.105,412.263,-85.34,-69.236,1129.906
004091,DCO,DUCOMMUN INC,2024,786.551,552.705,135.465,65.281,31.495,1126.101
035136,IDYA,IDEAYA BIOSCIENCES INC,2024,7.0,331.588,,-326.975,-274.477,1124.091
030547,SEI,SOLARIS ENRGY INFRASTRUCTURE,2024,313.091,183.762,35.617,46.494,15.808,1122.881
038739,FLYW,FLYWIRE CORP,2024,492.144,174.427,306.687,-6.333,2.9,1122.446
176362,AVAV,AEROVIRONMENT INC,2024,820.627,461.537,238.157,80.479,43.619,1120.567
174077,CVLT,COMMVAULT SYSTEMS INC,2024,995.619,179.035,715.562,91.95,76.106,1118.266
019518,KN,KNOWLES CORP,2024,553.5,293.9,158.4,63.6,-237.8,1118.2
038708,ZETA,ZETA GLOBAL HOLDINGS CORP,2024,1005.754,399.552,609.788,-59.686,-69.771,1111.373
035714,BEAM,BEAM THERAPEUTICS INC,2024,63.518,457.161,,-415.568,-376.742,1103.824
156153,ADEA,ADEIA INC,2024,376.024,168.334,,134.911,64.623,1097.961
112759,LEU,CENTRUS ENERGY CORP,2024,442.0,329.5,53.4,48.3,73.2,1093.4
043855,TBBB,BBB FOODS INC,2024,2756.476,2294.635,326.44,64.12,16.049,1093.05
036977,SGHC,SUPER GROUP (SGHC) LTD,2024,1756.774,623.362,859.386,193.573,117.092,1089.862
327675,ECO,OKEANIS ECO TANKER,2024,393.23,173.628,15.523,162.945,108.863,1082.1
041507,GCT,GIGACLOUD TECHNOLOGY INC,2024,1161.042,867.697,154.006,130.815,125.808,1070.475
032348,KRYS,KRYSTAL BIOTECH INC,2024,290.515,14.094,167.259,103.195,89.159,1055.838
045094,ALAB,ASTERA LABS INC,2024,396.29,89.921,329.336,-26.121,-83.421,1054.508
043404,LAC,LITHIUM AMERICAS CORP,2024,0.0,0.0,28.252,-28.298,-42.528,1044.944
119574,EXTR,EXTREME NETWORKS INC,2024,1117.203,459.2,647.126,-18.336,-85.964,1042.594
027716,MDGL,MADRIGAL PHARMACEUTICALS INC,2024,180.133,5.137,671.775,-497.875,-465.892,1042.247
024750,WT,WISDOMTREE INC,2024,427.737,288.692,,137.293,66.693,1033.54
183974,SPSC,SPS COMMERCE INC,2024,637.765,191.993,314.658,88.883,77.054,1031.23
037517,AI,C3.AI INC,2024,389.056,140.586,560.287,-324.424,-288.702,1025.882
180083,LOPE,GRAND CANYON EDUCATION INC,2024,1033.002,460.809,257.585,278.429,226.234,1018.425
170765,TGLS,TECNOGLASS HOLDINGS INC,2024,890.181,491.166,148.348,227.001,161.309,1016.648
039547,RELY,REMITLY GLOBAL INC,2024,1263.963,514.764,768.763,-37.618,-36.978,1012.871
010008,SXI,STANDEX INTERNATIONAL CORP,2024,720.635,420.034,161.415,112.402,73.074,1005.057
045445,LB,LANDBRIDGE CO LLC,2024,109.954,5.287,112.302,-16.51,-41.767,1003.474
040092,ACHR,ARCHER AVIATION INC,2024,0.0,0.0,487.4,-497.7,-536.8,1001.2
003158,COHU,COHU INC,2024,401.779,208.575,207.837,-67.084,-69.818,999.415
036847,HRMY,HARMONY BIOSC HOLD INC,2024,714.734,156.548,299.653,234.421,145.493,999.2
038374,ACVA,ACV AUCTIONS INC,2024,637.156,467.141,211.916,-78.586,-79.7,984.149
196268,YELP,YELP INC,2024,1412.064,123.684,1094.494,153.479,132.85,983.567
020115,PAHC,PHIBRO ANIMAL HEALTH CORP,2024,1017.679,670.874,236.409,74.218,2.416,982.184
036819,KYMR,KYMERA THERAPEUTIC INC,2024,47.072,296.409,,-256.71,-223.858,978.035
023990,GKOS,GLAUKOS CORP,2024,383.481,57.303,392.68,-103.688,-146.372,974.756
011745,QLYS,QUALYS INC,2024,607.571,93.035,308.827,187.196,173.68,973.537
018899,TNDM,TANDEM DIABETES CARE INC,2024,940.203,434.022,588.701,-99.127,-96.025,967.658
038598,ASTS,AST SPACEMOBILE INC,2024,4.418,183.84,,-242.762,-300.083,954.561
038647,TASK,TASKUS INC,2024,994.985,602.898,223.675,108.254,45.87,953.298
018938,XNCR,XENCOR INC,2024,110.493,276.794,,-178.408,-232.618,951.945
002124,BELFB,BEL FUSE INC,2024,534.792,315.977,120.679,81.679,40.96,949.789
025937,LGND,LIGAND PHARMACEUTICAL INC,2024,167.133,8.794,100.079,23.021,-4.032,941.774
183903,CALX,CALIX INC,2024,831.518,358.374,496.628,-43.034,-29.747,939.267
038881,DJT,TRUMP MEDIA & TECHNO GRP CRP,2024,3.619,0.619,177.392,-177.326,-400.865,938.288
028367,IRTC,IRHYTHM HOLDINGS INC,2024,591.839,163.593,478.952,-71.421,-113.289,931.449
038265,COUR,COURSERA INC,2024,694.674,298.179,466.063,-94.65,-79.53,930.274
008699,POWL,POWELL INDUSTRIES INC,2024,1012.356,732.397,94.315,178.773,149.848,928.18
045462,TEM,TEMPUS AI INC,2024,693.398,287.258,1057.075,-688.18,-705.809,926.116
035264,BBIO,BRIDGEBIO PHARMA INC,2024,221.902,793.195,,-577.368,-535.762,919.338
035640,TXG,10X GENOMICS INC,2024,610.785,162.103,607.241,-192.459,-182.627,918.636
033767,SONO,SONOS INC,2024,1518.056,778.386,723.485,-36.193,-38.146,916.312
025234,BKE,BUCKLE INC,2024,1217.689,601.909,351.423,241.364,195.468,913.173
180057,IOVA,IOVANCE BIOTHERAPEUTICS INC,2024,164.07,90.826,427.998,-387.923,-372.177,910.426
021032,VKTX,VIKING THERAPEUTICS INC,2024,0.0,0.0,150.921,-150.921,-109.963,908.321
133564,CAMT,CAMTEK LTD,2024,429.234,205.217,101.482,111.869,118.515,892.042
036964,ASAN,ASANA INC,2024,723.876,59.65,908.944,-262.261,-255.536,891.415
028397,PZZA,PAPA JOHNS INTERNATIONAL INC,2024,2059.387,1652.568,204.531,142.688,83.486,888.952
026359,APLS,APELLIS PHARMACEUTICALS,2024,781.367,109.526,813.623,-143.579,-197.878,885.051
035794,SITM,SITIME CORP,2024,202.697,77.626,198.967,-103.968,-93.601,884.959
039098,PWP,PERELLA WEINBERG PARTNERS,2024,878.039,745.119,,112.541,-64.728,876.751
036677,RLAY,RELAY THERAPEUTICS INC,2024,10.007,390.217,,-385.674,-337.708,871.296
039942,BRZE,BRAZE INC,2024,593.41,173.636,532.041,-122.382,-103.743,870.998
019000,MMI,MARCUS & MILLICHAP INC,2024,696.06,431.471,280.866,-32.866,-12.362,869.8
039750,RPC,RIDGEPOST CAPITAL INC,2024,296.448,208.98,,60.912,18.7,869.275
184551,MXL,MAXLINEAR INC,2024,360.528,121.961,352.324,-159.908,-245.198,864.639
037513,NAMS,NEWAMSTERDAM PHARMA COMPANY,2024,45.563,221.739,,-176.289,-241.598,864.62
005237,GRC,GORMAN-RUPP CO,2024,659.667,439.821,99.206,92.743,40.115,858.469
039538,CIFR,CIPHER DIGITAL INC,2024,151.27,62.364,93.451,-106.993,-44.635,855.446
175966,CPRX,CATALYST PHARMACEUTICALS INC,2024,491.734,68.448,190.388,195.124,163.889,851.411
016597,LSCC,LATTICE SEMICONDUCTOR CORP,2024,509.401,150.919,269.778,65.925,61.131,843.903
027803,DFIN,DONNELLEY FINANCIAL SOLTNS,2024,781.9,297.9,290.9,132.9,92.4,841.6
146616,CORT,CORCEPT THERAPEUTICS INC,2024,675.04,10.087,527.207,136.951,141.209,840.553
035684,BRBR,BELLRING BRANDS INC,2024,1996.2,1287.4,284.6,405.1,246.5,837.0
008832,AGX,ARGAN INC,2024,874.179,730.894,52.794,88.195,85.459,836.227
030312,IMAX,IMAX CORP,2024,352.208,129.28,136.831,47.611,26.059,830.398
066032,POWI,POWER INTEGRATIONS INC,2024,418.973,159.64,206.822,17.929,32.234,828.826
032541,CARG,CARGURUS INC,2024,894.384,142.272,577.303,149.449,20.972,824.536
036051,SDGR,SCHRODINGER INC,2024,207.539,74.382,336.294,-209.296,-187.123,823.226
050290,OS,ONESTREAM INC,2024,489.407,175.674,629.606,-319.528,-216.201,823.221
016710,DGII,DIGI INTERNATIONAL INC,2024,424.046,141.076,196.117,53.789,22.505,815.075
266214,CNS,COHEN & STEERS INC,2024,517.417,334.056,,174.073,151.265,812.366
040532,CRDO,CREDO TECHNOLOGY GROUP,2024,436.775,131.928,244.912,37.997,52.183,809.257
033435,INSP,INSPIRE MEDICAL SYSTEM,2024,802.804,116.436,643.735,36.083,53.509,808.383
020935,TRUP,TRUPANION INC,2024,1285.684,1106.886,166.365,-4.033,-9.633,806.853
035062,TMDX,TRANSMEDICS GROUP INC,2024,441.54,159.903,224.383,37.496,35.464,804.076
005539,HCSG,HEALTHCARE SERVICES GROUP,2024,1715.682,1481.407,183.06,44.43,39.471,802.772
037664,PCT,PURECYCLE TECHNOLOGIES INC,2024,0.0,0.0,114.062,-145.382,-289.136,798.385
021744,XENE,XENON PHARMACEUTICALS INC,2024,0.0,0.0,276.738,-279.298,-234.33,798.139
031843,HLIT,HARMONIC INC,2024,678.722,300.202,273.344,93.037,39.217,796.506
037646,SHLS,SHOALS TECHNOLOGIES GRP INC,2024,399.208,239.392,74.962,72.228,24.127,793.08
179598,CLDX,CELLDEX THERAPEUTICS INC,2024,7.02,200.498,,-195.078,-157.863,792.34
038681,GENI,GENIUS SPORTS LTD,2024,510.894,309.615,184.998,-56.291,-63.04,792.266
027823,AORT,ARTIVION INC,2024,388.537,131.406,202.46,30.466,-13.359,789.101
040413,WULF,TERAWULF INC,2024,140.051,62.608,78.227,-60.592,-72.418,787.511
175008,FOLD,AMICUS THERAPEUTICS INC,2024,528.295,109.893,375.791,34.064,-56.106,785.033
038238,ALHC,ALIGNMENT HEALTHCARE INC,2024,2703.561,2405.884,371.374,-100.114,-128.035,782.063
001706,EPAC,ENERPAC TOOL GROUP CORP,2024,589.51,277.075,162.415,136.745,85.749,777.328
023027,EXPO,EXPONENT INC,2024,558.514,406.542,22.726,119.557,109.002,777.27
035982,IMVT,IMMUNOVANT INC,2024,0.0,0.0,437.775,-438.152,-413.84,776.222
166555,ATEC,ALPHATEC HOLDINGS INC,2024,611.562,124.943,539.108,-130.907,-162.123,775.71
045783,KRMN,KARMAN HOLDINGS INC,2024,345.251,210.721,42.814,65.165,12.701,773.96
005530,HWKN,HAWKINS INC,2024,974.431,708.945,104.995,120.543,84.345,769.867
002577,CTS,CTS CORP,2024,515.771,292.915,111.973,79.961,58.114,766.112
014954,LNN,LINDSAY CORP,2024,607.074,398.319,114.447,76.608,66.257,760.232
001050,CECO,CECO ENVIRONMENTAL CORP,2024,557.933,356.193,146.698,40.519,12.957,759.699
109826,MANH,MANHATTAN ASSOCIATES INC,2024,1042.352,470.98,296.473,268.598,218.364,757.551
186360,THR,THERMON GROUP HOLDINGS INC,2024,498.207,266.06,129.404,80.404,53.515,755.452
043858,CGON,CG ONCOLOGY INC,2024,1.139,115.773,,-114.666,-88.039,754.797
043091,APGE,APOGEE THERAPEUTICS INC,2024,0.0,0.0,216.681,-216.87,-182.146,753.951
032608,OSW,ONESPAWORLD HOLDINGS LTD,2024,895.019,777.185,18.534,78.729,72.864,746.423
027670,PTGX,PROTAGONIST THERAPEUTICS INC,2024,434.433,180.696,,252.843,275.188,744.725
156633,UTI,UNIVERSAL TECHNICAL INST,2024,732.687,357.727,280.511,65.125,42.001,744.575
187696,PRLB,PROTO LABS INC,2024,500.89,241.882,197.704,25.496,16.593,743.512
030311,VRDN,VIRIDIAN THERAPEUTICS INC,2024,0.302,292.197,,-292.435,-269.949,742.403
039070,INTA,INTAPP INC,2024,430.523,112.866,333.151,-32.198,-32.021,732.999
020649,SNDX,SYNDAX PHARMACEUTICALS INC,2024,23.68,363.344,,-339.672,-318.758,724.816
036700,IMTX,IMMATICS NV,2024,161.338,188.74,,-40.059,15.755,720.729
001864,REX,REX AMERICAN RESOURCES CORP,2024,642.491,535.087,27.148,64.329,58.167,720.008
107245,EXK,ENDEAVOUR SILVER CORP,2024,217.639,145.847,32.335,7.676,-31.476,719.249
023843,WING,WINGSTOP INC,2024,625.807,91.632,348.078,166.607,108.717,716.246
040610,ACLX,ARCELLX INC,2024,107.936,240.319,,-137.571,-107.348,711.327
037851,HIMS,HIMS & HERS HEALTH INC,2024,1476.514,301.641,1089.895,67.89,126.038,707.539
021019,AAMI,ACADIAN ASSET MANAGEMENT INC,2024,505.6,350.0,,137.1,85.0,703.2
184470,CRCT,CRICUT INC,2024,712.538,330.75,275.778,77.01,62.83,693.035
028704,MCRI,MONARCH CASINO & RESORT INC,2024,522.186,241.37,109.085,120.372,72.769,691.583
036911,DYN,DYNE THERAPEUTICS INC,2024,0.0,0.0,328.513,-330.186,-317.418,691.234
039550,CLBT,CELLEBRITE DI LTD,2024,401.203,55.333,277.068,58.195,-283.007,690.567
015420,AMBA,AMBARELLA INC,2024,284.865,87.207,296.909,-121.551,-117.126,688.968
039065,XMTR,XOMETRY INC,2024,545.529,329.174,259.638,-55.93,-50.401,680.129
039502,WRBY,WARBY PARKER INC,2024,771.315,313.993,439.337,-27.88,-20.39,676.49
029670,METC,RAMACO RESOURCES INC,2024,666.295,533.293,49.286,16.636,11.192,674.686
024463,FIZZ,NATIONAL BEVERAGE CORP,2024,1201.354,737.113,208.482,235.459,186.821,672.86
035375,MIRM,MIRUM PHARMACEUTICALS INC,2024,336.888,58.014,342.851,-87.606,-87.942,670.754
036767,NRIX,NURIX THERAPEUTICS INC,2024,54.549,258.258,,-213.027,-193.569,669.343
329579,KEEL,KEEL INFRASTRUCTURE CORP,2024,192.881,84.273,67.14,-99.499,-54.063,667.616
034467,RVLV,REVOLVE GROUP INC,2024,1129.911,535.702,533.985,55.059,49.557,665.547
009728,MUX,MCEWEN INC,2024,174.477,120.465,33.711,-12.616,-43.691,664.623
038782,VERA,VERA THERAPEUTICS INC,2024,0.0,0.0,167.065,-167.17,-152.148,655.681
038632,IAUX,I-80 GOLD CORP,2024,50.335,64.569,71.653,-92.158,-121.533,655.629
035824,NUTX,NUTEX HEALTH INC,2024,479.949,264.716,58.479,137.782,52.096,655.32
039215,CDRE,CADRE HOLDINGS INC,2024,567.561,322.303,149.277,79.561,36.133,652.713
001823,ATRO,ASTRONICS CORP,2024,795.426,602.084,134.378,34.564,-16.215,648.764
021238,VICR,VICOR CORP,2024,359.058,156.434,164.816,19.182,6.129,641.118
038135,PL,PLANET LABS PBC,2024,244.352,58.454,241.573,-101.312,-123.196,633.796
029449,UFPT,UFP TECHNOLOGIES INC,2024,504.421,348.64,55.491,85.575,58.981,628.995
024071,APPF,APPFOLIO INC,2024,794.202,282.067,356.246,136.344,204.068,626.678
031236,APPN,APPIAN CORP,2024,617.022,138.751,518.098,-49.857,-92.262,621.039
125074,RDWR,RADWARE LTD,2024,274.88,41.416,224.814,-3.186,6.038,618.676
041622,BHVN,BIOHAVEN LTD,2024,0.0,0.0,870.294,-874.217,-846.422,615.107
034241,TWST,TWIST BIOSCIENCE CORP,2024,312.974,158.042,299.401,-175.901,-208.726,614.323
107712,UUUU,ENERGY FUELS INC,2024,78.114,55.918,54.008,-37.172,-47.765,611.969
163889,ATRC,ATRICURE INC,2024,465.307,102.069,372.518,-28.013,-44.698,609.328
024599,SYRE,SPYRE THERAPEUTICS INC,2024,0.0,0.0,208.566,-208.566,-208.018,608.484
035708,PGNY,PROGYNY INC,2024,1167.221,910.683,185.908,67.455,54.336,607.102
021237,TTI,TETRA TECHNOLOGIES INC/DE,2024,599.111,423.428,89.969,49.993,108.284,605.195
178874,ORLA,ORLA MINING LTD,2024,343.918,85.595,56.309,160.42,88.981,598.349
016848,TVTX,TRAVERE THERAPEUTICS INC,2024,233.175,7.744,438.06,-256.184,-321.545,594.125
033447,KNSA,KINIKSA PHRMCTICALS INTL PLC,2024,423.239,187.773,279.634,-45.616,-43.193,580.553
061711,TGTX,TG THERAPEUTICS INC,2024,329.004,38.418,248.589,41.929,23.383,577.69
038747,PAY,PAYMENTUS HOLDINGS INC,2024,871.745,612.351,178.053,44.857,44.169,576.247
019305,PLPC,PREFORMED LINE PRODUCTS CO,2024,593.714,381.703,138.122,51.689,37.094,573.877
109919,CRAI,CRA INTERNATIONAL INC,2024,687.414,480.126,125.05,70.561,46.653,571.439
026349,AXSM,AXSOME THERAPEUTICS INC,2024,385.693,33.303,596.87,-252.438,-287.216,568.498
285085,QURE,UNIQURE NV,2024,27.119,198.752,,-184.274,-239.556,556.536
038087,SOUN,SOUNDHOUND AI INC,2024,84.693,34.371,146.051,-111.783,-350.681,553.953
174390,LMAT,LEMAITRE VASCULAR INC,2024,219.863,65.139,92.726,52.39,44.038,551.817
117829,AUPH,AURINIA PHARMACEUTICALS INC,2024,235.133,9.348,192.813,14.072,5.752,550.645
062396,IDT,IDT CORP,2024,1205.778,795.27,320.761,69.396,64.454,550.095
018564,AAOI,APPLIED OPTOELECTRONICS INC,2024,249.365,166.973,125.88,-64.137,-186.733,547.032
024225,CRVL,CORVEL CORP,2024,895.589,656.326,88.904,120.824,95.165,545.976
037073,SMR,NUSCALE POWER CORP,2024,37.045,170.692,,-135.489,-136.623,544.673
008947,USLM,U S LIME & MINERALS,2024,317.721,149.885,18.744,124.923,108.839,543.163
038076,NUVB,NUVATION BIO INC,2024,7.873,6.395,168.352,-167.557,-567.939,540.626
035279,ADPT,ADAPTIVE BIOTECH CORP,2024,178.957,54.527,260.518,-155.344,-159.492,539.376
039453,PRCT,PROCEPT BIOROBTCS CORP,2024,224.498,82.165,233.713,-96.614,-91.413,534.017
035396,CSTL,CASTLE BIOSCIENCES INC,2024,332.069,57.255,250.147,8.67,18.245,531.235
039251,ENVX,ENOVIX CORP,2024,23.074,179.105,,-180.555,-222.241,527.169
023167,BLBD,BLUE BIRD CORP,2024,1347.154,1076.178,116.825,139.331,105.547,524.894
060931,GIC,GLOBAL INDUSTRIAL CO,2024,1315.9,861.8,365.3,81.2,61.0,520.7
039157,AVPT,AVEPOINT INC,2024,330.482,77.603,240.331,7.166,-29.09,519.055
038770,FIGS,FIGS INC,2024,555.558,173.241,373.358,2.265,2.72,509.787
009969,STAA,STAAR SURGICAL CO,2024,313.901,71.654,247.967,-12.611,-20.208,509.524
039800,IONQ,IONQ INC,2024,43.073,20.597,234.777,-230.955,-331.647,508.388
039198,ERAS,ERASCA INC,2024,0.0,0.0,146.472,-150.277,-161.65,502.526
037925,SANA,SANA BIOTCHNOLOGY INC,2024,0.0,0.0,250.13,-265.63,-266.759,501.02
038027,IRON,DISC MEDICINE INC,2024,0.0,0.0,129.564,-129.72,-109.357,496.773
066929,TPB,TURNING POINT BRANDS INC,2024,360.66,153.433,115.666,85.899,39.809,493.353
029837,BCRX,BIOCRYST PHARMACEUTICALS INC,2024,450.712,11.239,439.506,-1.279,-88.881,490.42
027387,PI,IMPINJ INC,2024,366.087,166.546,190.224,-4.271,40.838,489.08
017653,ADMA,ADMA BIOLOGICS INC,2024,426.454,199.244,80.182,138.983,197.673,488.678
038467,EWTX,EDGEWISE THERA INC,2024,0.0,0.0,156.763,-158.832,-133.813,486.817
026162,ANAB,ANAPTYSBIO INC,2024,91.28,205.623,,-114.949,-145.231,483.834
037187,PRAX,PRAXIS PRECIS MEDI INC,2024,8.553,208.36,,-200.165,-182.819,483.11
050681,UPB,UPSTREAM BIO INC,2024,2.37,79.345,,-77.064,-62.806,481.719
037428,GRND,GRINDR INC,2024,344.636,87.579,147.491,92.656,-131.001,479.09
033445,SRRK,SCHOLAR ROCK HOLDNG CRP,2024,0.0,0.0,250.117,-252.054,-246.294,474.922
037153,GPGI,GPGI INC,2024,420.571,192.17,102.76,116.467,-53.719,473.918
175654,WLDN,WILLDAN GROUP INC,2024,565.798,363.016,156.531,31.506,22.57,464.863
031059,ZYME,ZYMEWORKS INC,2024,76.304,188.288,,-120.668,-122.695,463.091
021015,OCUL,OCULAR THERAPEUTIX INC,2024,63.723,5.626,224.491,-170.18,-193.506,457.935
050763,SEPN,SEPTERNA INC,2024,1.075,80.497,,-80.823,-71.798,456.554
037412,OLMA,OLEMA PHARMACEUTICALS INC,2024,0.0,0.0,141.865,-142.258,-129.474,450.979
011234,WDFC,WD-40 CO,2024,590.557,272.313,212.437,96.351,69.644,449.039
039555,AMPL,AMPLITUDE INC,2024,299.272,71.061,329.487,-107.383,-94.319,445.911
332179,LIF,LIFE360 INC,2024,371.484,86.849,282.68,-7.823,-4.555,441.58
043106,ODD,ODDITY TECH LTD,2024,647.04,168.891,350.722,117.6,101.491,438.882
039057,GLUE,MONTE ROSA THERAPEUTICS INC,2024,75.622,148.613,,-81.112,-72.7,438.732
038329,ALKT,ALKAMI TECHNOLOGY INC,2024,333.849,128.146,239.626,-44.431,-40.835,437.277
020645,ARDX,ARDELYX INC,2024,333.615,361.065,,-27.95,-39.136,435.754
271357,SMMT,SUMMIT THERAPEUTICS INC,2024,0.0,210.902,,-210.991,-221.315,435.56
008599,AGYS,AGILYSYS INC,2024,275.624,103.175,136.387,28.063,23.225,434.37
348615,NYAX,NAYAX LTD,2024,314.013,172.479,113.766,6.398,-5.631,432.893
019849,ATEN,A10 NETWORKS INC,2024,261.696,44.899,164.683,45.614,50.14,432.815
064334,VCEL,VERICEL CORP,2024,237.224,59.613,167.588,4.519,10.362,432.722
035288,REAL,REALREAL INC (THE),2024,600.484,152.627,468.002,-53.245,-134.202,423.095
039321,WGS,GENEDX HOLDINGS CORP,2024,305.45,106.952,198.006,-21.461,-52.286,419.38
253527,EYPT,EYEPOINT INC,2024,43.273,2.172,180.215,-140.654,-130.87,418.465
038848,NEGG,NEWEGG COMMERCE INC,2024,1235.576,1104.088,172.336,-51.551,-43.328,407.321
017199,BLFS,BIOLIFE SOLUTIONS INC,2024,82.254,23.423,58.063,-7.129,-20.184,399.487
033421,GSHD,GOOSEHEAD INSURANCE,2024,314.505,172.942,69.97,61.14,30.426,397.653
182309,ORKA,ORUKA THERAPEUTICS INC,2024,0.0,0.0,88.096,-88.123,-83.724,396.019
160340,MNKD,MANNKIND CORP,2024,285.504,209.453,,68.68,27.588,393.843
007882,NPKI,NPK INTERNATIONAL INC,2024,217.489,119.87,42.544,32.419,-150.262,393.682
021601,RYTM,RHYTHM PHARMACEUTICLS,2024,130.126,11.803,289.876,-173.118,-260.602,392.273
038403,SEMR,SEMRUSH HOLD INC,2024,376.815,55.409,300.113,11.225,8.236,390.943
018875,AGNT,AGNT INC,2024,4567.672,4214.988,322.459,19.936,-21.267,390.722
039931,NVTS,NAVITAS SEMICONDUCTOR CORP,2024,83.302,46.985,127.243,-112.819,-84.599,389.978
176636,HROW,HARROW INC,2024,199.614,35.612,139.294,11.075,-17.481,388.971
180081,SII,SPROTT INC,2024,178.655,106.081,,70.353,49.294,388.798
347007,IBRX,IMMUNITYBIO INC,2024,14.745,330.873,,-333.682,-413.564,382.933
037623,RSI,RUSH STREET INTERACTIVE INC,2024,924.083,602.036,265.535,24.309,2.388,379.466
035728,PHAT,PHATHOM PHARMA INC,2024,55.252,7.178,324.746,-277.467,-334.326,378.318
037082,TARS,TARSUS PHARMACEUTI INC,2024,182.953,11.601,290.696,-120.569,-115.554,376.991
041293,IE,IVANHOE ELECTRIC INC,2024,2.901,177.149,,-176.951,-128.622,374.932
033500,DNTH,DIANTHUS THERAPEUTICS INC,2024,6.235,108.003,,-101.864,-84.969,374.008
039225,LZ,LEGALZOOM.COM INC,2024,681.881,221.191,384.086,41.677,29.963,373.883
050517,ZBIO,ZENAS BIOPHARMA INC,2024,5.0,168.751,,-163.888,-156.988,369.968
037848,TERN,TERNS PHARMACEUTIC INC,2024,0.0,0.0,101.552,-101.871,-88.853,363.929
039477,TYRA,TYRA BIOSCIENCES INC,2024,0.0,0.0,103.658,-104.177,-86.481,363.558
039749,COCO,VITA COCO COMPANY INC,2024,516.013,316.485,125.287,73.496,55.952,362.381
036726,VITL,VITAL FARMS INC,2024,606.307,364.097,165.565,63.552,53.388,359.332
038258,LUNR,INTUITIVE MACHINES INC,2024,228.0,225.231,53.262,-52.352,-283.413,355.404
026340,WVE,WAVE LIFE SCIENCES INC,2024,108.302,214.809,,-110.403,-97.008,352.207
037495,SPRY,ARS PHARMACEUTICALS INC,2024,89.149,89.924,,-0.983,7.998,351.153
036028,ARQT,ARCUTIS BIOTHERAPEUTICS INC,2024,196.542,16.529,305.811,-128.397,-140.039,348.889
033779,ESTA,ESTABLISHMNT LBS HLDNG,2024,166.025,49.666,159.212,-49.687,-84.596,346.831
037966,BBAI,BIGBEAR.AI HOLDINGS INC,2024,158.236,101.149,81.502,-36.282,-295.547,343.776
045447,ALMS,ALUMIS INC,2024,0.0,0.0,297.602,-300.754,-294.233,340.992
034118,KOD,KODIAK SCIENCES INC,2024,0.0,0.0,168.139,-186.849,-176.207,335.578
020898,SLNO,SOLENO THERAPEUTICS INC,2024,0.0,0.0,182.442,-184.429,-175.85,330.972
035423,KRUS,KURA SUSHI USA INC,2024,237.86,196.975,35.153,-6.055,-8.804,328.522
187169,PSIX,POWER SOLUTIONS INTL INC,2024,475.967,331.69,61.734,77.344,69.279,328.182
036949,COGT,COGENT BIOSCIENCES INC,2024,0.0,0.0,273.489,-275.939,-255.859,327.898
033660,XERS,XERIS BIOPHARMA HOLDINGS INC,2024,203.07,35.605,189.041,-33.646,-54.836,323.06
043421,GRDN,GUARDIAN PHARMACY SERVIS INC,2024,1228.409,973.676,293.44,-58.479,-87.287,320.81
037373,EVEX,EVE HOLDING INC,2024,0.0,0.0,156.174,-156.374,-138.168,318.242
039402,TNGX,TANGO THERAPEUTICS INC,2024,42.069,185.165,,-145.595,-130.302,316.492
144437,PDFS,PDF SOLUTIONS INC,2024,179.465,48.181,122.55,1.875,4.057,315.289
045412,RAPP,RAPPORT THERAPEUTICS INC,2024,0.0,0.0,82.216,-83.055,-78.307,314.933
024795,AMSC,AMERICAN SUPERCONDUCTOR CP,2024,222.818,157.137,53.421,6.7,6.033,310.521
036288,DFTX,DEFINIUM THERAPEUTICS INC,2024,0.0,0.0,103.389,-103.916,-108.679,302.151
037803,PHVS,PHARVARIS NV,2024,0.0,0.0,150.554,-150.834,-138.962,301.664
037961,DAVE,DAVE INC,2024,347.076,198.395,99.53,41.611,57.873,299.327
033766,ARLO,ARLO TECHNOLOGIES INC,2024,510.886,322.638,216.584,-31.536,-30.504,298.4
333070,SEZL,SEZZLE INC,2024,271.129,103.129,84.788,82.247,78.522,298.372
050999,KMTS,KESTRA MEDICAL TECHNOLOG LTD,2024,59.815,27.637,124.852,-100.642,-113.814,295.744
039578,RDW,REDWIRE CORP,2024,304.101,247.954,77.526,-33.071,-114.315,292.617
031061,URGN,UROGEN PHARMA LTD,2024,90.398,8.516,176.399,-94.882,-126.874,285.711
162400,XPEL,XPEL INC,2024,420.4,231.343,118.213,59.147,45.489,285.607
038060,RGTI,RIGETTI COMPUTING INC,2024,10.79,72.394,,-68.51,-200.988,284.787
038375,OKLO,OKLO INC,2024,0.0,52.533,,-52.801,-73.616,281.736
183593,OMER,OMEROS CORP,2024,0.0,0.0,168.308,-169.258,-156.815,277.079
038343,OUST,OUSTER INC,2024,111.101,66.656,138.876,-104.177,-97.045,276.148
347085,KARO,KAROOOOO LTD,2024,245.74,37.761,102.283,70.049,49.554,273.27
035255,STOK,STOKE THERAPEUTICS INC,2024,36.555,135.75,,-101.372,-88.981,271.555
033420,LASR,NLIGHT INC,2024,198.548,152.315,93.77,-61.345,-60.792,270.241
050526,MBX,MBX BIOSCIENCES INC,2024,0.0,0.0,67.95,-68.194,-61.922,268.535
039280,EVLV,EVOLV TECHNOLOGIES HOLDINGS,2024,103.865,23.316,126.2,-63.026,-54.017,268.059
178157,MDXG,MIMEDX GROUP INC,2024,348.879,55.668,227.308,59.862,42.419,263.915
037392,EOSE,EOS ENERGY ENTERPRISES INC,2024,15.606,90.968,82.805,-166.066,-685.87,260.318
032356,CELC,CELCUITY INC,2024,0.0,0.0,113.137,-113.267,-111.779,245.123
045711,MAZE,MAZE THERAPEUTICS INC,2024,167.5,106.617,,57.586,52.231,240.542
037035,IMNM,IMMUNOME INC,2024,9.041,160.93,,-153.456,-292.963,240.241
033810,LQDA,LIQUIDIA CORP,2024,13.996,4.805,125.911,-117.794,-130.394,230.313
031177,SVRA,SAVARA INC,2024,0.0,0.0,103.066,-103.196,-95.881,212.879
007685,NSSC,NAPCO SECURITY TECH INC,2024,188.82,84.903,46.716,55.038,49.818,207.752
041916,MLYS,MINERALYS THERAPEUTICS INC,2024,0.0,0.0,192.36,-192.403,-177.81,205.903
190355,AXGN,AXOGEN INC,2024,187.338,38.894,144.997,-3.287,-9.964,203.728
051058,RHLD,RESOLUTE HOLDINGS MANAGEMENT,2024,420.571,192.17,92.545,126.682,110.258,201.768
037136,QBTS,DWAVE QUANTUM INC,2024,8.827,3.046,77.458,-72.786,-143.879,199.853
037953,RUM,RUM GROUP INC,2024,95.488,138.472,72.901,-129.5,-338.363,195.313
040470,AMLX,AMYLYX PHARMACEUTICALS INC,2024,87.371,5.049,218.415,-136.997,-301.743,193.634
130525,USAS,AMERICAS GOLD & SILVER CORP,2024,100.188,82.74,18.983,-26.242,-44.947,192.64
045769,SION,SIONNA THERAPEUTICS INC,2024,0.0,0.0,56.249,-56.917,-61.688,185.752
045388,INBX,INHIBRX BIOSCIENCES INC,2024,0.2,220.202,,-222.287,1687.572,180.767
019205,CAPR,CAPRICOR THERAPEUTICS INC,2024,22.27,63.409,,-42.564,-40.467,170.481
039992,NN,NEXTNAV INC,2024,5.669,10.701,49.752,-60.098,-101.879,161.74
037013,TSHA,TAYSHA GENE THERPS INC,2024,8.333,93.709,,-86.621,-89.298,160.364
038687,ATAI,ATAIBECKLEY INC,2024,0.308,99.972,,-100.137,-149.269,159.387
162643,QUBT,QUANTUM COMPUTING INC,2024,0.373,22.512,,-25.937,-68.542,153.559
045785,BBNX,BETA BIONICS INC,2024,65.124,28.085,81.139,-45.251,-54.756,149.645
013400,ASM,AVINO SILVER & GOLD MINS LTD,2024,66.178,39.744,8.108,14.743,8.1,148.711
065286,AEHR,AEHR TEST SYSTEMS,2024,58.968,32.723,27.545,-3.612,-3.91,148.508
018315,PGEN,PRECIGEN INC,2024,3.925,92.004,,-92.605,-126.235,145.266
177405,HYMC,HYCROFT MINING HOLDING CORP,2024,0.0,0.5,42.853,-53.233,-60.896,140.135
038121,OCS,OCULIS HOLDING AG,2024,0.757,81.088,,-80.779,-94.653,132.807
040636,AMPX,AMPRIUS TECHNOLOGIES INC,2024,24.167,38.689,26.07,-44.4,-44.671,121.125
187650,PPTA,PERPETUA RESOURCES CORP,2024,0.0,0.0,52.019,-52.139,-14.483,117.61
028717,INOD,INNODATA INC,2024,170.461,97.682,42.647,24.336,28.66,113.449
035054,TRVI,TREVI THERAPEUTICS INC,2024,0.0,0.0,51.43,-51.524,-47.911,110.9
020600,NG,NOVAGOLD RESOURCES LTD,2024,0.0,0.0,24.914,-24.936,-45.621,109.753
033073,ONDS,ONDAS INC,2024,7.193,6.848,30.132,-34.609,-38.008,109.622
020945,IRMD,IRADIMED CORP,2024,73.242,16.075,34.385,21.964,19.234,98.326
022590,PVLA,PALVELLA THERAPEUTICS INC,2024,0.0,0.0,14.095,-14.095,-17.434,88.234
039624,TMC,TMC THE METALS CO INC,2024,0.0,0.0,80.925,-81.287,-81.943,62.998
036603,SLSR,SOLARIS RESOURCES INC,2024,0.0,0.0,71.964,-72.976,-77.017,57.196
035835,BGM,BGM GROUP LTD,2024,25.098,19.746,4.679,-0.564,-1.443,53.004
038930,CNL,COLLECTIVE MINING LTD,2024,0.0,0.0,23.493,-23.833,-26.949,42.556
045158,NNE,NANO NUCLEAR ENERGY INC,2024,0.0,0.0,10.567,-10.577,-10.152,35.096
036336,FXHO,UTIME LTD,2024,34.589,32.832,89.626,-88.65,-92.343,28.393
028785,WINA,WINMARK CORP,2024,81.289,2.617,24.942,52.931,39.954,26.845
017727,CHRN,CHRONOSCALE HOLDINGS CORP,2024,17.925,7.444,19.971,-10.46,-11.33,26.652
045685,NNNN,ANBIO BIOTECHNOLOGY,2024,8.185,2.299,3.89,1.996,2.373,18.922
038705,RGC,REGENCELL BIOSCIENCE HOL LTD,2024,0.0,0.0,4.431,-4.737,-4.302,8.438
035354,ABTC,AMERICAN BITCOIN CORP,2024,20.539,15.818,12.855,-19.313,-21.3,7.632
039351,SBET,SHARPLINK INC,2024,3.662,2.744,5.669,-4.763,10.1,2.571
042314,USAR,USA RARE EARTH INC,2024,,,,,,
042339,KDK,KODIAK AI INC,2024,,,,,,
043860,BBOT,BRIDGEBIO ONCLGY THRPTCS INC,2024,,,,,,
