ticker,company,sector,industry_code,exchange,state,ipo_date,fiscal_year_end,employees,sales,cogs,sga,r_and_d,ebitda,ebit,interest_expense,net_income,dividends,capex,cfo,total_assets,total_liabilities,total_debt,cash,book_equity,shares_out,price,mktcap,ret_2025,vol,beta_2025
ATLC,Atlanticus Holdings Corp,Financials,402020,NASDAQ,GA,1999-04-23,2025-12-31,0.576,865.344,391.12,,,474.224,468.416,301.903,122.204,0.0,5.024,637.963,7623.088,6979.258,6542.606,767.407,608.7,14.922,66.95,999.028,0.2003,0.514,1.5093
LGIH,Lgi Homes Inc,Consumer Discretionary,252010,NASDAQ,TX,2013-11-07,2025-12-31,1.056,1705.504,1351.958,269.448,,84.098,79.776,126.847,72.552,0.0,0.924,-139.973,3927.242,1830.953,1669.918,61.247,2096.289,23.133,42.96,993.794,-0.5195,0.557,0.9771
PUMP,Propetro Holding Corp,Energy,101010,NYSE,TX,2017-03-17,2025-12-31,1.7,1269.158,968.175,109.825,,191.158,16.262,8.238,0.824,0.0,186.316,231.607,1290.89,461.048,213.225,91.334,829.842,104.31,9.51,991.988,0.0193,0.849,2.0579
GO,Grocery Outlet Hldng Corp,Consumer Staples,301010,NASDAQ,CA,2019-06-20,2025-12-31,2.207,4688.759,3243.511,1340.725,0.0,104.523,-25.733,34.384,-224.912,0.0,198.333,222.133,3091.099,2107.436,1809.702,69.602,983.663,98.153,10.1,991.345,-0.353,0.68,0.0961
ASTE,Astec Industries Inc,Industrials,201060,NASDAQ,TN,,2025-12-31,4.468,1410.4,992.5,299.2,26.9,118.7,82.4,18.5,38.8,11.9,40.7,61.4,1367.2,685.6,363.0,74.1,681.7,22.878,43.32,991.075,0.3056,0.389,1.062
SAFE,Safehold Inc,Real Estate,601080,NYSE,NY,2017-06-22,2025-12-31,0.072,404.441,12.736,60.901,,330.804,328.418,206.686,114.469,51.204,0.0,47.814,7249.275,4809.396,4591.509,30.736,2408.311,71.756,13.69,982.34,-0.2251,0.385,0.6632
DEA,Easterly Government Pptys,Real Estate,601040,NYSE,DC,2015-02-06,2025-12-31,0.055,342.88,227.853,27.016,0.0,,88.011,73.296,13.003,89.978,0.0,259.194,3379.77,2010.205,1669.783,33.631,1323.132,46.303,21.19,981.161,-0.1866,0.286,0.6245
EVER,Everquote Inc,Communication Services,502030,NASDAQ,MA,2018-06-28,2025-12-31,0.356,692.521,15.564,606.578,31.504,70.379,66.568,0.0,99.311,0.0,5.057,95.381,326.913,88.873,2.567,171.379,238.04,36.246,27.0,978.642,0.3507,0.573,1.0388
PNTG,Pennant Group Inc (The),Health Care,351020,NASDAQ,ID,,2025-12-31,9.7,947.705,816.7,71.077,0.0,59.928,51.39,6.678,29.578,0.0,12.039,48.294,968.179,593.927,459.824,17.024,332.603,34.626,28.15,974.722,0.0615,0.377,0.5501
IART,Integra Lifesciences Holdngs,Health Care,351010,NASDAQ,NJ,1995-08-16,2025-12-31,4.427,1635.245,578.882,738.015,98.971,318.348,166.448,91.255,-516.474,0.0,81.436,50.384,3602.001,2558.538,2033.184,263.741,1043.463,77.887,12.42,967.357,-0.4524,0.625,1.3219
PRCH,Porch Group Inc,Financials,403010,NASDAQ,WA,,2025-12-31,0.803,482.414,117.956,303.464,,60.994,36.526,52.323,-3.361,0.0,14.361,66.419,797.423,775.037,394.715,189.391,-24.619,105.809,9.13,966.036,0.8557,1.282,2.1066
NRDS,Nerdwallet Inc,Financials,402020,NASDAQ,CA,2021-11-04,2025-12-31,0.65,836.6,17.3,703.3,66.7,116.0,69.6,0.6,48.7,0.0,18.2,131.6,461.1,86.6,14.9,100.6,374.5,71.289,13.55,965.966,0.0188,0.573,1.2645
BFLY,Butterfly Network Inc,Health Care,351010,NYSE,MA,,2025-12-31,0.22,97.61,30.125,128.223,36.262,-60.738,-68.819,1.49,-77.064,0.0,3.348,-12.7,296.533,100.554,20.398,150.489,195.979,253.745,3.8,964.231,0.2179,1.016,2.4207
DAWN,Day One Biopharmaceutcls Inc,Health Care,352010,NASDAQ,CA,2021-05-27,2025-12-31,0.178,158.182,13.734,268.722,148.135,-124.274,-127.75,0.0,-107.322,0.0,0.32,-103.757,507.827,66.665,2.793,441.113,441.162,102.983,9.32,959.802,-0.2644,0.687,1.1365
CDNA,Caredx Inc,Health Care,352010,NASDAQ,CA,2014-07-17,2025-12-31,0.765,379.805,110.362,274.874,71.429,-5.431,-20.449,0.0,-21.354,0.0,5.913,42.032,413.228,110.127,26.194,177.208,303.101,50.917,18.84,959.276,-0.12,0.702,1.2834
CMPX,Compass Therapeutics Inc,Health Care,352010,NASDAQ,MA,,2025-12-31,0.039,0.0,0.0,72.563,55.969,-72.563,-72.839,0.0,-66.489,0.0,0.025,-49.143,219.588,22.797,9.829,208.906,196.791,178.324,5.37,957.6,2.7035,0.917,1.4137
OPK,Opko Health Inc,Health Care,351020,NASDAQ,FL,1995-11-02,2025-12-31,2.275,606.879,387.202,347.035,124.033,-127.358,-218.985,108.462,-225.68,0.0,12.278,-178.542,1931.944,663.985,396.782,369.074,1267.959,759.068,1.26,956.426,-0.1429,0.393,0.762
TBPH,Theravance Biopharma Inc,Health Care,352020,NASDAQ,CA,,2025-12-31,0.09,107.464,109.566,,37.414,-2.102,-3.602,2.461,105.895,0.0,0.042,238.541,485.57,188.847,75.498,315.357,296.723,51.069,18.71,955.501,0.9883,0.488,0.5548
GILT,Gilat Satellite Networks Ltd,Information Technology,452010,NASDAQ,,1993-03-25,2025-12-31,1.159,451.657,298.983,108.122,46.651,44.552,20.901,8.126,20.723,0.0,11.49,20.675,746.054,245.776,8.059,185.428,500.278,73.831,12.94,955.373,1.1041,0.567,1.4214
AMAL,Amalgamated Financial Corp,Financials,401010,NASDAQ,NY,,2025-12-31,0.45,453.169,140.768,111.94,,200.461,193.665,,104.447,17.322,1.379,135.782,8869.836,8075.372,81.802,339.879,794.464,29.818,32.03,955.071,-0.025,0.322,0.8568
BCAX,Bicara Therapeutics Inc,Health Care,352010,NASDAQ,MA,2024-09-13,2025-12-31,0.103,0.0,0.0,155.499,125.096,-155.499,-155.604,0.0,-137.95,0.0,0.28,-106.834,430.994,29.542,1.71,414.801,401.452,56.601,16.83,952.595,-0.0339,0.873,1.4532
RCAT,Red Cat Holdings Inc,Industrials,201010,NASDAQ,UT,,2025-12-31,0.244,40.729,37.19,67.871,17.89,-64.332,-66.597,,-72.075,0.0,6.647,-89.134,273.677,27.845,18.435,167.865,245.832,120.07,7.93,952.155,-0.3829,1.169,2.6842
DAKT,Daktronics Inc,Information Technology,452030,NASDAQ,SD,1994-02-10,2026-04-30,2.693,838.706,591.97,164.376,43.458,82.36,64.63,2.428,45.376,0.0,14.917,49.217,554.412,253.665,18.132,131.639,300.747,48.244,19.66,948.477,0.1726,0.51,1.1652
UVE,Universal Insurance Hldgs,Financials,403010,NYSE,FL,1992-12-14,2025-12-31,0.929,1603.915,1348.124,,,255.791,249.491,6.422,182.951,22.345,4.438,381.493,2839.695,2288.66,100.481,638.396,551.035,28.008,33.8,946.67,0.6537,0.335,0.4624
MFA,Mfa Financial Inc,Financials,402040,NYSE,NY,,2025-12-31,0.307,893.959,155.991,,0.0,,737.968,513.98,176.783,147.305,0.0,76.245,13046.449,11218.754,10993.445,386.668,1827.501,101.663,9.31,946.483,0.0596,0.285,0.803
EPC,Edgewell Personal Care Co,Consumer Staples,303020,NYSE,CT,2000-03-27,2025-09-30,6.7,2223.5,1201.3,723.6,57.6,298.6,209.8,73.2,25.4,28.8,77.0,118.4,3756.3,2203.2,1485.3,225.7,1553.1,46.464,20.36,946.007,-0.4794,0.401,0.6342
PRSU,Pursuit Attrc And Hsptly Inc,Consumer Discretionary,253010,NYSE,CO,,2025-12-31,2.1,452.417,260.75,69.329,,122.338,76.268,8.823,22.668,0.0,75.02,74.27,965.425,305.041,195.221,31.694,581.833,28.009,33.68,943.343,-0.2077,0.422,1.1526
MLTX,Moonlake Immunotherapeutics,Health Care,352010,NASDAQ,,2020-10-20,2025-12-31,0.13,0.0,0.0,242.218,202.862,-242.218,-244.834,7.248,-227.318,0.0,0.035,-196.007,424.433,119.952,75.708,393.968,304.481,71.374,13.18,940.709,-0.7566,1.087,0.6565
ACEL,Accel Entertainment Inc,Consumer Discretionary,253010,NYSE,IL,,2025-12-31,1.6,1330.96,916.548,219.336,,195.076,119.726,34.198,51.47,0.0,88.923,150.875,1103.393,829.63,616.647,296.566,269.683,82.287,11.41,938.895,0.0684,0.328,0.5887
BHRB,Burke Herbert Finl Srvs Corp,Financials,401010,NASDAQ,VA,,2025-12-31,0.832,491.103,150.604,116.403,,224.096,201.38,,117.306,33.018,11.705,107.933,7920.626,7065.977,556.365,289.127,844.236,15.029,62.31,936.457,0.0358,0.293,0.8363
BOW,Bowhead Specialty Holdgs Inc,Financials,403010,NYSE,NY,2024-05-23,2025-12-31,0.296,551.589,475.02,,,76.569,74.79,2.012,53.786,0.0,5.57,331.587,2371.376,1922.102,149.431,347.068,448.266,32.783,28.54,935.627,-0.1965,0.346,0.3974
FMBH,First Mid Bancshares Inc,Financials,401010,NASDAQ,IL,,2025-12-31,1.17,464.627,126.746,171.194,,166.687,161.487,,91.749,19.557,6.846,130.874,7966.658,7007.966,564.388,256.66,958.692,23.986,39.0,935.454,0.087,0.274,0.8004
MSEX,Middlesex Water Co,Utilities,551040,NASDAQ,NJ,,2025-12-31,0.395,194.694,113.205,,,81.489,54.376,14.295,42.822,24.924,96.354,62.596,1365.737,870.363,417.412,2.8,494.031,18.521,50.42,933.829,-0.0169,0.355,-0.1586
MFI,Mf International Ltd,Financials,402030,NASDAQ,,2024-04-22,2025-12-31,0.033,4.347,2.149,5.7,0.006,-3.502,-4.412,,10.117,0.0,0.02,-2.039,518.886,3.384,0.747,28.701,515.502,50.176,18.58,932.27,2.4587,1.925,2.0274
PLSE,Pulse Biosciences Inc,Health Care,351010,NASDAQ,FL,2016-05-18,2025-12-31,0.116,0.35,0.533,76.275,44.721,-76.458,-77.529,0.0,-72.781,0.0,0.315,-54.122,94.539,13.883,7.53,80.735,80.656,67.84,13.73,931.443,-0.2114,0.571,0.8957
INMD,Inmode Ltd,Health Care,351010,NASDAQ,,2019-08-08,2025-12-31,0.66,370.495,78.83,205.583,13.319,86.082,85.387,0.0,93.831,0.0,0.972,85.257,766.429,83.231,8.227,555.334,683.198,63.359,14.69,930.744,-0.1203,0.366,0.9614
MVST,Microvast Holdings Inc,Industrials,201060,NASDAQ,TX,,2025-12-31,1.908,427.516,272.275,114.127,34.109,41.114,7.983,5.832,-29.218,0.0,19.834,75.908,1005.448,594.935,384.486,169.238,410.513,331.786,2.8,929.001,0.3527,1.056,1.1297
SCSC,Scansource Inc,Information Technology,452030,NASDAQ,SC,1994-03-18,2025-06-30,2.1,3040.81,2631.2,284.252,0.0,125.358,95.163,8.013,71.548,0.0,8.286,112.349,1785.606,879.197,147.106,129.557,906.409,22.217,41.81,928.893,-0.1768,0.365,0.9675
MRTN,Marten Transport Ltd,Industrials,203040,NASDAQ,WI,1986-09-25,2025-12-31,3.502,883.652,767.414,,,116.238,10.846,0.0,17.444,19.562,144.553,93.488,949.767,182.142,0.453,48.278,767.625,81.542,11.38,927.948,-0.2568,0.302,0.6309
UFCS,United Fire Group Inc,Financials,403010,NASDAQ,IA,,2025-12-31,0.846,1386.412,1216.678,,,169.734,159.203,11.267,118.191,16.306,6.446,269.743,3840.789,2899.619,159.355,218.007,941.17,25.522,36.35,927.725,0.3049,0.316,0.5524
ABUS,Arbutus Biopharma Corp,Health Care,352010,NASDAQ,PA,,2025-12-31,0.019,14.083,40.771,,25.241,-26.688,-27.051,0.097,-33.501,0.0,0.0,-39.637,94.618,18.042,4.188,91.471,76.576,192.531,4.81,926.074,0.4709,0.45,0.8543
GDRX,Goodrx Hldgs Inc,Health Care,351030,NASDAQ,CA,2020-09-23,2025-12-31,0.697,796.853,57.517,551.556,121.026,187.78,102.562,42.605,30.439,0.0,3.521,167.904,1404.058,787.796,542.806,261.82,616.262,341.052,2.71,924.251,-0.4172,0.701,1.2361
HLX,Helix Energy Solutions Group,Energy,101010,NYSE,TX,1997-07-01,2025-12-31,2.212,1291.474,1015.862,75.939,,199.673,65.135,32.973,30.827,0.0,16.342,136.749,2615.904,1035.992,629.75,445.196,1579.912,147.186,6.27,922.856,-0.3273,0.51,1.3091
FWRG,First Watch Restaura Gro Inc,Consumer Discretionary,253010,NASDAQ,FL,2021-10-01,2025-12-31,17.5,1222.501,975.115,141.883,0.0,105.503,30.492,18.664,19.432,0.0,156.906,125.912,1742.029,1115.75,1008.668,21.246,626.279,61.132,15.08,921.871,-0.1897,0.539,1.1503
UVSP,Univest Financial Corp,Financials,401010,NASDAQ,PA,1989-11-03,2025-12-31,0.96,518.347,201.958,142.465,,173.924,168.419,,90.757,25.023,4.585,101.512,8436.897,7493.579,351.809,553.712,943.318,28.157,32.74,921.86,0.1423,0.288,0.7969
CRMD,Cormedix Inc,Health Care,352020,NASDAQ,NJ,2010-03-25,2025-12-31,0.191,311.709,21.412,108.866,19.333,181.431,166.882,2.782,163.055,0.0,2.26,175.046,826.142,420.835,148.914,149.187,405.307,79.261,11.63,921.805,0.4358,0.823,0.619
QNST,Quinstreet Inc,Communication Services,502030,NASDAQ,CA,2010-02-11,2025-06-30,0.938,1093.711,958.334,87.584,33.872,47.793,23.287,0.4,4.707,0.0,11.442,84.98,431.107,187.063,10.196,101.078,244.044,57.16,16.1,920.276,-0.3771,0.441,1.1115
NGVC,Natural Grocers Vitamin Ctge,Consumer Staples,301010,NYSE,CO,2012-07-25,2025-09-30,4.25,1330.836,932.145,304.887,0.0,93.804,61.99,3.315,46.444,11.009,31.201,55.304,670.504,458.109,332.019,17.116,212.395,22.955,40.0,918.2,-0.3605,0.558,0.3917
ELVN,Enliven Therapeutics Inc,Health Care,352020,NASDAQ,CO,2020-03-12,2025-12-31,0.06,0.0,0.0,119.395,85.856,-119.395,-119.658,0.0,-103.694,0.0,0.158,-70.301,476.168,16.568,0.399,462.621,459.6,59.44,15.4,915.376,-0.3156,0.677,1.1994
KURA,Kura Oncology Inc,Health Care,352010,NASDAQ,CA,,2025-12-31,0.26,67.482,370.081,,251.074,-302.599,-303.631,1.512,-278.666,0.0,6.638,-64.058,738.363,564.228,20.457,667.24,174.135,87.855,10.39,912.813,0.1929,0.614,1.001
BBSI,Barrett Business Svcs Inc,Industrials,202020,NASDAQ,WA,1993-06-11,2025-12-31,141.802,1240.298,979.385,190.494,,70.419,62.163,0.171,54.448,8.182,18.777,65.955,779.067,538.067,24.453,254.397,241.0,25.179,36.21,911.732,-0.1598,0.27,0.6201
ALNT,Allient Inc,Industrials,201040,NASDAQ,NY,,2025-12-31,2.478,554.478,359.833,121.213,38.836,73.432,48.025,13.175,22.034,2.001,6.989,56.675,577.595,276.14,202.629,40.705,301.455,16.936,53.75,910.31,1.2216,0.505,1.183
UTZ,Utz Brands Inc,Consumer Staples,302020,NYSE,PA,2018-10-05,2025-12-31,3.3,1438.8,1044.6,302.8,,91.4,10.3,46.6,0.8,21.8,102.8,112.2,2793.6,1448.7,1028.1,120.4,713.7,87.51,10.38,908.354,-0.3231,0.358,0.2505
JBI,Janus Internationl Group Inc,Industrials,201020,NYSE,GA,,2025-12-31,1.817,884.2,532.0,190.4,,161.8,115.7,42.4,53.8,0.0,25.5,139.5,1305.0,732.5,622.9,194.4,572.5,138.857,6.54,908.125,-0.1102,0.512,0.8757
ESPR,Esperion Therapeutics Inc,Health Care,352020,NASDAQ,MI,2013-06-26,2025-12-31,0.294,403.135,129.119,213.638,47.852,60.378,60.273,84.604,-22.682,0.0,0.0,-13.093,465.886,767.851,548.0,167.852,-301.965,245.216,3.7,907.299,0.6818,0.812,1.1306
NBBK,Nb Bancorp Inc,Financials,401010,NASDAQ,MA,2023-12-28,2025-12-31,0.526,351.948,142.943,83.569,,125.436,121.838,,50.302,5.575,3.417,60.792,7006.13,6147.198,217.972,407.596,858.932,45.77,19.82,907.161,0.1062,0.272,0.6312
GROY,Gold Royalty Corp,Materials,151040,NYSE American,BC,2021-03-09,2025-12-31,0.016,15.61,1.02,9.751,,4.839,2.103,8.266,-4.13,0.0,72.96,6.17,822.756,123.561,0.101,13.955,699.195,224.53,4.04,907.101,2.3389,0.557,0.4105
LAR,Lithium Argentina Ag,Materials,151040,NYSE,,,2025-12-31,,0.0,0.0,36.966,,-36.966,-37.456,31.94,-75.449,0.0,0.229,-29.956,1099.78,282.847,234.161,61.134,767.88,162.407,5.58,906.231,1.1298,0.783,1.2815
LMB,Limbach Holdings Inc,Industrials,201030,NASDAQ,FL,2014-07-16,2025-12-31,1.5,646.804,467.714,109.518,,69.572,51.439,3.324,39.064,0.0,3.807,45.7,381.13,185.469,55.871,11.41,195.661,11.627,77.85,905.162,-0.0899,0.602,1.1391
AXTI,Axt Inc,Information Technology,453010,NASDAQ,CA,1998-05-21,2025-12-31,1.541,88.326,67.976,33.218,9.049,-12.868,-21.976,1.257,-21.26,0.0,5.995,-12.783,433.751,99.12,70.056,128.366,269.758,55.337,16.35,904.76,6.5346,1.04,1.7324
SBSI,Southside Bancshares Inc,Financials,401010,NYSE,TX,,2025-12-31,0.781,419.03,185.043,104.774,,129.213,118.603,,69.22,43.371,20.338,93.817,8514.59,7666.975,734.085,389.786,847.615,29.723,30.39,903.282,0.005,0.246,0.6319
LVWR,Livewire Group Inc,Consumer Discretionary,251020,NYSE,WI,2020-10-01,2025-12-31,0.151,25.672,20.969,71.051,23.894,-66.348,-75.484,0.255,-75.114,0.0,3.811,-53.548,146.411,100.383,75.725,82.777,46.028,204.309,4.42,903.046,-0.0811,2.089,2.6267
HRTG,Heritage Insurance Holdings,Financials,403010,NYSE,FL,2014-05-23,2025-12-31,0.542,847.33,487.207,80.273,,279.85,267.151,7.887,195.594,0.0,8.074,182.238,2195.822,1690.571,99.815,671.988,505.251,30.834,29.26,902.203,1.4182,0.604,0.3232
EE,Excelerate Energy Inc,Energy,101020,NYSE,TX,2022-04-13,2025-12-31,1.046,1228.263,816.019,,,412.244,300.922,94.138,39.199,8.881,162.985,461.21,4131.461,1902.383,1430.899,541.473,682.393,32.025,28.05,898.301,-0.0629,0.373,0.6126
PD,Pagerduty Inc,Information Technology,451030,NYSE,CA,2019-04-11,2026-01-31,1.155,492.546,63.248,400.377,126.937,28.921,15.799,8.857,173.854,0.0,12.174,114.857,990.515,719.85,413.327,469.838,253.593,84.616,10.6,896.93,-0.282,0.506,1.3037
OLPX,Olaplex Holdings Inc,Consumer Staples,303020,NASDAQ,NY,2021-09-30,2025-12-31,0.278,422.96,119.329,224.315,,79.316,25.404,41.342,-9.252,0.0,0.331,58.66,1497.487,618.097,352.29,318.731,879.39,669.077,1.34,896.563,-0.2254,0.656,1.4112
ONT,Onterris Inc,Industrials,202010,NYSE,AR,2020-07-23,2025-12-31,3.5,830.538,496.192,268.981,,65.365,14.45,21.467,-0.843,0.0,16.317,107.476,981.296,530.121,359.027,11.223,451.175,35.93,24.83,892.142,0.3385,0.681,1.3367
EEX,Emerald Holding Inc,Communication Services,502010,NYSE,NY,2017-04-28,2025-12-31,0.821,463.4,168.7,179.0,,115.7,84.7,48.8,-30.7,11.9,1.2,42.6,1212.8,874.0,512.3,100.9,338.8,197.697,4.47,883.706,-0.0597,0.608,1.0929
SKYT,Skywater Tech Inc,Information Technology,453010,NASDAQ,MN,2021-04-21,2025-12-31,1.551,442.139,319.105,79.293,14.621,43.741,9.038,13.713,118.91,0.0,24.335,-28.966,733.907,538.095,250.343,23.224,187.819,48.608,18.16,882.721,0.3159,1.039,2.4133
YEXT,Yext Inc,Information Technology,451030,NYSE,NY,2017-04-13,2026-01-31,1.12,446.579,90.561,297.431,89.874,58.587,31.601,7.575,37.871,0.0,2.557,55.847,621.776,462.355,178.464,155.623,159.421,122.933,7.16,880.2,0.2673,0.431,0.6106
EIG,Employers Holdings Inc,Financials,403010,NYSE,NV,2007-01-31,2025-12-31,0.623,858.7,841.5,,,17.2,13.6,0.5,10.8,29.9,2.2,44.7,3436.6,2480.9,38.9,197.4,955.7,20.342,43.17,878.164,-0.1332,0.245,0.3329
GLDD,Great Lakes Dredge & Dock Cp,Industrials,201030,NASDAQ,TX,2006-12-27,2025-12-31,1.114,888.277,641.37,77.97,,168.937,125.515,17.312,73.469,0.0,147.218,246.678,1285.749,768.607,458.106,13.361,517.142,66.775,13.12,876.088,0.1621,0.431,1.0649
GHM,Graham Corp,Industrials,201060,NYSE,NY,,2026-03-31,0.732,245.293,181.683,35.946,6.354,27.664,20.012,,12.5,0.0,16.054,15.933,323.616,183.301,20.193,6.58,140.315,11.073,78.92,873.881,0.4443,0.539,1.5277
ESQ,Esquire Fincl Hold Inc,Financials,401010,NASDAQ,NY,2017-06-27,2025-12-31,0.151,164.497,27.611,47.221,,89.665,86.729,,50.822,5.967,3.161,59.84,2365.661,2076.063,2.641,235.887,289.598,8.552,102.07,872.903,0.2937,0.292,0.649
UTL,Unitil Corp,Utilities,551030,NYSE,NH,,2025-12-31,0.595,536.0,343.0,,,193.0,104.3,43.8,50.2,30.1,185.1,131.3,2134.2,1524.6,933.8,15.6,609.4,17.919,48.44,867.996,-0.0745,0.222,0.1147
GSM,Ferroglobe Plc,Materials,151040,NASDAQ,,,2025-12-31,2.92,1417.956,1204.18,245.899,,-32.123,-117.074,20.775,-170.7,10.451,61.703,51.464,1415.48,723.223,269.152,134.091,595.617,186.86,4.64,867.03,0.2375,0.519,0.895
HBNC,Horizon Bancorp Inc,Financials,401010,NASDAQ,IN,,2025-12-31,0.491,99.327,135.189,103.604,,-139.466,-151.865,,-150.482,30.636,4.956,79.231,6436.611,5748.36,404.489,139.459,688.251,50.978,16.96,864.587,0.0977,0.305,0.878
RZLV,Rezolve Ai Plc,Information Technology,451030,NASDAQ,,2021-08-13,2025-12-31,0.573,46.8,15.922,103.41,11.198,-72.532,-79.497,3.507,-101.41,0.0,0.09,-63.147,611.734,364.918,157.278,111.113,246.816,336.328,2.57,864.363,-0.3272,1.307,2.1198
NKTR,Nektar Therapeutics,Health Care,352020,NASDAQ,CA,1994-05-03,2025-12-31,0.063,55.232,184.977,,117.33,-129.745,-130.771,26.184,-164.076,0.0,0.171,-208.511,280.406,190.574,148.908,245.752,89.832,20.379,42.28,861.624,2.0308,1.86,2.0992
SIBN,Si-Bone Inc,Health Care,351010,NASDAQ,CA,2018-10-17,2025-12-31,0.376,200.925,35.276,182.209,17.448,-16.56,-22.33,2.628,-18.904,0.0,8.414,-0.675,238.555,61.023,36.688,147.823,177.532,43.647,19.72,860.719,0.4066,0.513,0.8565
SLDP,Solid Power Inc,Consumer Discretionary,251010,NASDAQ,CO,2021-03-24,2025-12-31,0.23,21.747,1.751,101.182,72.513,-81.186,-100.084,0.025,-93.41,0.0,10.209,-73.393,455.092,38.918,7.99,250.784,415.704,201.181,4.25,855.019,1.2487,1.182,1.5928
AVBP,Arrivent Biopharma Inc,Health Care,352010,NASDAQ,PA,2024-01-26,2025-12-31,0.077,0.0,0.0,137.534,153.351,-137.534,-137.534,0.0,-166.308,0.0,0.0,-160.588,333.169,25.945,0.014,312.821,307.224,42.452,20.12,854.134,-0.2447,0.527,0.8444
VINP,Vinci Compass Invest Ltd,Financials,402030,NASDAQ,,2021-01-28,2025-12-31,0.594,177.452,121.342,,,56.11,45.746,13.937,39.502,38.362,7.249,49.739,732.207,359.385,138.213,50.852,359.256,65.422,13.04,853.103,0.373,0.254,0.7756
ITRN,Ituran Location & Control,Information Technology,452010,NASDAQ,,2005-09-28,2025-12-31,2.917,359.023,161.276,101.64,20.806,96.107,76.937,,57.967,29.827,21.776,88.578,386.214,161.728,8.878,107.554,217.564,19.809,43.01,851.985,0.4564,0.368,0.8803
UDMY,Udemy Inc,Consumer Discretionary,253020,NASDAQ,CA,2021-10-29,2025-12-31,1.38,789.844,247.56,515.774,101.513,26.51,1.151,0.734,3.807,0.0,5.803,87.659,617.698,407.237,10.227,358.945,210.461,145.051,5.85,848.548,-0.2892,0.594,1.4249
EQBK,Equity Bancshares Inc,Financials,401010,NYSE,KS,2015-11-11,2025-12-31,0.909,314.807,113.707,100.587,,100.513,89.568,,22.726,12.114,13.253,51.365,6373.172,5641.118,441.536,608.392,732.054,18.954,44.65,846.296,0.0694,0.276,0.7064
APOG,Apogee Enterprises Inc,Industrials,201020,NASDAQ,MN,,2026-02-28,4.1,1404.733,1030.818,206.83,11.2,167.085,117.087,16.451,54.131,22.216,27.308,122.465,1122.345,610.551,286.383,45.662,511.794,21.22,39.82,844.98,-0.4775,0.41,0.8259
GERN,Geron Corp,Health Care,352010,NASDAQ,CA,1996-06-30,2025-12-31,0.258,183.881,234.96,,71.433,-51.079,-51.553,32.657,-83.5,0.0,0.049,-111.037,570.54,344.668,251.574,359.799,225.872,639.856,1.32,844.61,-0.6271,0.708,1.1325
LQDT,Liquidity Services Inc,Industrials,202010,NASDAQ,MD,2006-02-23,2025-09-30,0.818,476.669,336.396,93.738,,46.535,36.126,,28.093,0.0,7.8,66.758,375.101,171.859,13.794,185.819,203.242,30.677,27.43,841.47,-0.0613,0.412,0.7465
VIR,Vir Biotechnology Inc,Health Care,352010,NASDAQ,CA,2019-10-11,2025-12-31,0.367,68.556,524.896,,455.966,-456.34,-468.02,,-437.987,0.0,4.832,-391.781,1002.823,237.547,97.852,468.937,765.276,139.475,6.03,841.034,-0.1785,0.879,1.5098
RJET,Republic Airways Hldings Inc,Industrials,203020,NASDAQ,IN,2018-08-10,2025-12-31,8.4,1676.5,1334.8,,,341.7,215.4,60.6,76.2,0.0,396.9,322.0,3276.6,1948.1,1225.3,319.9,1328.5,45.713,18.37,839.748,0.0557,0.76,0.9748
POET,Poet Technologies Inc,Information Technology,453010,NASDAQ,ON,,2025-12-31,0.08,1.075,39.85,,18.084,-38.775,-42.091,0.144,-62.963,0.0,2.255,-31.087,328.572,144.783,7.066,313.398,183.789,132.022,6.33,835.699,0.0639,0.968,2.0171
RR,Richtech Robotics Inc,Industrials,201060,NASDAQ,NV,2023-11-17,2025-09-30,0.075,5.045,0.893,19.01,3.302,-14.858,-17.2,0.083,-49.074,0.0,5.144,-8.911,273.673,22.209,0.73,251.937,250.873,194.591,4.29,834.795,0.1963,1.505,2.6141
HNRG,Hallador Energy Co,Utilities,551050,NASDAQ,IN,,2025-12-31,0.633,459.392,341.471,26.442,,91.479,48.493,16.896,41.871,0.0,69.215,81.134,408.053,248.22,39.073,15.372,159.833,43.817,19.04,834.276,0.6629,0.717,1.4365
ABX,Abacus Global Management Inc,Financials,403010,NYSE,FL,2020-07-23,2025-12-31,0.326,235.238,29.768,102.38,,103.09,85.395,38.794,36.525,19.551,0.931,-25.68,902.24,478.699,411.177,38.112,418.541,97.474,8.55,833.403,0.1259,0.592,0.7784
JANX,Janux Therapeutics Inc,Health Care,352010,NASDAQ,CA,2021-06-11,2025-12-31,0.109,10.0,165.638,,125.896,-155.638,-157.667,0.0,-113.625,0.0,1.043,-82.235,1001.565,44.743,22.139,966.567,956.822,60.384,13.8,833.299,-0.7422,0.826,1.1404
AIV,Apartment Invst & Mgmt Co,Real Estate,601060,NYSE,CO,1994-07-22,2025-12-31,0.05,147.132,274.089,34.026,0.0,,-160.983,72.329,546.682,319.446,0.0,8.093,1675.733,1122.848,870.668,406.561,361.853,140.159,5.94,832.544,-0.0221,0.256,0.5255
BJRI,Bj'S Restaurants Inc,Consumer Discretionary,253010,NASDAQ,CA,1996-10-08,2025-12-31,22.23,1399.126,1182.218,90.276,0.0,126.632,49.389,4.845,48.808,0.0,69.612,110.514,1015.455,649.262,490.758,23.781,366.193,21.114,39.4,831.892,0.1214,0.448,0.9763
BW,Babcock & Wilcox Enterprises,Industrials,201040,NYSE,OH,,2025-12-31,1.65,587.676,434.148,120.124,1.457,33.404,23.727,38.139,-36.159,0.0,16.769,-68.89,662.938,794.479,368.661,180.947,-131.618,130.447,6.34,827.034,2.8658,1.548,2.7867
MBWM,Mercantile Bank Corp,Financials,401010,NASDAQ,MI,1997-08-07,2025-12-31,0.786,371.802,132.35,95.066,,144.386,138.589,,88.753,23.951,6.764,17.973,6835.219,6110.335,733.076,473.324,724.884,17.181,48.1,826.406,0.1166,0.288,0.778
ODC,Oil Dri Corp America,Consumer Staples,303010,NYSE,IL,,2025-07-31,0.928,485.572,320.257,74.863,2.4,90.452,68.22,2.434,53.996,8.743,32.562,80.183,391.677,132.617,55.184,50.458,259.06,14.643,56.4,825.865,0.1318,0.357,0.4546
EMBC,Embecta Corp,Health Care,351010,NASDAQ,NJ,2022-03-21,2025-09-30,1.85,1079.7,354.4,351.7,37.3,373.6,334.4,116.1,95.4,35.0,9.3,191.7,1090.9,1741.5,1447.4,228.6,-650.6,58.496,14.11,825.379,-0.3963,0.542,0.962
KODK,Eastman Kodak Co,Information Technology,452020,NYSE,NY,,2025-12-31,3.5,1069.0,808.0,208.0,33.0,53.0,24.0,62.0,-128.0,0.0,34.0,480.0,1617.0,904.0,250.0,445.0,614.0,97.4,8.46,824.004,0.2877,0.72,1.7087
CFFN,Capitol Federal Finl Inc,Financials,401010,NASDAQ,KS,1999-04-01,2025-09-30,0.678,420.244,219.953,73.78,,126.511,118.792,,68.025,44.208,5.202,55.041,9778.701,8731.024,1959.037,252.443,1047.677,129.56,6.35,822.706,0.2198,0.27,0.7511
KALV,Kalvista Pharmaceuticals,Health Care,352010,NASDAQ,MA,,2025-12-31,0.275,49.078,2.112,213.064,49.262,-166.098,-167.067,15.838,-161.75,0.0,,,335.375,338.086,284.207,300.214,-2.711,50.901,16.15,822.051,0.9067,0.623,0.7227
CBLL,Ceribell Inc,Health Care,351010,NASDAQ,CA,2024-10-11,2025-12-31,0.327,89.063,9.448,136.676,19.143,-57.061,-58.402,1.89,-53.412,0.0,1.522,-40.808,195.803,40.467,22.276,159.261,155.336,37.485,21.93,822.046,-0.1526,0.795,1.6338
CPF,Central Pacific Financial Cp,Financials,401010,NYSE,HI,,2025-12-31,0.763,365.979,88.991,115.153,,161.835,153.889,,77.48,29.356,5.162,97.465,7409.241,6816.66,102.096,378.653,592.581,26.375,31.16,821.845,0.1134,0.286,0.7448
NXDR,Nextdoor Holdings Inc,Communication Services,502030,NYSE,CA,2021-03-24,2025-12-31,0.463,257.646,40.987,281.037,135.205,-64.378,-66.313,0.0,-54.204,0.0,0.58,6.471,486.803,55.52,32.251,404.77,431.283,390.127,2.1,819.267,-0.1139,0.662,0.9702
FBRT,Franklin Bsp Realty Trust In,Financials,402040,NYSE,NY,,2025-12-31,0.223,476.012,159.102,,,316.91,310.31,288.327,82.271,145.298,0.0,291.94,6057.25,4436.025,4242.882,185.181,1182.788,81.554,10.03,817.987,-0.0918,0.212,0.5327
AEVA,Aeva Technologies Inc,Information Technology,452030,NASDAQ,CA,,2025-12-31,0.239,18.079,13.358,126.937,85.424,-122.216,-127.597,0.0,-145.428,0.0,4.609,-115.077,179.701,166.486,102.394,121.899,13.215,61.58,13.28,817.782,1.7958,1.167,2.353
FLGT,Fulgent Genetics Inc,Health Care,351020,NASDAQ,CA,2016-09-29,2025-12-31,1.344,322.671,175.704,197.516,53.905,-50.549,-74.672,0.075,-60.513,0.0,22.574,-101.638,1213.525,106.81,8.037,336.077,1111.989,31.081,26.27,816.498,0.4223,0.464,0.5923
SMP,Standard Motor Prods,Consumer Discretionary,251010,NYSE,NY,,2025-12-31,5.7,1791.158,1179.612,416.299,,195.247,151.399,31.339,41.335,27.272,38.724,57.44,1995.241,1296.979,736.797,72.031,683.699,22.146,36.85,816.08,0.2341,0.336,0.7432
PSNL,Personalis Inc,Health Care,352030,NASDAQ,CA,2019-06-20,2025-12-31,0.26,69.648,43.825,103.834,50.264,-78.011,-88.057,0.205,-81.27,0.0,4.504,-74.946,334.164,72.979,44.014,239.953,261.185,102.476,7.96,815.709,0.3772,0.925,2.0015
PHR,Phreesia Inc,Health Care,351030,NYSE,DE,2019-07-18,2026-01-31,1.789,480.591,154.123,292.404,121.481,34.064,2.611,6.953,2.306,0.0,11.101,78.814,663.79,326.583,102.449,73.83,337.207,60.665,13.43,814.731,-0.3275,0.487,1.0475
AVO,Mission Produce Inc,Consumer Staples,302020,NASDAQ,CA,2020-10-01,2025-10-31,3.8,1391.2,1195.9,92.1,,103.2,69.5,9.4,37.7,0.0,51.4,88.6,983.0,363.1,200.9,66.5,587.3,70.57,11.52,812.966,-0.1928,0.342,0.3505
HBT,Hbt Financial Inc,Financials,401010,NASDAQ,IL,2019-10-11,2025-12-31,0.826,293.974,60.05,92.873,,141.051,135.125,,77.008,26.609,10.247,85.07,5071.39,4455.892,65.21,122.269,615.498,31.432,25.85,812.517,0.2222,0.286,0.6661
TDUP,Thredup Inc,Consumer Discretionary,255040,NASDAQ,CA,2021-03-26,2025-12-31,2.132,310.813,51.136,267.429,32.1,-7.752,-20.676,1.919,-20.214,0.0,10.472,10.652,167.245,108.052,52.132,48.352,59.193,127.027,6.39,811.703,3.5971,0.944,0.8724
RYZ,Ryerson Holding Corp,Materials,151040,NYSE,IL,,2025-12-31,4.3,4571.3,3719.0,775.2,,77.1,-2.6,38.9,-56.4,24.1,51.5,87.0,2404.7,1641.1,832.3,27.8,753.1,32.209,25.16,810.378,0.4039,0.468,0.9898
VEL,Velocity Financial Inc,Financials,402010,NYSE,CA,2020-01-17,2025-12-31,0.371,714.448,202.644,,,511.804,511.288,365.048,105.054,0.0,0.281,18.161,7381.513,6705.825,6540.615,249.237,672.535,38.965,20.76,808.913,0.0614,0.246,0.3391
HAFC,Hanmi Financial Corp,Financials,401010,NASDAQ,CA,,2025-12-31,0.61,444.903,189.177,105.315,,150.411,144.754,,76.089,32.623,2.307,206.008,7869.185,7072.799,316.495,212.841,796.386,29.895,27.03,808.062,0.1966,0.315,0.7438
ORIC,Oric Pharmaceuticals,Health Care,352010,NASDAQ,CA,2020-04-24,2025-12-31,0.104,0.0,0.0,141.784,109.818,-141.784,-143.004,0.0,-129.468,0.0,0.712,-110.97,408.89,24.528,7.441,281.488,384.362,98.529,8.18,805.967,0.0136,0.851,1.3469
RDVT,Red Violet Inc,Information Technology,451030,NASDAQ,FL,,2025-12-31,0.25,90.252,14.675,51.409,,24.168,13.496,0.0,13.154,0.0,0.563,29.349,112.012,11.086,2.792,43.557,100.926,14.151,56.95,805.899,0.5862,0.419,0.9295
CTLP,Cantaloupe Inc,Financials,402010,NASDAQ,PA,,2025-06-30,0.358,302.548,176.801,84.074,2.9,41.673,23.873,2.769,64.533,0.0,17.003,20.34,381.858,128.107,48.597,51.146,251.031,73.289,10.99,805.446,0.1167,0.372,0.8034
HFWA,Heritage Financial Corp,Financials,401010,NASDAQ,WA,,2025-12-31,0.755,335.968,91.799,122.904,,121.265,121.265,,67.532,33.01,9.156,94.819,6967.35,6045.846,64.733,233.089,921.504,33.964,23.65,803.249,0.0056,0.289,0.7526
BALY,Ballys Corp,Consumer Discretionary,253010,NYSE,RI,2019-03-29,2025-12-31,11.7,2656.687,1199.856,1112.6,0.0,344.231,28.77,406.401,-701.098,0.0,184.293,-91.2,11230.376,8685.546,6434.494,906.686,994.658,48.525,16.52,801.633,-0.1056,0.975,1.132
SG,Sweetgreen Inc,Consumer Discretionary,253010,NYSE,CA,2021-11-18,2025-12-31,6.486,679.474,575.851,165.568,1.0,-61.945,-133.574,0.019,-134.065,0.0,106.492,-12.696,788.104,431.979,354.494,89.177,356.125,118.449,6.76,800.715,-0.7891,0.723,1.4017
CMP,Compass Minerals Intl Inc,Materials,151040,NYSE,KS,2003-12-12,2025-09-30,1.849,1243.9,950.0,105.3,,188.6,85.4,68.5,-79.8,0.0,69.7,197.7,1519.4,1285.3,901.6,59.7,234.1,41.701,19.2,800.659,0.7458,0.528,0.5814
AMC,Amc Entertainment Holdings,Communication Services,502020,NYSE,KS,2013-12-18,2025-12-31,33.311,4848.9,4275.5,230.3,,343.1,29.7,530.2,-632.4,0.0,246.1,-119.8,8017.8,9912.6,8136.0,477.3,-1894.8,512.944,1.56,800.193,-0.608,0.549,0.9501
TH,Target Hospitality Corp,Consumer Discretionary,253010,NASDAQ,TX,,2025-12-31,0.902,320.635,220.662,54.727,,45.246,-28.272,8.418,-37.121,0.0,67.79,74.092,530.205,141.145,10.696,8.348,389.257,99.797,8.01,799.374,-0.1712,0.655,0.738
LIND,Lindblad Expeditions Hldgs,Consumer Discretionary,253010,NASDAQ,NY,,2025-12-31,1.55,771.019,418.018,241.949,,111.052,48.23,45.231,-29.721,0.0,47.745,111.583,979.958,1133.457,670.702,289.735,-284.526,55.323,14.42,797.758,0.2159,0.491,1.3662
GNK,Genco Shipping & Trading,Industrials,203030,NYSE,NY,2005-07-22,2025-12-31,0.036,342.054,243.279,37.883,,60.892,8.121,12.26,-4.366,32.939,92.435,31.89,1138.108,240.288,194.619,55.54,896.484,43.243,18.43,796.968,0.3914,0.347,0.8827
NBR,Nabors Industries Ltd,Energy,101010,NYSE,,,2025-12-31,13.9,3184.693,1914.376,358.13,53.063,912.187,262.953,215.366,286.624,0.0,715.948,693.266,4789.657,3352.014,2534.892,940.738,590.727,14.542,54.3,789.631,-0.0502,0.757,2.1328
AQST,Aquestive Therapetc Inc,Health Care,352020,NASDAQ,NJ,2018-07-25,2025-12-31,0.147,44.545,18.087,83.735,17.192,-57.277,-57.851,17.1,-83.784,0.0,0.562,-52.432,160.425,194.087,130.445,121.169,-33.662,122.044,6.46,788.404,0.8146,0.748,1.3296
GHRS,Gh Research Plc,Health Care,352020,NASDAQ,,2021-06-25,2025-12-31,0.073,0.0,0.0,60.383,38.765,-60.383,-60.718,0.463,-48.258,0.0,0.121,-43.552,288.23,8.527,0.512,280.708,279.703,62.029,12.7,787.768,0.8143,1.028,0.7163
RIGL,Rigel Pharmaceuticals Inc,Health Care,352010,NASDAQ,CA,2000-11-29,2025-12-31,0.174,294.282,17.206,149.195,33.295,127.881,125.466,7.32,367.024,0.0,0.0,75.655,513.594,122.114,53.303,154.955,391.48,18.311,42.83,784.26,1.5464,0.731,0.9414
FWRD,Forward Air Corp,Industrials,203010,NASDAQ,TX,1993-11-16,2025-12-31,6.356,2495.118,2063.273,191.545,,240.3,87.662,180.747,-107.796,0.0,29.116,44.384,2718.944,2557.28,2159.667,105.996,113.344,31.327,25.0,783.175,-0.2248,0.782,2.4486
VTS,Vitesse Energy Inc,Energy,101020,NYSE,CO,,2025-12-31,0.037,273.989,103.135,24.314,,146.54,17.129,10.205,25.277,91.832,127.662,170.349,893.35,264.033,124.5,1.328,629.317,40.615,19.26,782.245,-0.1505,0.348,0.909
NRGV,Energy Vault Holdings Inc,Industrials,201040,NYSE,CA,2021-02-04,2025-12-31,0.148,203.671,155.681,117.76,14.635,-69.77,-73.205,8.464,-103.611,0.0,41.093,-5.649,312.876,224.26,97.16,63.302,67.491,168.969,4.61,778.947,1.0219,1.159,2.342
IIIV,I3 Verticals Inc,Information Technology,451030,NASDAQ,TN,2018-06-21,2025-09-30,1.202,213.158,66.587,106.868,,39.703,11.803,2.004,17.873,0.0,1.941,5.694,638.411,120.688,4.791,66.672,389.582,23.983,32.46,778.488,0.0933,0.379,0.776
BLND,Blend Labs Inc,Information Technology,451030,NYSE,CA,2021-07-16,2025-12-31,0.419,123.585,29.13,108.865,32.843,-14.41,-17.698,0.0,-8.055,0.0,11.593,11.512,170.045,41.023,1.477,68.317,-30.473,256.043,3.04,778.371,-0.2779,0.602,0.5689
TK,Teekay Corporation Ltd,Energy,101020,NYSE,,1995-07-19,2025-12-31,2.13,949.52,601.486,54.767,,293.267,206.637,2.896,98.111,86.574,292.27,301.767,2360.07,197.467,46.377,973.427,724.529,86.057,9.03,777.095,0.4756,0.358,0.4429
OPTU,Optimum Communications Inc,Communication Services,502010,NYSE,NY,2017-06-22,2025-12-31,9.5,8590.467,2637.181,2681.74,,3271.546,1574.572,1790.849,-1869.024,0.0,1347.294,1228.457,30703.838,32996.066,26496.225,1119.585,-2314.156,470.434,1.65,776.216,-0.3154,0.636,1.4056
SERV,Serve Robotics Inc,Consumer Discretionary,253010,NASDAQ,CA,,2025-12-31,0.38,2.651,9.82,94.956,45.267,-102.125,-110.338,0.003,-101.361,0.0,37.334,-80.24,367.751,17.007,5.254,233.409,350.744,74.735,10.38,775.749,-0.2311,1.237,2.7688
BFS,Saul Centers Inc,Real Estate,601070,NYSE,MD,1993-08-19,2025-12-31,0.168,290.002,143.264,26.932,0.0,,119.806,79.962,37.511,57.484,0.0,99.796,2162.678,1685.421,1602.802,8.741,122.82,24.551,31.53,774.093,-0.1279,0.207,0.4221
HIPO,Hippo Holdings Inc,Financials,403010,NYSE,CA,,2025-12-31,0.54,468.6,361.2,113.0,32.5,-5.6,-25.9,1.2,57.7,0.0,0.1,9.2,1905.5,1469.4,52.4,440.7,436.1,25.7,30.08,773.056,0.1236,0.514,1.0963
BFST,Business First Bancshs Inc,Financials,401010,NASDAQ,LA,2018-04-09,2025-12-31,0.842,513.403,203.166,142.848,,167.389,161.709,,87.861,16.844,0.066,92.083,8214.74,7317.857,578.086,609.155,824.953,29.511,26.14,771.418,0.0403,0.3,0.8483
AVXL,Anavex Life Sciences Corp,Health Care,352010,NASDAQ,NY,,2025-09-30,0.034,0.0,0.0,51.408,37.592,-51.408,-51.408,0.0,-46.377,0.0,0.0,-39.044,103.815,8.946,0.0,102.577,94.869,86.669,8.9,771.354,-0.6685,0.836,1.123
CCNE,Cnb Financial Corp/Pa,Financials,401010,NASDAQ,PA,,2025-12-31,0.95,432.51,159.164,107.945,,165.401,154.495,,66.131,18.19,6.332,64.983,8396.435,7524.308,331.292,527.896,814.342,29.473,26.17,771.308,0.0839,0.27,0.7477
MCB,Metropolitan Bank Hldng,Financials,401010,NYSE,NY,2017-11-08,2025-12-31,0.328,527.149,249.635,94.351,,183.163,183.163,,71.098,3.12,6.257,88.68,8255.716,7512.604,80.932,393.587,743.112,10.089,76.36,770.396,0.3132,0.338,0.8944
AOSL,Alpha And Omega Semiconducto,Information Technology,453010,NASDAQ,CA,2010-04-29,2025-06-30,2.428,696.162,472.762,183.418,94.265,39.982,-22.414,2.639,-96.976,0.0,37.18,29.668,1034.303,211.971,50.908,153.498,822.332,30.009,25.66,770.031,-0.465,0.776,2.8078
REAX,Real Remax Group Inc,Real Estate,602010,NASDAQ,FL,,2025-12-31,0.435,1968.416,1802.728,171.979,17.443,-6.291,-8.22,0.554,-8.105,0.0,1.1,65.926,126.861,75.276,0.0,76.282,51.675,210.478,3.65,768.245,-0.2065,0.477,0.9151
ADSE,Ads Tec Energy Plc,Industrials,201040,NASDAQ,,2021-01-22,2025-12-31,0.302,37.054,45.577,47.249,9.966,-55.772,-67.656,50.041,-64.8,0.0,3.385,-43.425,105.964,118.67,9.625,8.204,-12.706,60.436,12.68,766.328,-0.1825,0.592,0.7839
GDYN,Grid Dynamics Holdgs Inc,Information Technology,451020,NASDAQ,CA,,2025-12-31,4.961,411.827,249.774,140.0,23.665,22.053,2.348,0.0,9.668,0.0,15.334,40.6,612.89,70.817,17.036,342.058,542.073,84.843,9.03,766.132,-0.594,0.545,1.3808
SNCY,Sun Conty Air Hld Inc,Industrials,203020,NASDAQ,MN,2021-03-17,2025-12-31,3.281,1126.769,775.888,149.544,,201.337,102.459,36.47,52.809,0.0,73.128,157.106,1680.464,1055.308,591.826,255.67,625.156,53.223,14.39,765.879,-0.013,0.603,1.8833
MCBS,Metrocity Bankshares Inc,Financials,401010,NASDAQ,GA,,2025-12-31,0.317,246.012,90.061,42.462,,113.489,113.489,,68.532,24.552,0.674,37.702,4768.4,4224.216,525.306,383.676,544.184,28.818,26.54,764.83,-0.1404,0.271,0.7003
FSBC,Five Star Bancorp,Financials,401010,NASDAQ,CA,2021-05-05,2025-12-31,0.238,255.468,106.728,40.667,,108.073,105.826,,61.606,17.085,1.197,72.612,4754.861,4309.029,85.913,506.951,445.832,21.367,35.78,764.511,0.2206,0.275,0.6962
BBW,Build-A-Bear Workshop Inc,Consumer Discretionary,255040,NYSE,MO,2004-10-28,2026-01-31,5.5,529.832,219.251,229.203,0.0,81.378,66.426,,52.203,11.533,25.545,65.052,345.453,190.425,127.298,26.755,155.028,12.809,59.68,764.441,0.3538,0.608,1.4198
BLDP,Ballard Power Systems Inc,Industrials,201040,NASDAQ,BC,1995-11-08,2025-12-31,0.492,99.37,92.953,82.875,58.741,-76.458,-80.537,1.884,-90.914,0.0,9.844,-56.167,682.388,92.458,22.14,531.254,589.93,300.785,2.54,763.994,0.5301,0.733,1.2401
LINC,Lincoln Educational Services,Consumer Discretionary,253020,NASDAQ,NJ,2005-06-23,2025-12-31,2.59,518.241,185.161,280.483,,52.597,31.766,3.394,19.998,0.0,86.633,59.311,493.164,293.476,203.864,28.519,199.688,31.624,24.15,763.72,0.5266,0.477,0.84
NXRT,Nexpoint Residential Tr Inc,Real Estate,601060,NYSE,TX,,2025-12-31,0.001,251.538,188.963,34.122,0.0,28.453,28.453,60.735,-32.027,53.755,0.0,83.589,1886.419,1585.995,1557.512,45.18,295.496,25.364,30.1,763.456,-0.2328,0.288,0.6727
JBIO,Jade Biosciences Inc,Health Care,352010,NASDAQ,MA,2021-06-30,2025-12-31,0.055,0.0,0.0,113.516,93.121,-113.516,-113.542,0.0,-127.41,0.0,0.196,-94.689,349.781,17.263,0.851,336.158,332.516,49.316,15.43,760.946,0.5445,0.742,0.4592
DCH,Dauch Corp,Consumer Discretionary,251010,NYSE,MI,1999-01-29,2025-12-31,18.0,5836.7,4816.9,389.0,147.0,630.8,233.7,211.8,-19.7,0.0,256.5,411.6,6670.2,6030.2,4252.1,2205.5,640.0,118.7,6.41,760.867,0.0995,0.534,1.3426
NPK,National Presto Inds Inc,Industrials,201010,NYSE,WI,,2025-12-31,1.2,503.524,419.578,36.121,,47.825,42.689,0.0,33.084,7.142,27.034,-9.137,500.729,105.594,33.065,3.755,395.135,7.124,106.76,760.558,0.0962,0.307,0.5913
SCHL,Scholastic Corp,Communication Services,502010,NASDAQ,NY,1992-02-25,2026-05-31,6.905,1581.9,689.8,791.7,,100.4,41.6,14.1,56.7,18.8,48.4,50.9,1728.1,977.3,419.5,134.9,750.8,18.748,40.5,759.294,0.44,0.506,0.542
NBN,Northeast Bank,Financials,401010,NASDAQ,ME,,2025-06-30,0.234,350.997,146.911,52.536,,151.55,148.403,,83.443,0.335,0.707,54.127,4279.068,3784.782,339.235,413.619,494.286,8.525,88.99,758.64,0.1335,0.358,0.8807
OPY,Oppenheimer Holdings Inc,Financials,402030,NYSE,NY,,2025-12-31,2.947,1638.071,1328.673,,,309.398,297.752,86.561,148.403,18.062,5.193,188.752,3722.415,2725.386,1404.632,146.012,983.823,10.488,72.29,758.178,0.1557,0.308,0.9782
TDAY,Usa Today Co Inc,Communication Services,502010,NYSE,NY,,2025-12-31,9.5,2302.226,1410.788,639.748,,251.69,85.931,97.225,1.749,0.0,51.486,114.389,1837.158,1682.546,1134.094,90.25,155.111,147.125,5.15,757.694,0.0178,0.592,1.1484
WOOF,Petco Health And Wellness Co,Consumer Discretionary,255040,NASDAQ,CA,2021-01-14,2026-01-31,29.0,5961.467,3459.685,2184.639,0.0,317.143,120.433,131.199,9.066,0.0,127.097,314.05,5173.425,4009.171,2865.477,269.412,1164.254,281.51,2.69,757.262,-0.2625,0.816,0.9728
PLOW,Douglas Dynamics Inc,Industrials,201060,NYSE,WI,2010-05-05,2025-12-31,1.764,656.053,465.994,93.37,7.697,96.689,75.149,12.114,46.897,27.936,11.133,74.69,626.701,345.255,219.05,8.297,281.446,23.07,32.65,753.236,0.4384,0.266,0.6559
ARVN,Arvinas Inc,Health Care,352020,NASDAQ,CT,2018-09-27,2025-12-31,0.246,262.6,374.5,,285.2,-111.9,-114.9,,-80.8,0.0,1.9,-273.8,717.9,284.0,9.1,685.4,433.9,63.5,11.86,753.11,-0.3813,0.845,0.9939
FULC,Fulcrum Therapeutics Inc,Health Care,352020,NASDAQ,MA,2019-07-18,2025-12-31,0.055,0.0,83.379,,56.103,-83.379,-84.769,0.0,-74.88,0.0,0.314,-60.065,366.284,17.284,6.443,352.306,349.0,66.579,11.31,753.008,1.4064,0.909,1.2195
LAES,Sealsq Corp,Information Technology,453010,NASDAQ,,,2025-12-31,0.185,18.252,7.396,51.036,12.477,-40.18,-42.406,0.548,-34.194,0.0,0.743,-31.257,504.179,42.671,7.998,427.689,461.508,199.025,3.78,752.314,-0.3854,1.403,2.2475
ANNX,Annexon Inc,Health Care,352010,NASDAQ,CA,2020-07-24,2025-12-31,0.096,0.0,0.0,214.241,184.698,-214.241,-216.407,0.0,-206.69,0.0,0.137,-186.356,277.571,65.923,26.201,238.345,211.648,149.363,5.02,749.802,-0.0214,0.855,1.0445
MATW,Matthews Intl Corp  -Cl A,Consumer Discretionary,253020,NASDAQ,PA,1994-07-20,2025-09-30,5.5,1497.689,938.67,442.795,16.733,116.224,44.478,62.895,-24.471,33.314,35.818,-23.55,1694.442,1213.5,764.117,32.433,480.942,30.796,24.28,747.727,-0.0149,0.433,0.9241
SSYS,Stratasys Ltd,Industrials,201060,NASDAQ,MN,1994-10-20,2025-12-31,1.757,551.102,274.991,288.436,77.304,-12.325,-55.499,,-104.285,0.0,22.113,15.144,1073.764,230.864,26.5,245.356,842.9,86.11,8.68,747.435,-0.0236,0.555,0.9189
TRST,Trustco Bank Corp/Ny,Financials,401010,NASDAQ,NY,,2025-12-31,0.819,278.361,92.043,74.892,,111.426,106.611,,61.137,27.644,11.865,57.603,6440.7,5754.111,156.445,730.427,686.589,18.029,41.33,745.139,0.293,0.26,0.6895
IIIN,Insteel Industries,Industrials,201020,NYSE,NC,,2025-09-30,1.007,647.706,535.878,39.002,,72.826,54.436,0.052,41.02,21.761,8.213,27.163,462.65,91.118,3.903,38.63,371.532,19.42,38.34,744.563,0.2154,0.398,0.8397
HTB,Hometrust Bancshares Inc,Financials,401010,NYSE,NC,2012-07-11,2025-12-31,0.574,291.021,86.338,82.977,,121.706,108.847,,64.364,8.381,6.716,49.49,4545.635,3944.945,184.267,343.533,600.69,17.286,42.94,742.261,0.2912,0.254,0.7027
SWIM,Latham Group Inc,Consumer Discretionary,252020,NASDAQ,NY,2021-04-23,2025-12-31,1.804,545.912,341.414,122.565,,81.933,30.579,25.805,11.124,0.0,25.385,63.43,823.223,417.362,314.375,71.043,405.861,116.767,6.35,741.47,-0.0876,0.669,1.8387
CLB,Core Laboratories Inc,Energy,101010,NYSE,TX,1995-09-20,2025-12-31,3.3,526.52,415.787,45.43,,65.303,50.654,10.572,29.669,1.869,14.589,37.031,584.01,311.802,164.02,22.702,265.986,46.095,16.03,738.903,-0.0712,0.629,1.5749
DGICA,Donegal Group Inc,Financials,403010,NASDAQ,PA,,2025-12-31,,978.015,878.921,,,99.094,98.944,1.351,79.341,26.29,0.0,70.199,2386.629,1746.211,35.0,94.141,640.418,36.96,19.98,738.461,0.3465,0.248,0.2722
HTBK,Heritage Commerce Corp,Financials,401010,NASDAQ,CA,1998-07-30,2025-12-31,0.342,269.088,73.44,76.481,,119.167,116.049,,47.83,31.917,0.377,61.675,5764.697,5056.131,68.276,647.028,708.566,61.369,12.01,737.042,0.3497,0.279,0.7914
RSKD,Riskified Ltd,Information Technology,451030,NYSE,NY,2021-07-29,2025-12-31,0.67,344.638,165.115,205.026,69.413,-25.503,-29.05,0.0,-27.565,0.0,0.81,33.879,410.571,115.812,25.022,297.58,294.759,148.152,4.97,736.315,0.0507,0.408,1.0212
JBSS,Sanfilippo John B&Son,Consumer Staples,302020,NASDAQ,IL,1991-12-03,2025-06-30,1.9,1107.246,878.239,117.366,3.493,111.641,84.711,3.552,58.934,24.404,50.712,30.545,597.603,236.906,102.122,0.585,360.697,11.64,63.24,736.114,-0.1587,0.329,0.1655
CNNE,Cannae Holdings Inc,Financials,402010,NYSE,NV,,2025-12-31,6.602,423.6,531.3,,,-107.7,-119.6,11.9,-513.2,30.6,10.4,-18.1,1320.7,329.8,209.0,182.0,1023.8,46.704,15.73,734.654,-0.1836,0.327,0.8815
CAC,Camden National Corp,Financials,401010,NASDAQ,ME,1997-10-07,2025-12-31,0.683,372.502,139.688,108.757,,124.057,112.956,,65.16,29.463,5.708,63.912,6974.584,6278.026,665.263,97.492,696.558,16.924,43.38,734.163,0.0585,0.289,0.7612
RGNX,Regenxbio Inc,Health Care,352010,NASDAQ,MD,2015-09-17,2025-12-31,0.371,170.441,315.845,,228.299,-145.404,-161.019,45.008,-193.878,0.0,2.414,-123.963,453.032,350.299,260.518,230.07,102.733,50.892,14.4,732.845,0.8629,0.826,1.8188
TMQ,Trilogy Metals Inc,Materials,151040,NYSE American,BC,,2025-11-30,0.005,0.0,0.0,9.439,,-9.439,-9.439,0.0,-42.241,0.0,0.0,-3.248,157.304,33.183,0.111,51.613,124.121,171.07,4.28,732.18,2.7155,2.38,0.7516
TREE,Lendingtree Inc,Financials,402020,NASDAQ,NC,,2025-12-31,0.926,1117.324,42.525,965.692,45.251,109.107,87.458,39.192,151.308,0.0,12.423,73.103,855.692,568.895,439.611,81.073,286.797,13.769,53.09,730.996,0.3701,0.691,1.1656
BZH,Beazer Homes Usa Inc,Consumer Discretionary,252010,NYSE,GA,1994-02-23,2025-09-30,1.018,2371.555,2034.041,281.741,,55.773,36.605,86.529,45.588,0.0,28.501,31.981,2609.708,1360.802,1056.876,218.571,1248.906,29.762,24.55,730.657,-0.2618,0.491,1.014
NAT,Nordic American Tankers Ltd,Energy,101020,NYSE,,1997-09-30,2025-12-31,0.018,291.69,176.818,28.143,,86.729,28.994,35.752,12.271,76.23,134.45,19.824,902.164,456.643,424.144,45.863,445.521,211.751,3.44,728.423,0.5464,0.343,0.3162
MAX,Mediaalpha Inc,Communication Services,502030,NYSE,CA,2020-10-28,2025-12-31,0.147,1113.6,946.036,86.398,21.396,81.166,77.914,11.243,25.623,0.0,0.34,65.598,383.831,413.025,154.789,46.876,4.077,56.207,12.95,727.881,0.147,0.542,0.9906
CCBG,Capital City Bk Group Inc,Financials,401010,NASDAQ,FL,,2025-12-31,0.927,286.742,38.003,135.131,,113.608,106.092,,61.557,17.063,7.589,87.614,4385.765,3832.914,120.286,529.971,552.851,17.084,42.57,727.266,0.1915,0.269,0.5639
CTMX,Cytomx Therapeutics Inc,Health Care,352010,NASDAQ,CA,2015-10-08,2025-12-31,0.069,76.201,94.331,,68.728,-18.13,-19.506,0.0,-17.368,0.0,0.22,-75.587,151.566,52.558,4.24,137.052,99.008,170.186,4.26,724.992,3.1359,1.606,2.2292
LXEO,Lexeo Therapeutics Inc,Health Care,352010,NASDAQ,NY,2023-11-03,2025-12-31,0.059,0.0,0.0,108.669,63.797,-108.669,-109.257,0.095,-99.961,0.0,0.397,-98.561,268.688,22.019,7.886,181.767,246.669,73.001,9.93,724.9,0.5091,1.231,2.2018
GOSS,Gossamer Bio Inc,Health Care,352010,NASDAQ,CA,2019-02-08,2025-12-31,0.162,48.471,211.7,,181.568,-163.229,-163.253,10.989,-170.37,0.0,0.079,-171.266,172.249,295.009,202.906,136.932,-122.76,233.677,3.1,724.399,2.4269,0.906,1.5496
FBYD,Falcon'S Beyond Global Inc,Industrials,202020,NASDAQ,FL,2021-03-16,2025-12-31,0.243,14.896,3.952,26.295,0.199,-15.351,-15.7,3.384,2.839,0.0,0.153,-24.603,66.702,42.881,17.98,1.868,11.919,48.155,15.01,722.807,0.8777,1.181,0.6729
MTA,Metalla Rylty Strmng Ltd,Materials,151040,NYSE American,BC,,2025-12-31,0.009,11.739,0.0,9.563,,2.176,-0.064,1.85,-4.241,0.0,2.437,4.408,270.866,19.113,12.176,9.794,251.753,92.899,7.78,722.754,2.0996,0.521,0.7274
TLRY,Tilray Brands Inc,Health Care,352020,NASDAQ,ON,,2026-05-31,3.595,915.454,604.847,300.019,0.361,10.588,-57.013,29.912,-121.397,0.0,32.987,-69.144,2328.012,733.145,398.401,234.631,1614.332,131.094,5.51,722.328,-0.3211,1.374,1.5417
ATEX,Anterix Inc,Communication Services,501010,NASDAQ,NJ,2015-02-03,2026-03-31,0.064,6.501,0.0,47.666,4.703,-41.165,-41.629,0.0,90.635,0.0,0.031,5.511,465.21,202.889,4.419,104.663,262.321,18.914,38.19,722.326,-0.2882,0.506,0.6775
AMSF,Amerisafe Inc,Financials,403010,NASDAQ,LA,2005-11-18,2025-12-31,,317.252,257.659,,,59.593,58.851,,47.145,48.4,2.148,11.07,1130.544,878.946,0.491,145.722,251.598,18.795,38.41,721.916,-0.2071,0.22,0.2337
INDI,Indie Semiconductor Inc,Information Technology,453010,NASDAQ,CA,,2025-12-31,0.8,217.394,89.909,231.286,154.092,-103.801,-144.214,17.642,-143.066,0.0,14.294,-57.13,840.786,456.773,369.674,155.741,358.029,204.099,3.53,720.469,-0.1284,0.87,2.5896
BRSP,Brightspire Capital Inc,Financials,402040,NYSE,NY,2018-02-01,2025-12-31,0.047,330.587,166.568,71.054,,,92.965,150.982,-31.148,83.0,0.0,73.025,3564.83,2636.425,2489.943,173.835,938.432,128.627,5.6,720.311,0.1159,0.272,0.7178
THFF,First Financial Corp,Financials,401010,NASDAQ,IN,,2025-12-31,0.946,347.56,93.92,108.587,,145.053,132.833,,79.208,24.781,3.983,90.405,5756.126,5105.257,488.223,130.844,650.869,11.881,60.42,717.85,0.3615,0.287,0.7491
GRPN,Groupon Inc,Consumer Discretionary,255030,NASDAQ,IL,2011-11-04,2025-12-31,1.734,498.422,36.353,430.511,,31.558,12.956,14.254,-83.52,0.0,14.624,64.498,670.406,712.796,349.599,325.612,-42.562,40.732,17.61,717.291,0.4494,0.837,1.0674
CARS,Cars.Com Inc,Communication Services,502030,NYSE,IL,,2025-12-31,1.7,723.239,240.658,306.379,,176.202,84.36,30.382,20.052,0.0,25.905,151.639,1062.418,589.888,468.473,56.236,472.53,58.636,12.2,715.359,-0.296,0.5,1.1146
FOXF,Fox Factory Holding Cp,Consumer Discretionary,251010,NASDAQ,GA,,2025-12-31,3.7,1467.321,999.506,315.894,69.441,151.921,61.768,53.667,-544.579,0.0,33.967,60.918,1671.749,1001.744,779.55,58.008,670.184,41.802,17.11,715.232,-0.4348,0.593,1.5585
MPB,Mid Penn Bancorp Inc,Financials,401010,NASDAQ,PA,,2025-12-31,0.723,350.192,125.972,92.959,,131.261,123.36,,56.248,18.16,8.234,80.035,6133.896,5319.838,59.377,98.918,814.058,23.047,31.02,714.918,0.1065,0.279,0.6976
MTUS,Metallus Inc,Materials,151040,NYSE,OH,,2025-12-31,1.865,1158.3,1006.6,94.0,,57.7,1.1,1.8,-1.2,0.0,109.0,16.0,1140.2,454.2,14.9,157.5,686.0,41.653,17.16,714.765,0.2144,0.441,1.1954
HOV,Hovnanian Entrprs Inc  -Cl A,Consumer Discretionary,252010,NYSE,NJ,,2025-10-31,1.891,2978.581,2415.701,349.838,,213.042,199.179,116.986,63.865,0.0,22.097,188.279,2633.913,1802.978,1296.325,318.647,695.636,5.94,120.23,714.166,-0.2711,0.682,1.3004
FVRR,Fiverr International Ltd,Industrials,202020,NYSE,,2019-06-13,2025-12-31,0.528,430.909,68.255,322.457,90.664,40.197,25.505,2.422,20.983,0.0,0.647,104.589,684.601,272.617,4.163,286.329,411.984,36.093,19.76,713.198,-0.3772,0.446,0.9728
ERII,Energy Recovery Inc,Industrials,201060,NASDAQ,CA,2008-06-02,2025-12-31,0.23,134.987,43.296,63.376,13.034,28.315,24.555,0.0,22.962,0.0,1.33,18.77,231.514,25.322,9.429,75.249,206.192,52.807,13.49,712.366,-0.0823,0.412,0.8815
GDEN,Golden Entertainment Inc,Consumer Discretionary,253010,NASDAQ,NV,1999-01-04,2025-12-31,4.9,634.911,293.676,219.182,0.0,122.053,31.771,30.665,-6.043,19.714,47.481,83.062,1018.084,597.187,517.954,55.328,420.897,26.185,27.19,711.97,-0.1065,0.48,0.7162
GDOT,Green Dot Corp,Financials,402020,NYSE,UT,2010-07-22,2025-12-31,0.9,1990.713,1413.219,521.685,,55.809,-29.711,6.152,-98.866,0.0,72.54,138.557,5985.236,5094.991,65.465,1421.734,890.245,55.565,12.81,711.788,0.2039,0.661,1.3201
SDEV,Stablecoin Development Corp,Health Care,352020,NYSE American,CA,2007-10-26,2025-12-31,0.004,0.0,0.0,7.585,0.0,-7.585,-7.585,0.277,-22.141,4.817,0.0,2.703,9.035,31.861,0.776,7.958,-23.182,126.08,5.64,711.091,14.2496,1.827,0.6334
ETD,Ethan Allen Interiors Inc,Consumer Discretionary,252010,NYSE,CT,1993-03-16,2025-06-30,3.211,614.649,227.351,309.444,,77.854,62.331,0.243,51.596,50.084,11.268,61.696,737.099,254.83,124.356,136.133,482.355,25.432,27.85,708.281,-0.1329,0.348,0.8642
CTEV,Claritev Corp,Health Care,351030,NYSE,VA,,2025-12-31,3.0,965.413,253.411,220.921,,491.081,45.655,392.022,-284.282,0.0,129.601,117.324,4888.458,5055.633,4616.071,28.341,-173.9,16.553,42.75,707.641,1.8924,1.023,0.9869
ACDC,Profrac Holding Corp,Energy,101010,NASDAQ,TX,2022-05-13,2025-12-31,2.28,1941.8,1454.6,190.5,,296.7,-119.6,138.8,-369.0,0.0,169.9,189.5,2573.1,1692.4,1185.6,22.9,717.5,180.871,3.89,703.588,-0.4987,1.003,2.0864
UAMY,U S Antimony Corp,Materials,151040,NYSE,TX,,2025-12-31,0.101,39.258,28.139,18.752,,-7.633,-8.878,,-4.34,0.0,27.808,-9.691,153.926,12.971,0.244,35.072,140.946,140.042,5.02,703.011,1.8362,1.198,1.3644
MYE,Myers Industries Inc,Materials,151030,NYSE,OH,,2025-12-31,2.2,825.742,525.511,176.222,,124.009,84.732,29.421,34.928,20.364,19.553,86.761,851.321,557.095,378.667,45.05,294.226,37.382,18.72,699.791,0.7572,0.479,1.0606
HTLD,Heartland Express Inc,Industrials,203040,NASDAQ,IA,,2025-12-31,3.63,805.709,708.378,,,97.331,-61.867,11.49,-52.453,6.223,156.168,89.314,1191.617,436.298,161.42,18.724,755.319,77.445,9.03,699.328,-0.188,0.373,0.7826
IVVD,Invivyd Inc,Health Care,352010,NASDAQ,CT,2021-08-06,2025-12-31,0.122,53.426,2.992,105.239,38.308,-54.805,-55.56,0.0,-52.489,0.0,0.155,-58.135,276.883,35.343,2.494,226.689,241.54,281.987,2.47,696.508,4.5744,2.634,0.9396
ADTN,Adtran Holdings Inc,Information Technology,452010,NASDAQ,AL,1994-08-09,2025-12-31,3.338,1083.807,576.306,430.267,204.276,77.234,-15.312,19.344,-45.656,0.0,31.737,129.767,1204.493,685.335,252.13,130.87,145.83,79.926,8.69,694.557,0.0432,0.604,1.7086
SWBI,Smith & Wesson Brands Inc,Consumer Discretionary,252020,NASDAQ,TN,1998-11-04,2026-04-30,1.386,523.845,365.128,98.577,10.304,60.14,29.073,7.186,18.481,23.229,23.748,114.195,512.766,136.207,53.142,33.352,376.559,44.606,15.54,693.177,0.0317,0.436,0.5982
TIPT,Tiptree Inc,Financials,403010,NASDAQ,CT,2007-06-22,2025-12-31,0.027,0.488,45.764,,,-45.276,-46.724,,34.927,9.071,0.0,168.218,6840.065,6087.666,80.74,52.485,508.551,37.824,18.27,691.044,-0.1142,0.408,0.6328
ORRF,Orrstown Financial Svcs Inc,Financials,401010,NASDAQ,PA,,2025-12-31,0.652,356.047,103.968,102.149,,149.93,134.659,,80.855,20.643,4.235,74.734,5542.255,4950.72,351.087,149.774,591.535,19.507,35.42,690.938,-0.0004,0.268,0.7123
DNUT,Krispy Kreme Inc,Consumer Discretionary,253010,NASDAQ,NC,2000-04-05,2025-12-31,17.0,1522.616,1166.591,228.676,0.0,127.349,-9.725,65.795,-515.767,5.982,97.929,33.924,2592.959,1915.998,1424.937,42.891,650.123,171.555,4.02,689.651,-0.5904,0.792,1.1075
RWT,Redwood Trust Inc,Financials,402040,NYSE,CA,1995-08-04,2025-12-31,0.351,1182.926,200.347,,0.0,982.579,974.579,1100.229,-70.026,98.972,0.0,-10094.521,23701.114,22718.498,22302.079,584.569,915.668,124.46,5.53,688.264,-0.0419,0.317,0.9191
GCMG,Gcm Grosvenor Inc,Financials,402030,NASDAQ,IL,,2025-12-31,0.553,557.565,419.689,,,137.876,133.454,22.789,45.371,26.593,8.497,183.539,813.762,686.33,480.229,242.116,26.978,60.722,11.32,687.373,-0.0434,0.207,0.515
AIP,Arteris Inc,Information Technology,451030,NASDAQ,CA,2021-10-27,2025-12-31,0.299,70.579,4.16,94.732,49.908,-28.313,-31.689,0.193,-34.746,0.0,1.388,6.733,115.031,129.663,5.967,54.696,-14.632,44.269,15.5,686.17,0.5211,0.901,2.0694
TRNS,Transcat Inc,Industrials,201070,NASDAQ,NY,,2026-03-31,1.413,331.877,212.993,76.999,0.0,41.885,15.713,4.602,5.376,0.0,15.298,34.85,480.487,179.868,133.262,4.942,300.619,9.334,73.45,685.582,-0.4635,0.487,0.5611
NTGR,Netgear Inc,Information Technology,452010,NASDAQ,CA,2003-07-31,2025-12-31,0.784,699.621,425.434,291.136,85.721,-16.949,-24.945,0.0,-17.923,0.0,20.515,1.606,836.271,338.448,50.949,323.036,497.823,27.943,24.53,685.442,-0.1198,0.504,1.4856
APEI,American Public Education,Consumer Discretionary,253020,NASDAQ,WV,2007-11-09,2025-12-31,5.841,648.862,297.02,279.022,,72.82,56.672,4.23,31.557,0.0,15.864,61.965,521.418,226.636,162.96,176.499,294.782,18.126,37.8,685.163,0.7525,0.458,0.7449
GPRE,Green Plains Inc,Energy,101020,NASDAQ,NE,,2025-12-31,0.642,2091.68,1951.671,104.124,,35.885,-62.549,81.068,-121.278,0.0,37.199,110.864,1578.396,806.425,464.705,230.132,766.247,69.828,9.8,684.314,0.0338,0.794,1.5638
HSTM,Healthstream Inc,Health Care,351030,NASDAQ,TN,2000-04-05,2025-12-31,1.16,304.064,107.209,132.726,50.984,64.129,20.651,0.101,18.342,3.727,3.685,63.319,520.374,166.351,17.577,57.004,354.023,29.579,23.07,682.388,-0.2713,0.298,0.5153
GSBC,Great Southern Bancorp,Financials,401010,NASDAQ,MO,,2025-12-31,1.075,342.784,113.544,115.26,,113.98,105.469,,70.973,18.793,11.465,81.521,5598.606,4962.48,409.405,189.554,636.126,11.062,61.56,680.977,0.0603,0.286,0.6988
PRAA,Pra Group Inc,Financials,402020,NASDAQ,VA,2002-11-08,2025-12-31,2.615,1201.837,809.06,,,392.777,383.742,263.292,-305.142,0.0,4.821,-85.541,5103.322,4063.357,3729.498,173.577,979.851,38.453,17.69,680.234,-0.1532,0.538,1.4966
SSTK,Shutterstock Inc,Communication Services,502030,NYSE,NY,2012-10-11,2025-12-31,1.565,989.925,323.262,465.804,89.033,200.859,109.965,16.826,45.496,46.53,42.856,166.686,1355.936,774.898,300.331,178.244,581.038,35.528,19.1,678.585,-0.3266,0.561,1.3018
TEN,Tsakos Energy Navigation Ltd,Energy,101020,NYSE,,,2025-12-31,,795.2,350.409,42.079,,402.712,232.658,109.638,160.904,33.141,521.743,297.622,3953.081,2090.076,1928.994,333.764,1807.983,30.128,22.42,675.47,0.3617,0.429,0.6913
TRTX,Tpg Re Finance Trt Inc,Financials,402040,NYSE,NY,2017-07-20,2025-12-31,0.0,332.575,72.476,19.912,,240.187,240.187,186.46,60.319,77.868,0.0,90.361,4406.23,3338.207,3289.008,88.267,1068.015,78.319,8.61,674.327,0.136,0.236,0.6182
BKSY,Blacksky Technology Inc,Industrials,202020,NYSE,VA,,2025-12-31,0.321,106.575,35.303,86.274,0.433,-15.002,-45.345,14.946,-70.26,0.0,46.56,-28.311,386.246,291.371,209.465,125.554,94.875,35.93,18.75,673.688,0.7377,1.046,2.4108
SPT,Sprout Social Inc,Information Technology,451030,NASDAQ,IL,2019-12-13,2025-12-31,1.362,457.547,94.657,389.396,101.279,-26.506,-37.319,2.501,-43.327,0.0,4.106,43.427,523.062,319.64,54.719,97.203,203.422,59.557,11.27,671.207,-0.633,0.462,1.1334
IBCP,Independent Bank Corp/Mi,Financials,401010,NASDAQ,MI,,2025-12-31,0.826,315.381,95.857,97.228,,122.296,116.796,,68.541,21.6,6.494,76.662,5505.72,5002.769,124.395,138.387,502.951,20.549,32.53,668.459,-0.0351,0.262,0.6901
CSV,Carriage Services Inc,Consumer Discretionary,253020,NYSE,TX,1996-08-08,2025-12-31,2.321,417.44,245.052,48.648,,123.74,98.028,28.365,51.507,7.025,20.628,60.693,1345.905,1091.129,552.508,1.688,254.776,15.751,42.3,666.267,0.0728,0.234,0.448
AXG,Solowin Holdings,Financials,402030,NASDAQ,,2023-09-07,2026-03-31,0.08,28.048,37.91,3.004,,-12.866,-13.004,,-13.174,0.0,0.186,-15.335,50.706,25.595,7.686,22.988,25.174,188.954,3.52,665.118,1.4909,1.12,0.5526
MATV,Mativ Holdings Inc,Materials,151010,NYSE,GA,1995-11-09,2025-12-31,5.0,1987.0,1483.1,315.5,23.6,188.4,47.4,71.1,-337.4,22.7,40.0,133.8,2051.6,1552.9,1083.9,89.8,498.7,54.681,12.15,664.374,0.1719,0.746,1.6626
TROX,Tronox Holdings Plc,Materials,151010,NYSE,CT,2005-11-22,2025-12-31,5.75,2898.0,2337.0,259.0,15.0,302.0,-21.0,206.0,-470.0,55.0,341.0,60.0,6217.0,4768.0,3442.0,211.0,1418.0,158.558,4.17,661.187,-0.5557,0.867,2.0072
ASST,Strive Inc,Health Care,351010,NASDAQ,TX,2023-02-03,2025-12-31,0.028,5.734,49.27,,,-43.536,-43.756,0.0,-420.588,0.0,0.012,-43.185,745.527,14.289,4.15,67.499,582.436,894.266,0.738,659.968,0.5046,5.233,1.7012
CGNT,Cognyte Software Ltd,Information Technology,451030,NASDAQ,,,2026-01-31,1.71,400.041,101.793,271.671,122.336,26.577,14.662,0.194,-0.638,0.0,10.396,40.331,521.066,292.203,43.039,116.878,206.544,73.078,9.03,659.894,0.0867,0.459,0.9091
ADAM,Adamas Trust Inc,Financials,402040,NASDAQ,NY,2004-06-24,2025-12-31,0.221,862.172,600.151,,0.0,,262.021,72.655,149.048,77.711,0.0,134.04,12638.847,11208.41,11008.336,342.378,886.45,90.304,7.3,659.219,0.3641,0.324,0.8162
SES,Ses Ai Corp,Industrials,201040,NYSE,MA,2021-01-07,2025-12-31,0.215,21.0,9.647,83.672,67.045,-72.319,-82.614,,-73.04,0.0,2.858,-58.362,272.646,57.891,8.941,199.632,214.755,365.432,1.8,657.778,-0.1781,1.35,1.7905
ORGO,Organogenesis Holdings Inc,Health Care,352010,NASDAQ,MA,,2025-12-31,0.854,564.169,113.745,370.262,44.542,80.162,61.566,,37.032,0.0,14.151,-10.309,598.73,164.812,82.137,94.331,300.129,126.952,5.18,657.611,0.6187,1.387,1.9599
GAU,Galiano Gold Inc,Materials,151040,NYSE American,BC,,2025-12-31,0.594,447.767,199.669,29.351,,218.747,152.978,6.717,-29.29,0.0,114.923,157.994,599.051,377.393,37.075,112.853,218.856,259.79,2.53,657.269,1.0569,0.738,0.544
LYEL,Lyell Immunopharma Inc,Health Care,352010,NASDAQ,CA,2021-06-17,2025-12-31,0.161,0.036,193.41,,225.007,-193.374,-203.774,0.0,-274.448,0.0,0.78,-150.024,340.052,91.85,50.994,247.22,248.202,21.251,30.78,654.106,1.4047,1.113,1.2455
PLAY,Dave & Buster'S Entmt Inc,Consumer Discretionary,253010,NASDAQ,TX,1995-06-06,2026-01-31,23.61,2102.8,836.1,863.7,0.0,403.0,123.6,158.9,-48.7,0.0,391.4,290.8,4116.6,4025.4,3568.6,16.6,91.2,34.75,18.77,652.257,-0.4447,0.701,1.0513
SMWB,Similarweb Ltd,Information Technology,451030,NYSE,,2021-05-12,2025-12-31,1.0,282.6,48.741,240.491,72.602,-6.632,-15.621,,-32.936,0.0,1.653,14.644,261.145,237.819,43.296,78.781,23.326,86.962,7.49,651.345,-0.4714,0.611,1.5313
TCMD,Tactile Systems Technology,Health Care,351010,NASDAQ,MN,2016-07-28,2025-12-31,1.086,329.522,75.177,217.932,8.481,36.413,29.77,1.038,19.086,0.0,2.38,42.811,273.942,55.04,15.958,83.446,218.902,22.439,29.0,650.731,0.6929,0.678,0.5506
VTEX,Vtex,Information Technology,451020,NYSE,,2021-07-21,2025-12-31,1.139,240.517,50.917,167.728,63.891,21.872,18.608,0.0,20.01,0.0,1.039,33.367,346.632,113.073,2.884,192.101,233.496,172.994,3.76,650.457,-0.3616,0.555,1.243
EGBN,Eagle Bancorp Inc/Md,Financials,401010,NASDAQ,MD,1998-07-31,2025-12-31,0.475,633.79,629.319,99.886,,-95.415,-98.362,,-138.052,15.314,7.733,28.495,10497.203,9365.92,111.684,695.693,1131.283,30.36,21.42,650.311,-0.1557,0.471,0.8493
CTKB,Cytek Biosciences Inc,Health Care,352030,NASDAQ,CA,2021-07-23,2025-12-31,0.702,201.493,89.454,144.133,36.468,-32.094,-39.673,1.474,-66.539,0.0,4.084,-4.686,461.542,119.803,23.743,261.529,341.739,128.55,5.05,649.178,-0.2219,0.706,1.0849
NX,Quanex Building Products,Industrials,201020,NYSE,TX,,2025-10-31,7.071,1837.641,1336.981,257.77,,242.89,139.446,55.812,-250.806,14.889,62.642,164.897,1968.233,1242.054,853.734,78.118,726.179,45.675,14.21,649.042,-0.3537,0.541,1.2581
KRNT,Kornit Digital Ltd,Industrials,201060,NASDAQ,,2015-04-02,2025-12-31,0.633,208.2,103.279,125.361,37.731,-20.44,-32.337,0.864,-13.518,0.0,21.274,24.629,770.51,57.937,18.613,457.848,712.573,45.064,14.38,648.02,-0.5354,0.567,1.573
DC,Dakota Gold Corp,Materials,151040,NYSE American,SD,2022-04-05,2025-12-31,0.041,0.0,0.0,30.556,0.0,-30.556,-30.755,0.0,-29.539,0.0,0.382,-25.445,115.858,3.338,0.206,29.687,112.52,114.069,5.68,647.912,1.5818,0.6,0.3551
IMSR,Terrestrial Energy Inc,Industrials,201030,NASDAQ,NC,2024-08-16,2025-12-31,0.074,0.0,0.0,24.159,9.768,-24.159,-25.197,4.339,-28.017,0.0,1.055,-16.473,302.98,7.574,2.073,297.79,295.406,105.782,6.11,646.328,-0.3902,0.691,0.3451
IHRT,Iheartmedia Inc,Communication Services,502010,NASDAQ,TX,,2025-12-31,9.55,3864.991,1613.426,1687.616,,563.949,203.902,402.535,-472.866,0.0,81.672,92.583,5126.003,6953.014,5788.251,270.921,-1831.64,155.203,4.16,645.644,1.101,0.901,1.1557
EBS,Emergent Biosolutions Inc,Health Care,352010,NYSE,MD,2006-11-15,2025-12-31,0.9,742.9,291.1,249.8,53.2,202.0,106.2,59.3,52.6,0.0,13.8,170.6,1318.6,796.0,583.7,209.1,522.6,52.2,12.36,645.192,0.2929,0.935,1.5476
GYRE,Gyre Therapeutics Inc,Health Care,352010,NASDAQ,CA,,2025-12-31,0.625,116.588,2.896,99.681,13.698,14.011,11.491,,5.027,0.0,1.19,1.01,166.132,23.85,0.939,52.425,106.031,91.314,7.06,644.677,-0.4165,0.859,1.2341
RSVR,Reservoir Media Inc,Communication Services,502020,NASDAQ,NY,,2026-03-31,0.1,175.664,61.991,44.331,,69.342,38.559,26.803,8.303,0.0,0.482,50.14,949.677,571.113,464.383,31.301,377.719,65.603,9.79,642.253,-0.1635,0.3,0.6169
DJCO,Daily Journal Corp,Information Technology,451030,NASDAQ,CA,,2025-09-30,0.424,87.7,59.647,18.268,,9.785,9.528,1.381,112.137,0.0,0.008,13.333,548.118,157.057,22.993,515.833,391.061,1.377,465.14,640.498,-0.142,0.487,1.0103
DCBO,Docebo Inc,Information Technology,451030,NASDAQ,ON,2019-10-08,2025-12-31,0.966,242.687,47.557,157.237,50.12,37.893,34.707,0.146,37.512,0.0,0.981,28.173,206.647,132.556,2.56,74.037,74.091,28.747,22.2,638.183,-0.5041,0.414,1.0467
CABO,Cable One Inc,Communication Services,502010,NYSE,AZ,,2025-12-31,2.592,1501.423,392.102,350.195,,759.126,420.577,129.967,-356.459,17.232,285.251,563.326,5588.353,4154.715,3200.42,152.769,1433.638,5.635,112.85,635.91,-0.6852,0.748,0.687
SHEN,Shenandoah Telecommun Co,Communication Services,501010,NASDAQ,VA,,2025-12-31,1.041,357.854,130.118,118.187,,109.549,-14.664,36.055,-39.392,6.038,358.919,100.998,1910.762,941.473,641.688,48.204,880.783,54.899,11.56,634.632,-0.074,0.414,0.514
ICHR,Ichor Holdings Ltd,Information Technology,453010,NASDAQ,CA,2016-12-09,2025-12-31,2.448,947.652,812.335,108.6,23.086,26.717,-4.494,6.62,-52.781,0.0,36.169,29.886,942.879,278.993,160.191,98.29,663.886,34.434,18.43,634.619,-0.428,0.902,2.6927
CRSR,Corsair Gaming Inc,Information Technology,452020,NASDAQ,CA,2020-09-23,2025-12-31,2.355,1472.48,1025.486,384.048,69.147,62.946,8.756,9.35,-16.159,0.0,15.374,50.121,1253.784,608.03,190.527,98.583,633.557,106.639,5.94,633.436,-0.1014,0.657,2.2653
IDR,Idaho Strtegic Resources Inc,Materials,151040,NYSE American,ID,,2025-12-31,0.062,42.406,13.843,10.261,,18.302,15.944,0.201,16.716,0.0,12.11,19.102,116.239,5.397,2.331,45.657,108.17,15.705,40.3,632.911,2.9549,0.796,0.5534
REPL,Replimune Group Inc,Health Care,352010,NASDAQ,MA,2018-07-20,2026-03-31,0.465,0.0,0.0,314.159,221.184,-314.159,-319.919,8.859,-313.94,0.0,4.223,-280.344,332.388,166.228,111.586,268.889,166.16,82.717,7.65,632.785,-0.1974,1.882,0.8398
SPFI,South Plains Financial Inc,Financials,401010,NASDAQ,TX,2019-05-09,2025-12-31,0.603,296.887,90.194,92.998,,113.695,107.881,,58.471,10.101,5.661,77.49,4480.5,3986.663,68.426,552.439,493.837,16.294,38.8,632.207,0.1358,0.28,0.6799
SMBK,Smartfinancial Inc,Financials,401010,NYSE,TN,,2025-12-31,0.589,316.369,127.618,91.983,,96.768,87.028,,50.347,5.439,2.389,61.724,5860.81,5308.318,113.427,464.417,552.379,17.029,36.99,629.903,0.2055,0.283,0.775
WRLD,World Acceptance Corp/De,Financials,402020,NASDAQ,SC,1991-11-26,2026-03-31,2.907,585.167,481.494,,,103.673,94.686,45.739,34.586,0.0,3.882,259.359,1054.121,703.116,661.194,29.374,351.005,4.657,135.04,628.881,0.2486,0.48,1.3024
GOGO,Gogo Inc,Communication Services,501020,NASDAQ,CO,2013-06-21,2025-12-31,0.68,910.491,504.663,214.276,56.143,191.552,131.273,73.863,12.923,0.0,59.377,124.49,1303.772,1202.643,905.805,125.294,101.129,134.511,4.66,626.821,-0.424,0.819,1.5096
SFIX,Stitch Fix Inc,Consumer Discretionary,255040,NASDAQ,CA,2017-11-17,2025-07-31,4.165,1267.171,704.232,570.756,,-7.817,-35.677,0.0,-28.739,0.0,16.293,25.178,480.622,277.644,93.511,234.853,202.978,132.477,4.73,626.616,0.2181,0.65,1.8999
PRME,Prime Medicine Inc,Health Care,352010,NASDAQ,MA,2022-10-20,2025-12-31,0.146,4.632,205.661,,160.636,-201.029,-208.35,0.0,-201.142,0.0,4.531,-162.564,342.733,221.865,116.427,177.68,120.868,180.514,3.47,626.384,0.1883,1.134,1.9079
CGEM,Cullinan Therapeutics Inc,Health Care,352010,NASDAQ,MA,2021-01-08,2025-12-31,0.109,0.0,0.0,221.337,187.402,-221.337,-221.648,0.0,-219.879,0.0,0.049,-175.75,448.374,39.644,2.683,377.896,408.73,60.244,10.35,623.525,-0.1503,0.747,0.9041
HIFS,Hingham Instn For Savings,Financials,401010,NASDAQ,MA,,2025-12-31,0.097,236.781,134.002,19.536,,83.243,82.491,,54.551,7.025,0.266,35.792,4542.654,4062.946,1465.015,369.608,479.708,2.182,283.96,619.601,0.1282,0.432,1.0246
SMBC,Southern Missouri Bancp Inc,Financials,401010,NASDAQ,MO,,2025-06-30,0.739,305.351,129.272,70.645,,105.434,95.412,,58.578,10.378,6.263,81.557,5019.607,4474.915,149.251,193.105,544.692,11.299,54.78,618.959,0.0484,0.282,0.8062
FCBC,First Cmnty Bancshares Inc,Financials,401010,NASDAQ,VA,1992-12-31,2025-12-31,0.65,185.422,17.994,68.261,,99.167,93.511,,48.794,78.915,2.742,62.745,3259.643,2759.096,1.805,512.24,500.547,18.335,33.73,618.44,-0.1208,0.276,0.6088
CWH,Camping World Holdings Inc,Consumer Discretionary,255040,NYSE,IL,2016-10-07,2025-12-31,11.427,6369.149,4491.997,1603.222,,273.93,178.595,198.622,-89.799,31.434,252.284,-131.985,5044.334,4672.535,4078.938,215.043,228.586,63.437,9.73,617.242,-0.5224,0.648,1.6106
FISI,Financial Institutions Inc,Financials,401010,NASDAQ,NY,1999-06-25,2025-12-31,0.631,377.944,144.629,88.303,,145.012,137.13,,74.867,24.935,5.548,18.802,6274.14,5645.286,334.228,108.751,611.569,19.797,31.17,617.072,0.1951,0.298,0.869
GRNT,Granite Ridge Resources Inc,Energy,101020,NYSE,TX,2020-09-16,2025-12-31,0.006,450.306,157.111,27.751,,265.444,49.743,25.5,24.353,57.686,419.259,296.414,1168.071,562.311,385.332,25.806,605.76,131.255,4.7,616.898,-0.2129,0.405,1.0856
ACIC,American Coastal Insura Corp,Financials,403010,NASDAQ,FL,,2025-12-31,0.068,335.439,143.884,38.697,,152.858,146.623,10.815,106.837,36.574,0.155,71.025,1072.732,755.167,152.488,362.535,317.565,48.765,12.63,615.902,-0.0248,0.324,0.4005
MAMA,Mama'S Creations Inc,Consumer Staples,302020,NASDAQ,NJ,,2026-01-31,0.582,171.714,123.779,34.62,0.288,13.315,8.426,0.472,5.286,0.0,1.654,11.421,85.698,33.078,14.465,19.951,52.62,40.657,15.1,613.921,0.6947,0.541,0.5215
ECX,Ecarx Holdings Inc,Consumer Discretionary,251010,NASDAQ,,2021-02-05,2025-12-31,1.432,847.858,681.566,202.337,123.337,-36.045,-55.916,23.772,-66.043,0.0,12.168,-94.391,662.409,945.884,455.338,124.414,-282.664,356.467,1.72,613.123,-0.1848,1.1,0.737
BTBT,Bit Digital Inc,Information Technology,451030,NASDAQ,NY,2018-03-20,2025-12-31,0.104,112.064,52.388,80.964,,-21.288,-58.105,3.093,-80.317,0.0,285.928,-288.924,1174.418,309.157,134.167,122.213,714.944,324.192,1.89,612.723,-0.3549,0.918,1.8331
SNDA,Sonida Senior Living Inc,Health Care,351020,NYSE,TX,1997-10-31,2025-12-31,5.14,381.141,294.538,39.851,,46.752,-10.016,38.635,-70.779,0.0,33.284,24.364,844.845,788.59,689.741,30.272,-0.011,18.77,32.61,612.09,0.4129,0.374,1.0776
SXC,Suncoke Energy Inc,Materials,151040,NYSE,IL,,2025-12-31,2.477,1837.3,1553.0,71.4,,212.9,59.3,32.9,-44.2,41.6,66.8,109.1,1789.9,1163.8,703.6,88.7,597.3,84.666,7.2,609.595,-0.2852,0.371,0.739
LXU,Lsb Industries Inc,Materials,151010,NYSE,OK,1969-01-02,2025-12-31,0.513,615.208,428.976,41.507,,144.725,62.795,30.657,24.613,0.0,77.461,95.522,1173.539,653.566,497.385,148.471,519.973,71.663,8.5,609.136,0.1199,0.533,1.1666
AMN,Amn Healthcare Services Inc,Health Care,351020,NYSE,TX,2001-11-13,2025-12-31,2.664,2730.429,1947.64,584.122,,198.667,42.067,,-95.702,0.0,35.629,269.457,2094.107,1452.001,803.202,55.6,642.106,38.441,15.76,605.83,-0.3411,0.493,0.8765
BCAL,California Bancrp,Financials,401010,NASDAQ,CA,,2025-12-31,0.288,237.065,48.065,70.889,,118.111,112.496,,63.058,0.0,0.346,57.29,4033.386,3456.8,52.768,399.913,576.586,32.418,18.67,605.244,0.1347,0.281,0.796
TALK,Talkspace Inc,Health Care,351020,NASDAQ,NY,,2025-12-31,0.598,228.871,130.797,92.322,9.544,5.752,3.152,,7.793,0.0,10.641,8.534,134.863,17.848,0.0,92.586,117.015,166.718,3.63,605.186,0.1748,0.535,1.038
OFIX,Orthofix Medical Inc,Health Care,351010,NASDAQ,TX,,2025-12-31,1.605,822.312,175.865,607.234,65.847,39.213,-38.108,18.388,-92.192,0.0,34.626,33.347,850.647,400.61,203.848,85.115,450.037,39.834,15.16,603.883,-0.1317,0.376,0.8865
IVR,Invesco Mortgage Capital Inc,Financials,402040,NYSE,GA,2009-06-26,2025-12-31,0.0,295.287,18.561,,0.0,276.726,276.726,219.865,101.279,94.931,0.0,157.085,6475.894,5678.35,5619.255,166.431,631.788,71.791,8.41,603.762,0.252,0.262,0.7094
MBUU,Malibu Boats Inc,Consumer Discretionary,252020,NASDAQ,TN,2014-01-31,2025-06-30,2.2,807.561,631.676,112.031,,63.854,25.261,1.883,14.879,0.0,27.917,56.506,734.578,214.745,25.323,37.002,515.461,19.226,31.34,602.543,-0.2495,0.515,1.3042
VSTM,Verastem Inc,Health Care,352010,NASDAQ,MA,2012-01-27,2025-12-31,0.104,30.914,4.57,195.745,114.599,-169.401,-170.129,1.138,-209.471,0.0,0.0,-137.509,246.442,189.245,87.169,205.231,57.197,77.74,7.72,600.153,0.4932,0.894,1.2638
NWPX,Nwpx Infrastructure Inc,Industrials,201030,NASDAQ,WA,1995-11-30,2025-12-31,1.318,526.003,402.928,52.767,,70.308,50.87,3.309,35.411,0.0,20.177,67.283,579.63,184.847,109.924,2.273,394.783,9.588,62.49,599.154,0.2949,0.357,0.8994
ASPI,Asp Isotopes Inc,Materials,151010,NASDAQ,TX,2022-11-10,2025-12-31,0.271,23.849,18.532,60.596,15.075,-55.279,-57.191,0.575,-175.092,0.0,9.654,-37.78,498.02,235.122,215.96,333.308,204.151,111.678,5.35,597.477,0.181,1.104,1.9375
VSTS,Vestis Corp,Industrials,202010,NYSE,GA,,2025-09-30,18.15,2734.839,2021.199,478.73,,234.91,103.01,105.264,-40.223,9.221,58.46,64.229,2906.9,2041.256,1418.669,29.748,865.644,131.859,4.53,597.321,-0.5612,0.67,1.3474
CTO,Cto Realty Growth Inc,Real Estate,601010,NYSE,FL,,2025-12-31,0.042,149.545,98.006,18.527,0.0,,33.012,27.228,10.092,49.783,0.0,64.6,1263.902,696.556,616.574,41.119,567.299,32.372,18.41,595.969,0.017,0.224,0.4601
WEAV,Weave Communicati Inc,Information Technology,451030,NYSE,UT,2021-11-11,2025-12-31,0.904,239.024,55.191,200.291,44.462,-16.458,-28.914,1.7,-28.052,0.0,4.68,17.54,207.968,125.584,52.152,81.72,82.384,78.353,7.59,594.699,-0.5232,0.536,1.649
HPK,Highpeak Energy Inc,Energy,101020,NASDAQ,TX,,2025-12-31,0.05,863.359,245.736,37.634,,579.989,152.817,147.136,18.963,22.248,522.157,511.597,3213.714,1619.145,1193.794,162.075,1594.569,125.33,4.74,594.064,-0.6716,0.685,1.5979
ARQQ,Arqit Quantum Inc,Information Technology,451030,NASDAQ,,,2025-09-30,0.091,0.53,34.941,,,-34.411,-35.171,0.048,-35.343,0.0,0.033,-29.553,42.851,15.615,0.719,36.978,27.236,15.292,38.75,592.565,-0.4367,1.388,2.2251
CEVA,Ceva Inc,Information Technology,453010,NASDAQ,MD,2000-05-19,2025-12-31,0.424,109.598,10.487,105.611,74.833,-6.5,-10.769,0.0,-10.638,0.0,2.921,-3.356,388.256,51.798,16.131,221.983,336.458,27.511,21.52,592.037,-0.3179,0.65,2.1806
SHBI,Shore Bancshares Inc,Financials,401010,NASDAQ,MD,,2025-12-31,0.608,342.716,126.026,84.617,,132.073,116.742,,59.506,16.094,3.168,62.391,6258.818,5668.945,100.088,355.566,589.873,33.414,17.68,590.76,0.15,0.293,0.8809
NRIM,Northrim Bancorp Inc,Financials,401010,NASDAQ,AK,,2025-12-31,0.516,255.581,46.679,86.159,,122.743,119.209,,64.608,14.344,5.469,139.337,3290.273,2963.729,87.67,145.906,326.544,22.112,26.61,588.4,0.4048,0.326,0.7321
HPP,Hudson Pacific Pptys Inc,Real Estate,601040,NYSE,CA,2010-06-24,2025-12-31,0.607,846.881,958.46,59.263,,,-170.842,211.507,-552.057,0.084,22.071,120.977,7267.968,4063.003,3761.48,162.128,2547.157,54.227,10.83,587.278,-0.4894,0.603,1.3675
TATT,Tat Technologies Ltd,Industrials,201010,NASDAQ,NC,1987-03-31,2025-12-31,0.659,178.015,128.816,25.69,1.384,23.509,18.408,1.01,16.822,0.0,10.954,14.974,226.729,50.338,17.634,51.259,176.391,12.983,44.66,579.821,0.7391,0.607,0.8631
CPS,Cooper-Standard Holdings Inc,Consumer Discretionary,251010,NYSE,MI,,2025-12-31,18.0,2740.915,2321.72,214.366,80.642,204.829,106.854,114.676,-4.165,0.0,48.192,64.442,1833.174,1924.751,1192.822,198.28,-83.488,17.637,32.83,579.023,1.4211,0.788,1.3807
NPB,Northpointe Bancshares Inc,Financials,401010,NYSE,MI,2025-02-14,2025-12-31,0.491,469.136,231.563,93.62,,143.953,140.881,,83.409,3.219,2.765,44.291,7022.825,6453.783,1537.415,496.459,569.042,34.494,16.78,578.809,0.1633,0.329,0.7157
SLS,Sellas Life Sciences Group I,Health Care,352010,NASDAQ,NY,,2025-12-31,0.013,0.0,0.0,28.274,16.022,-28.274,-28.274,0.0,-26.863,0.0,0.0,-28.389,78.345,7.474,1.001,71.893,70.871,153.103,3.77,577.198,2.625,0.92,0.5388
CRVS,Corvus Pharmaceuticals Inc,Health Care,352010,NASDAQ,CA,2016-03-23,2025-12-31,0.037,0.0,0.0,42.866,33.719,-42.866,-42.971,0.0,-15.283,0.0,0.174,-32.797,71.119,9.914,0.937,56.75,61.205,74.697,7.7,575.167,0.4393,0.731,0.9424
MYGN,Myriad Genetics Inc,Health Care,352010,NASDAQ,UT,1995-10-05,2025-12-31,2.7,824.5,227.7,597.5,106.8,-0.7,-50.7,10.5,-365.9,0.0,15.6,1.8,706.6,338.6,209.8,151.3,368.0,93.5,6.15,575.025,-0.5514,0.884,1.1833
REPX,Riley Expl Permian Inc,Energy,101020,NYSE American,OK,,2025-12-31,0.122,391.98,117.772,40.648,,233.56,140.062,34.053,160.84,33.642,131.325,212.539,1169.578,535.336,251.252,17.889,634.242,21.719,26.4,573.382,-0.1266,0.469,1.3809
IBTA,Ibotta Inc,Communication Services,502010,NYSE,CO,2024-04-18,2025-12-31,0.8,342.389,66.649,265.765,61.082,9.975,1.655,,3.575,0.0,20.293,95.274,525.911,238.26,25.769,186.612,287.651,25.178,22.73,572.296,-0.6507,0.788,1.0962
ALRS,Alerus Financial Corp,Financials,402010,NASDAQ,ND,,2025-12-31,0.864,331.512,107.693,136.245,,87.574,72.254,,17.439,21.087,8.699,67.531,5230.084,4665.15,404.264,67.192,564.934,25.406,22.52,572.143,0.2173,0.298,0.749
ANRO,Alto Neuroscience Inc,Health Care,352020,NYSE,CA,2024-02-02,2025-12-31,0.068,0.0,0.0,65.703,45.619,-65.703,-66.364,2.469,-63.238,0.0,0.024,-51.769,184.689,33.547,23.958,176.484,151.142,31.924,17.8,568.247,3.2081,1.323,1.0495
BWMN,Bowman Consltg Grp Ltd,Industrials,201030,NASDAQ,VA,2021-05-07,2025-12-31,2.3,490.017,228.476,215.062,,46.479,18.92,9.247,12.849,0.0,2.393,35.827,579.682,318.577,242.195,11.066,261.105,17.194,33.02,567.746,0.3234,0.475,0.9016
KYTX,Kyverna Therapeutics Inc,Health Care,352010,NASDAQ,CA,2024-02-08,2025-12-31,0.13,0.0,0.0,167.38,133.72,-167.38,-169.179,0.489,-161.307,0.0,0.005,-153.712,293.826,61.55,29.032,279.253,232.276,60.39,9.4,567.666,1.5134,1.098,1.5982
KFRC,Kforce Inc,Industrials,202020,NYSE,FL,1995-08-14,2025-12-31,1.6,1329.007,967.634,302.315,,59.058,53.51,3.122,34.825,27.493,14.84,61.645,365.638,241.035,82.946,2.142,124.603,18.353,30.92,567.475,-0.4306,0.502,0.5595
DSGN,Design Therapeutis Inc,Health Care,352010,NASDAQ,CA,2021-03-26,2025-12-31,0.054,0.0,0.0,78.445,59.129,-78.445,-79.067,0.0,-69.792,0.0,0.193,-54.358,226.203,13.7,1.535,219.845,212.503,60.398,9.38,566.533,0.5203,0.885,1.0919
PACB,Pacific Biosciences Of Calif,Health Care,352030,NASDAQ,CA,2010-10-27,2025-12-31,0.485,160.005,82.813,233.054,112.307,-155.862,-175.897,6.954,-546.376,0.0,2.714,-111.209,784.083,778.734,705.422,279.526,5.349,301.956,1.87,564.658,0.0219,0.963,1.6667
CWCO,Consolidated Water Co Inc,Utilities,551040,NASDAQ,,,2025-12-31,0.293,132.073,77.784,29.303,,24.986,18.262,0.004,18.336,8.463,8.541,41.713,257.565,30.885,3.032,123.788,221.627,15.945,35.29,562.699,0.387,0.293,0.2612
WASH,Washington Tr Bancorp Inc,Financials,401010,NASDAQ,RI,,2025-12-31,0.642,386.957,174.103,106.094,,106.76,102.543,,52.244,43.517,2.005,80.31,6621.694,6078.11,687.407,90.856,543.584,19.035,29.55,562.484,0.017,0.293,0.864
GETY,Getty Images Holdings Inc,Communication Services,502030,NYSE,WA,2020-07-31,2025-12-31,1.65,981.29,261.315,415.968,,304.007,239.244,156.175,-206.123,0.0,59.518,65.19,3240.288,2639.662,1997.629,725.307,552.542,417.215,1.34,559.068,-0.3796,0.735,1.4765
HZO,Marinemax Inc,Consumer Discretionary,255040,NYSE,FL,1998-06-02,2025-09-30,3.385,2309.288,1509.74,666.93,,132.618,83.298,71.158,-31.631,0.0,60.864,72.806,2470.438,1521.685,1245.965,170.351,937.19,21.869,25.33,553.942,-0.163,0.604,1.6335
CVLG,Covenant Logistics Group Inc,Industrials,203040,NYSE,TN,1994-10-28,2025-12-31,4.7,1164.472,1030.444,,,134.028,41.302,12.355,7.239,7.162,147.57,113.648,1045.548,641.552,338.698,4.946,403.996,25.07,22.04,552.543,-0.1816,0.398,1.2044
PKE,Park Aerospace Corp,Industrials,201010,NYSE,NY,,2026-02-28,0.125,73.301,48.769,9.172,,15.36,13.5,0.0,11.272,9.96,2.038,11.499,142.228,12.278,0.317,89.368,129.95,20.878,26.42,551.597,0.505,0.35,0.7977
CRD.A,Crawford & Co,Financials,403010,NYSE,GA,,2025-12-31,9.943,1310.827,912.129,282.076,,116.622,76.581,17.973,19.634,14.328,7.014,101.847,764.3,592.868,270.274,64.546,173.093,48.874,11.25,549.832,-0.0003,0.357,0.9176
IRWD,Ironwood Pharmaceuticals Inc,Health Care,352010,NASDAQ,MA,2010-02-03,2025-12-31,0.1,296.151,163.011,,95.136,133.14,131.259,32.746,24.017,0.0,0.034,127.044,396.901,658.736,597.802,215.456,-261.835,163.058,3.37,549.505,-0.2393,1.185,0.9273
OXM,Oxford Industries Inc,Consumer Discretionary,252030,NYSE,GA,,2026-01-31,6.0,1493.613,580.096,814.983,,98.534,32.635,6.87,-27.889,41.632,108.339,119.646,1308.958,794.121,563.441,8.129,514.837,14.887,36.85,548.586,-0.5402,0.687,1.4015
GOLD,Gold.Com Inc,Consumer Discretionary,255010,NYSE,CA,,2025-06-30,0.993,10978.614,10767.698,134.327,,76.589,53.669,46.203,17.32,18.834,10.678,152.347,2215.431,1512.76,906.719,77.741,649.516,24.639,22.18,546.493,0.2842,0.437,0.8045
FLOC,Flowco Holdings Inc,Energy,101010,NYSE,TX,2025-01-16,2025-12-31,1.281,759.719,346.236,113.377,,300.106,155.268,18.939,41.398,6.719,127.287,294.37,1646.351,288.427,209.363,4.522,228.62,29.092,18.74,545.184,-0.3603,0.543,1.3254
LE,Lands' End Inc,Consumer Discretionary,255040,NASDAQ,WI,,2026-01-31,3.9,1335.146,684.976,561.153,0.0,89.017,58.848,36.717,5.508,0.0,29.22,49.618,751.066,506.771,245.909,18.283,244.295,30.575,17.76,543.012,0.105,0.603,1.2657
EVTL,Vertical Aerospace Ltd,Industrials,201010,NYSE,,2020-09-11,2025-12-31,0.442,0.0,0.0,166.436,96.893,-166.436,-169.069,16.685,313.498,0.0,0.39,-111.392,141.55,305.003,4.314,94.624,-163.453,101.603,5.33,541.544,-0.5763,1.1,2.2594
CRNC,Cerence Inc,Information Technology,451030,NASDAQ,MA,,2025-09-30,1.3,251.781,59.764,168.341,97.756,23.676,13.127,10.223,-18.714,0.0,14.356,61.173,630.591,479.915,217.173,87.45,150.676,43.374,12.46,540.44,0.3618,1.731,2.8357
ASMB,Assembly Biosciences Inc,Health Care,352010,NASDAQ,CA,2010-12-17,2025-12-31,0.073,72.303,84.292,,64.813,-11.989,-12.118,0.0,-6.122,0.0,0.066,-41.093,257.59,50.839,2.628,248.106,206.751,15.855,34.01,539.229,1.1553,0.638,1.008
SABR,Sabre Corp,Consumer Discretionary,253010,NASDAQ,TX,2014-04-17,2025-12-31,4.65,2770.983,1105.49,1224.89,,440.603,346.106,447.829,524.617,0.0,82.887,-130.523,4502.128,5526.565,4409.5,910.113,-1051.003,395.004,1.36,537.205,-0.6274,0.761,1.8616
CASS,Cass Information Systems Inc,Financials,402010,NASDAQ,MO,1996-07-01,2025-12-31,1.016,207.424,162.125,,,45.299,38.098,0.008,35.116,16.511,5.663,37.437,2606.024,2363.026,4.509,399.023,242.998,12.918,41.52,536.355,0.0449,0.246,0.5894
FIP,Ftai Infrastructure Inc,Industrials,203040,NASDAQ,NY,,2025-12-31,1.11,502.52,299.587,30.936,,171.997,39.508,291.914,-107.174,13.831,281.25,-118.008,5748.661,4804.678,3854.281,325.946,21.324,116.294,4.61,536.115,-0.3492,0.723,1.4567
PKST,Peakstone Realty Trust,Real Estate,601040,NYSE,CA,,2025-12-31,0.04,105.981,84.672,35.488,0.0,,-14.179,56.565,-307.707,24.327,0.0,68.721,1352.824,574.121,475.34,146.44,745.425,37.176,14.35,533.476,0.3616,0.348,0.4504
EBF,Ennis Inc,Industrials,202010,NYSE,TX,,2026-02-28,1.835,392.403,263.443,59.157,,69.803,52.677,0.0,42.627,25.902,11.707,52.733,356.911,48.179,9.215,34.57,308.732,25.253,21.11,533.091,-0.0992,0.23,0.4705
SD,Sandridge Energy Inc,Energy,101020,NYSE,OK,2007-11-06,2025-12-31,0.102,156.357,46.037,13.201,,97.119,54.247,0.462,70.203,15.862,67.687,100.14,644.021,133.15,0.0,112.345,510.871,36.825,14.43,531.385,0.2817,0.373,0.8501
AHRT,Ah Realty Trust Inc,Real Estate,601010,NYSE,VA,2013-05-08,2025-12-31,0.098,283.061,183.907,19.997,0.0,,79.157,89.142,5.604,44.917,0.0,50.441,2596.51,1767.318,1650.833,52.379,456.691,80.167,6.62,530.706,-0.2994,0.298,0.7052
BWMX,Betterware De Mexico S A P,Consumer Discretionary,255040,NYSE,,2020-03-16,2025-12-31,2.441,791.142,261.364,382.567,,147.211,125.396,30.053,58.921,47.214,6.359,124.241,532.847,457.333,244.563,18.238,75.615,37.317,14.21,530.275,0.3916,0.444,0.5446
INN,Summit Hotel Properties Inc,Real Estate,601030,NYSE,TX,2011-02-09,2025-12-31,0.078,730.65,637.55,32.816,0.0,,60.284,80.692,-5.067,34.951,0.0,149.03,2776.03,1502.059,1418.105,41.212,862.051,108.799,4.87,529.851,-0.2451,0.445,1.5584
KREF,Kkr Real Estate Fin Tr Inc,Financials,402040,NYSE,NY,2017-05-05,2025-12-31,0.0,458.177,185.786,,,272.391,272.391,322.961,-47.051,65.774,0.0,72.283,6464.643,5239.439,4693.537,87.338,1172.419,64.368,8.22,529.105,-0.093,0.286,0.7396
ABSI,Absci Corp,Health Care,352010,NASDAQ,WA,2021-07-22,2025-12-31,0.14,2.8,116.476,,81.418,-113.676,-125.418,0.209,-115.183,0.0,1.107,-92.925,216.297,26.848,5.302,144.292,189.449,151.515,3.49,528.787,0.3321,0.973,2.0292
TCBX,Third Coast Bancshares Inc,Financials,401010,NYSE,TX,2021-11-09,2025-12-31,0.412,367.683,166.401,88.512,,112.77,108.023,,66.291,0.0,2.681,50.837,5340.759,4809.732,136.97,181.496,530.958,13.891,38.01,527.997,0.1196,0.325,0.9246
HY,Hyster Yale Inc,Industrials,201060,NYSE,OH,,2025-12-31,7.5,3769.3,3090.7,616.5,137.2,62.1,16.3,31.2,-60.1,25.4,62.5,86.1,2020.6,1528.2,642.2,123.2,472.0,17.734,29.71,526.877,-0.3942,0.443,1.0119
KOP,Koppers Holdings Inc,Materials,151010,NYSE,PA,2006-02-01,2025-12-31,1.859,1879.3,1431.5,154.9,,292.9,219.3,66.1,56.0,6.9,55.0,122.5,1886.8,1312.5,1022.5,38.0,574.0,19.456,27.08,526.868,-0.1552,0.398,1.0171
BLMN,Bloomin' Brands Inc,Consumer Discretionary,253010,NASDAQ,FL,2012-08-08,2025-12-31,64.0,3955.996,3429.432,260.771,,265.793,88.113,45.354,8.237,38.266,179.924,276.694,3171.907,2834.742,2021.352,59.461,333.602,85.222,6.17,525.82,-0.4657,0.76,1.4468
URG,Ur Energy Inc,Energy,101020,NYSE American,CO,,2025-12-31,0.113,27.207,21.443,68.209,,-62.445,-69.38,1.947,-74.898,0.0,23.62,-43.127,272.459,195.007,84.855,123.863,77.452,378.17,1.39,525.656,0.2087,0.785,1.2422
CINT,Ci&T Inc,Information Technology,451020,NYSE,,2021-11-10,2025-12-31,7.993,489.65,327.144,80.364,,82.142,63.305,13.892,40.62,0.0,14.765,60.56,550.498,241.561,130.931,47.864,308.937,128.86,4.07,524.46,-0.3295,0.441,0.8686
SHOE,Shoe Station Group Inc,Consumer Discretionary,255040,NASDAQ,SC,1993-03-16,2026-01-31,5.0,1135.324,688.774,348.392,0.0,98.158,66.758,0.373,52.269,16.815,44.716,71.3,1201.743,512.077,371.425,130.727,689.666,27.374,19.06,521.748,-0.4762,0.535,1.224
VNDA,Vanda Pharmaceuticals Inc,Health Care,352010,NASDAQ,DC,2006-04-12,2025-12-31,0.533,216.105,11.941,347.222,109.271,-143.058,-151.168,,-220.474,0.0,0.998,-109.442,488.948,161.762,12.622,263.95,327.186,59.102,8.82,521.28,0.8413,0.591,0.5311
BETR,Better Home & Finance Hlg Co,Financials,402010,NASDAQ,NY,2021-03-04,2025-12-31,1.329,207.716,321.749,,27.874,-114.033,-128.102,21.848,-165.872,0.0,1.193,-164.229,1505.434,1468.251,615.293,220.222,37.183,15.997,32.58,521.182,2.6525,1.174,1.2872
RGR,Sturm Ruger & Co Inc,Consumer Discretionary,252020,NYSE,CT,,2025-12-31,1.78,553.158,425.033,89.063,8.4,39.062,16.191,0.094,-4.391,10.173,15.846,54.308,341.997,58.237,1.805,92.533,283.76,15.944,32.65,520.572,-0.0613,0.392,0.3653
GOOD,Gladstone Commercial Corp,Real Estate,601010,NASDAQ,VA,,2025-12-31,0.0,161.336,94.768,6.621,0.0,,59.947,41.914,19.286,,0.0,88.151,1246.933,905.0,850.246,21.927,171.769,48.786,10.67,520.547,-0.2811,0.209,0.4798
USBC,Usbc Inc,Health Care,351010,NYSE American,NV,,2025-09-30,0.024,0.0,0.0,18.015,1.753,-18.015,-18.046,2.834,-22.123,0.0,0.0,-7.596,125.079,27.96,0.342,8.822,97.119,388.144,1.34,520.113,-0.8968,2.824,1.3617
FTK,Flotek Industries Inc,Materials,151010,NYSE,TX,,2025-12-31,0.16,237.262,177.556,29.868,1.822,29.838,28.002,3.937,30.528,0.0,1.984,7.204,220.049,106.991,50.152,5.835,113.058,30.13,17.23,519.14,0.808,0.815,1.7345
BHB,Bar Harbor Bankshares,Financials,401010,NYSE American,ME,1997-09-23,2025-12-31,0.53,243.718,80.313,75.064,,88.341,82.524,,36.919,20.404,4.811,48.276,4683.891,4151.35,279.633,80.837,532.541,16.702,31.05,518.597,0.0572,0.306,0.7486
NPCE,Neuropace Inc,Health Care,351010,NASDAQ,CA,2021-04-22,2025-12-31,0.209,99.986,22.528,93.558,27.888,-16.1,-16.338,7.457,-21.465,0.0,0.332,-11.006,105.565,86.534,70.837,61.058,19.031,33.575,15.44,518.398,0.3798,0.748,1.0492
ANGI,Angi Inc,Communication Services,502030,NASDAQ,CO,2017-10-02,2025-12-31,2.3,1030.535,47.436,857.785,87.361,125.314,79.995,20.469,43.832,0.0,59.6,105.073,1680.368,753.002,535.295,303.701,927.366,40.062,12.93,518.002,-0.2211,0.623,1.1537
MGPI,Mgp Ingredients Inc,Consumer Staples,302010,NASDAQ,KS,1988-10-20,2025-12-31,0.617,536.375,312.88,112.321,,111.174,87.088,9.638,-107.809,10.384,45.488,121.528,1235.864,519.074,266.611,18.46,718.432,21.294,24.3,517.444,-0.3725,0.376,0.5967
VREX,Varex Imaging Corp,Health Care,351010,NASDAQ,UT,,2025-09-30,2.4,844.6,528.6,221.0,91.1,95.0,67.8,35.5,-70.3,0.0,22.9,41.7,1107.4,620.8,401.9,155.1,472.6,41.69,12.4,516.956,-0.2015,0.649,1.8785
AROW,Arrow Financial Corp,Financials,401010,NASDAQ,NY,,2025-12-31,0.578,242.579,84.257,64.051,,94.271,88.853,,43.953,18.897,5.089,41.28,4445.862,4014.01,33.586,214.183,431.852,16.445,31.4,516.373,0.1394,0.289,0.6914
UNTY,Unity Bancorp Inc,Financials,401010,NASDAQ,NJ,1997-01-20,2025-12-31,0.245,188.407,60.536,38.817,,89.054,86.247,,57.951,5.609,0.564,44.906,2966.652,2621.021,271.085,216.519,345.631,9.982,51.72,516.269,0.2006,0.327,0.7443
PRTA,Prothena Corporation Plc,Health Care,352010,NASDAQ,,,2025-12-31,0.067,9.684,193.349,,134.852,-183.665,-184.56,0.0,-244.092,0.0,0.138,-163.58,326.804,46.33,8.373,307.531,280.474,53.833,9.55,514.105,-0.3105,0.629,0.538
FFIC,Flushing Financial Corp,Financials,401010,NASDAQ,NY,1995-11-21,2025-12-31,0.58,489.629,263.485,112.974,,113.17,107.481,,18.88,30.29,5.221,61.02,8693.302,7985.327,538.495,126.076,707.975,33.778,15.17,512.412,0.1334,0.341,0.8713
VPG,Vishay Precision Group Inc,Information Technology,452030,NYSE,PA,,2025-12-31,2.1,307.202,171.63,109.637,20.8,25.935,10.014,1.937,5.293,0.0,8.031,14.382,455.889,119.662,44.477,87.366,336.371,13.279,38.5,511.242,0.6404,0.606,1.8003
KLC,Kindercare Learng Compni Inc,Consumer Discretionary,253020,NYSE,OR,2024-10-09,2025-12-31,43.7,2733.323,2158.893,295.132,,279.298,155.331,78.541,-112.88,0.0,128.271,238.535,3747.89,2992.628,2525.426,133.205,755.262,118.34,4.32,511.229,-0.7573,0.618,1.1581
FFWM,First Foundation Inc,Financials,401010,NYSE,TX,2014-11-03,2025-12-31,0.57,588.363,417.892,131.347,,39.124,31.478,,-155.157,0.0,3.316,-31.905,11904.077,10991.49,1628.322,1624.87,825.79,82.884,6.16,510.565,-0.0081,0.423,0.8807
ZVRA,Zevra Therapeutics Inc,Health Care,352020,NASDAQ,MA,2015-04-16,2025-12-31,0.061,106.47,4.801,90.159,12.743,11.51,7.448,7.977,83.229,0.0,0.835,-1.598,284.731,130.074,63.206,191.011,154.657,56.855,8.96,509.421,0.0743,0.569,0.6527
KRO,Kronos Worldwide Inc,Materials,151010,NYSE,TX,,2025-12-31,2.263,1859.4,1582.0,252.2,16.0,25.2,-35.3,54.2,-110.9,23.0,42.9,2.5,1816.8,1065.7,577.3,37.0,751.1,115.0,4.42,508.3,-0.5314,0.477,1.2628
VLGEA,Village Super Market  -Cl A,Consumer Staples,301010,NASDAQ,NJ,,2025-07-31,7.2,2320.69,1657.724,558.745,0.0,104.221,69.823,3.751,56.38,13.308,58.765,93.222,1003.711,511.747,341.018,110.699,491.964,14.755,34.4,507.572,0.1493,0.289,0.1991
NAGE,Niagen Bioscience Inc,Consumer Staples,303020,NASDAQ,CA,,2025-12-31,0.117,129.423,45.449,70.13,6.33,13.844,13.059,,17.382,0.0,0.292,13.504,106.406,29.873,2.817,64.788,76.533,79.714,6.36,506.981,0.1989,0.777,1.5789
VOR,Vor Biopharma Inc,Health Care,352010,NASDAQ,MA,2021-02-05,2025-12-31,0.076,0.0,0.0,116.457,321.532,-116.457,-119.344,0.0,-695.981,0.0,0.941,-142.713,464.126,628.438,3.0,455.208,-164.312,38.72,13.08,506.458,-0.4108,1.891,1.3121
TCI,Transcontinental Rlty Invs,Real Estate,602010,NYSE,TX,,2025-12-31,0.0,66.183,49.574,5.83,0.0,10.779,10.779,6.669,13.803,0.0,0.0,-2.886,1132.52,266.359,210.825,104.268,846.732,8.639,58.62,506.418,0.9665,0.441,0.5765
RBBN,Ribbon Communications Inc,Information Technology,452010,NASDAQ,TX,2000-05-25,2025-12-31,3.08,844.556,386.778,371.147,178.872,86.631,25.71,44.924,39.636,0.0,25.342,51.398,1212.255,763.261,405.133,98.131,448.994,175.776,2.88,506.235,-0.3077,0.522,1.5111
CMCL,Caledonia Mining Corp Plc,Materials,151040,NYSE American,,,2025-12-31,2.357,267.663,115.11,21.655,,130.898,114.946,3.259,55.219,10.809,36.083,76.233,411.895,128.349,32.598,40.738,258.997,19.305,26.17,505.212,1.8681,0.605,0.3485
MOV,Movado Group Inc,Consumer Discretionary,252030,NYSE,NJ,1993-09-30,2026-01-31,1.386,671.31,298.291,328.756,,44.263,34.847,0.507,26.552,31.052,4.512,57.921,742.621,232.361,78.666,230.975,508.842,22.077,22.8,503.356,0.1376,0.393,0.9575
ARKO,Arko Corp,Consumer Discretionary,255040,NASDAQ,VA,,2025-12-31,9.748,6545.247,6149.744,165.711,0.0,229.792,92.812,90.326,22.744,13.622,127.286,192.585,3534.812,3167.573,2577.338,330.179,267.239,110.861,4.54,503.309,-0.2925,0.631,1.208
FMNB,Farmers Natl Banc Corp/Oh,Financials,401010,NASDAQ,OH,,2025-12-31,0.706,279.922,98.417,79.36,,102.145,95.368,,54.586,25.563,7.861,60.042,5245.87,4760.145,375.956,92.357,485.725,37.653,13.32,501.538,-0.0161,0.269,0.6156
LENZ,Lenz Therapeutics Inc,Health Care,352020,NASDAQ,CA,2021-06-25,2025-12-31,0.152,19.088,0.131,109.808,18.67,-90.851,-91.138,0.0,-82.127,0.0,0.827,-69.17,305.876,21.537,0.815,292.347,284.339,31.345,16.0,501.52,-0.4458,0.78,1.5421
ACNB,Acnb Corp,Financials,401010,NASDAQ,PA,,2025-12-31,0.537,191.536,44.852,67.433,,79.251,72.514,,37.051,14.382,1.076,53.643,3228.126,2808.152,324.567,65.648,419.974,10.372,48.35,501.486,0.2525,0.258,0.532
TWI,Titan International Inc,Industrials,201060,NYSE,IL,1993-05-19,2025-12-31,8.2,1828.443,1513.483,232.698,18.321,82.262,20.762,38.708,-63.494,0.0,54.62,30.029,1672.66,1151.043,714.335,202.879,514.38,63.951,7.83,500.736,0.1532,0.573,1.547
INNV,Innovage Hold Corp,Health Care,351020,NASDAQ,CO,2021-03-04,2025-06-30,2.44,853.699,268.908,557.66,,27.131,7.621,6.012,-30.313,0.0,6.263,31.812,526.851,263.943,101.083,105.915,234.968,135.44,3.69,499.774,0.3206,0.76,0.9858
BVS,Bioventus Inc,Health Care,351010,NASDAQ,NC,2021-02-11,2025-12-31,0.93,568.087,138.679,326.055,12.113,103.353,56.342,26.486,22.732,0.0,2.562,74.673,683.559,455.112,311.346,51.238,184.089,67.098,7.44,499.209,-0.2914,0.574,0.9285
FEIM,Frequency Electronics Inc,Information Technology,452030,NASDAQ,NY,,2026-04-30,0.242,63.227,42.943,21.397,5.994,-1.113,-3.001,0.087,-0.903,0.0,2.859,1.282,90.706,34.303,7.65,1.603,56.403,9.869,50.16,495.029,1.9071,0.751,1.1773
BIOA,Bioage Labs Inc,Health Care,352020,NASDAQ,CA,2024-09-26,2025-12-31,0.062,8.995,101.562,,73.966,-92.567,-92.78,0.697,-80.605,0.0,0.719,-81.627,294.889,22.838,5.56,281.098,272.051,37.387,13.23,494.63,1.2849,0.656,0.6694
LAB,Standard Biotools Inc,Health Care,352030,NASDAQ,MA,2011-02-10,2025-12-31,0.389,85.331,41.236,130.42,25.987,-86.325,-93.305,0.026,-74.896,0.0,8.303,-74.343,567.754,143.463,30.827,187.575,424.291,386.381,1.28,494.568,-0.2686,0.75,1.5146
HLLY,Holley Inc,Consumer Discretionary,251010,NYSE,TN,,2025-12-31,1.483,613.514,337.578,164.963,18.831,110.973,87.494,51.833,19.175,0.0,12.321,46.22,1163.953,715.028,557.176,37.231,448.925,119.671,4.13,494.241,0.3676,0.783,0.8764
GLRE,Greenlight Capital Re Ltd,Financials,403010,NASDAQ,,2007-05-24,2025-12-31,0.084,685.18,625.072,21.607,,38.501,38.501,4.366,74.832,0.0,0.0,210.212,2169.783,1461.806,7.402,643.732,707.977,33.898,14.58,494.233,0.0414,0.234,0.4296
GTN,Gray Media Inc,Communication Services,502010,NYSE,GA,,2025-12-31,9.582,3095.0,2334.0,113.0,,648.0,411.0,477.0,-85.0,33.0,108.0,289.0,10440.0,7635.0,5813.0,368.0,2155.0,102.003,4.84,493.695,0.6457,0.659,1.3186
LYTS,Lsi Industries Inc,Industrials,201040,NASDAQ,OH,,2025-06-30,2.0,573.377,424.666,99.02,3.3,49.691,37.116,3.129,24.383,5.97,3.465,38.118,396.362,165.64,66.641,3.457,230.722,29.003,17.01,493.341,-0.0466,0.463,1.1192
SB,Safe Bulkers Inc,Industrials,203030,NYSE,,2008-05-29,2025-12-31,0.0,288.131,133.029,29.853,0.0,125.249,65.371,34.229,38.563,20.61,41.992,102.292,1403.182,572.475,540.143,157.959,830.667,102.259,4.82,492.888,0.4162,0.342,0.7569
HIVE,Hive Digital Technologie Ltd,Information Technology,451030,NASDAQ,TX,,2026-03-31,0.029,297.791,189.894,56.849,,51.048,-119.377,1.326,-148.448,0.0,169.883,62.337,639.146,109.787,71.066,32.854,529.359,259.348,1.9,492.761,-0.0947,0.856,2.0732
HCKT,Hackett Group Inc,Information Technology,451020,NASDAQ,FL,1998-05-28,2025-12-31,1.503,305.626,185.372,84.94,,35.314,30.134,1.716,12.943,12.891,7.867,40.304,206.447,138.347,78.3,18.197,68.1,25.092,19.63,492.556,-0.3472,0.277,0.5927
LAW,Cs Disco Inc,Information Technology,451030,NYSE,TX,2021-07-21,2025-12-31,0.577,156.849,35.767,165.548,56.596,-44.466,-48.124,,-44.372,0.0,3.053,-14.936,173.639,45.532,6.971,114.597,128.107,63.264,7.76,490.929,0.5551,0.484,0.9078
PGC,Peapack-Gladstone Finan Corp,Financials,401010,NASDAQ,NJ,,2025-12-31,0.682,443.735,185.133,172.105,,86.497,81.295,,37.326,3.521,14.317,43.132,7526.409,6868.203,216.777,187.82,658.206,17.558,27.85,488.99,-0.1248,0.349,0.9789
MLAB,Mesa Laboratories Inc,Health Care,352030,NASDAQ,CO,,2026-03-31,0.717,249.13,84.944,114.836,20.308,49.35,26.079,10.692,6.712,3.523,3.25,42.831,427.747,241.502,168.831,26.928,186.245,5.525,88.42,488.52,-0.4005,0.585,1.4724
PFIS,Peoples Financial Services,Financials,401010,NASDAQ,PA,,2025-12-31,0.583,281.498,93.833,83.789,,103.876,94.062,,59.187,24.642,10.934,54.275,5270.578,4750.731,276.839,268.984,519.847,9.995,48.71,486.856,0.0002,0.306,0.8491
BWB,Bridgewater Bancshares,Financials,401010,NASDAQ,MN,2018-03-14,2025-12-31,0.322,292.763,155.46,52.342,,84.961,81.572,,46.088,0.0,5.847,27.812,5407.002,4889.907,508.177,123.511,450.581,27.76,17.53,486.633,0.2976,0.309,0.772
GEVO,Gevo Inc,Energy,101020,NASDAQ,CO,2011-02-09,2025-12-31,0.151,160.58,86.717,67.405,4.55,6.458,-18.865,17.56,-33.836,0.0,30.113,-13.401,718.929,247.76,167.522,109.933,466.337,242.464,2.0,484.928,-0.0431,0.928,1.4566
BAND,Bandwidth Inc,Communication Services,501010,NASDAQ,NC,2017-11-10,2025-12-31,1.1,753.817,429.951,284.471,132.517,39.395,-14.369,2.421,-12.912,0.0,32.941,89.491,1052.627,652.654,480.155,111.636,399.973,31.344,15.45,484.265,-0.0922,0.491,1.2829
DNA,Ginkgo Bioworks Holdings Inc,Health Care,352030,NYSE,MA,,2025-12-31,0.485,170.155,419.277,,243.773,-249.122,-308.112,0.0,-312.763,0.0,7.665,-171.059,1119.696,611.106,439.885,429.651,508.59,58.207,8.31,483.7,-0.1538,1.015,1.981
BXC,Bluelinx Holdings Inc,Industrials,201070,NYSE,GA,2004-12-14,2025-12-31,2.16,2954.007,2502.379,381.109,0.0,70.519,30.614,49.68,0.219,0.0,26.933,59.784,1549.279,931.964,673.983,385.843,617.315,7.866,61.43,483.208,-0.3987,0.479,1.1196
MNRO,Monro Inc,Consumer Discretionary,255040,NASDAQ,NY,1991-07-29,2026-03-31,6.44,1157.176,690.241,362.471,0.0,104.464,42.79,17.233,2.173,33.606,31.657,70.438,1567.977,976.504,485.902,14.633,591.444,30.02,16.04,481.521,-0.1391,0.648,0.7096
UMAC,Unusual Machines Inc,Information Technology,452030,NYSE American,FL,2024-02-14,2025-12-31,0.141,11.199,7.292,28.918,0.203,-25.011,-25.152,0.001,-19.194,0.0,2.062,-21.178,182.708,7.769,2.63,142.475,174.939,37.76,12.74,481.062,-0.2426,1.263,2.7228
OSPN,Onespan Inc,Information Technology,451030,NASDAQ,MA,1998-03-23,2025-12-31,0.602,243.18,55.808,125.699,34.156,61.673,51.603,,72.904,14.339,8.959,59.454,397.702,125.859,8.401,70.499,271.843,37.361,12.84,479.715,-0.2852,0.461,1.0599
ALTI,Alti Global Inc,Financials,402030,NASDAQ,NY,2021-02-24,2025-12-31,0.49,254.956,203.607,86.146,,-34.797,-53.243,0.347,-119.699,0.0,0.806,-51.011,1176.448,301.659,63.258,41.158,254.268,103.33,4.64,479.451,0.0522,0.53,0.4862
ANGO,Angiodynamics Inc,Health Care,351010,NASDAQ,NY,2004-05-27,2026-05-31,0.632,320.174,133.009,188.551,29.447,-1.386,-24.341,0.299,-36.742,0.0,5.949,3.089,267.163,96.338,10.956,53.864,170.825,41.7,11.48,478.716,0.4017,0.595,1.021
CYRX,Cryoport Inc,Health Care,352030,NASDAQ,TN,,2025-12-31,0.738,176.177,78.111,111.621,17.041,-13.555,-41.267,2.361,78.301,0.0,16.439,-8.58,764.989,262.351,230.718,411.208,460.363,49.851,9.6,478.57,0.2339,0.994,1.5511
ALLT,Allot Ltd,Information Technology,451030,NASDAQ,,2006-11-16,2025-12-31,0.375,101.993,25.164,68.948,25.897,7.881,3.604,0.073,3.705,0.0,2.293,17.791,172.699,59.349,5.74,84.443,113.35,48.645,9.83,478.18,0.6521,0.733,1.6896
NFBK,Northfield Bancorp Inc,Financials,401010,NASDAQ,NJ,2007-11-08,2025-12-31,0.374,266.046,119.132,66.07,,80.844,77.6,,0.796,21.152,1.15,53.698,5754.01,5063.951,991.524,163.951,690.059,41.801,11.43,477.785,0.031,0.325,0.8347
AVNS,Avanos Medical Inc,Health Care,351010,NYSE,GA,,2025-12-31,2.287,701.2,298.6,317.5,23.3,85.1,46.2,8.5,-72.9,0.0,31.6,74.7,1073.7,295.5,129.1,89.8,778.2,42.519,11.23,477.488,-0.2946,0.373,0.7596
CLFD,Clearfield Inc,Information Technology,452010,NASDAQ,MN,,2025-09-30,0.243,150.134,93.483,48.419,2.422,8.232,2.118,0.0,-8.05,0.0,4.743,29.45,306.173,50.01,8.757,105.977,256.163,13.84,34.38,475.819,-0.0597,0.493,1.278
MCS,Marcus Corp,Communication Services,502020,NYSE,WI,,2025-12-31,8.39,758.458,548.07,118.655,,91.733,21.683,12.016,12.691,9.158,83.211,84.2,1014.532,557.154,335.482,26.582,457.378,30.64,15.51,475.226,-0.266,0.369,0.8792
CLMB,Climb Global Solutions Inc,Information Technology,452030,NASDAQ,NJ,1995-07-18,2025-12-31,0.412,652.517,547.247,67.55,0.0,37.72,29.992,0.293,21.33,3.078,1.995,16.604,460.233,343.654,2.198,36.563,116.579,4.611,102.79,473.965,-0.1841,0.453,0.9412
UP,Wheels Up Experience Inc,Industrials,203020,NYSE,GA,,2025-12-31,1.25,736.495,659.445,250.567,38.762,-173.517,-234.688,90.47,-294.217,0.0,105.098,-166.295,968.814,1360.915,473.355,133.926,-392.101,722.018,0.656,473.86,-0.6022,1.166,1.5078
LWLG,Lightwave Logic Inc,Information Technology,452030,NASDAQ,CO,,2025-12-31,0.034,0.237,19.096,,11.49,-18.859,-20.762,0.0,-20.314,0.0,1.332,-13.75,79.185,4.539,2.598,69.017,74.646,146.051,3.24,473.205,0.5429,1.119,1.3197
MRVI,Maravai Lifesciens Hldgs Inc,Health Care,352030,NASDAQ,CA,2020-11-20,2025-12-31,0.435,185.743,100.044,156.12,17.402,-70.421,-121.93,26.992,-130.773,0.0,13.149,-57.573,770.577,397.866,364.708,216.89,211.272,145.324,3.25,472.303,-0.4037,0.804,1.3667
ITIC,Investors Title Co,Financials,403010,NASDAQ,NC,,2025-12-31,0.574,272.755,223.765,,,48.99,44.569,0.02,35.18,19.932,5.556,30.939,363.138,94.838,8.05,117.815,268.3,1.888,249.64,471.32,0.0977,0.33,0.8358
RRBI,Red River Bancshares Inc,Financials,401010,NASDAQ,LA,2019-05-03,2025-12-31,0.375,169.85,46.629,48.847,,74.374,70.828,,42.764,3.587,2.579,44.79,3350.91,2985.76,1.544,213.392,365.15,6.577,71.43,469.795,0.335,0.28,0.745
LDI,Loandepot Inc,Financials,402010,NYSE,CA,2021-02-11,2025-12-31,4.7,1338.266,1102.013,,,236.253,210.032,323.738,-62.646,0.0,27.1,-707.51,6857.936,6471.926,6111.858,486.662,234.406,226.625,2.07,469.114,0.0147,0.905,0.551
EHAB,Enhabit Inc,Health Care,351020,NYSE,TX,,2025-12-31,10.8,1060.0,540.2,425.9,0.0,93.9,71.4,34.0,-4.6,0.0,4.9,70.7,1167.1,603.0,500.0,45.5,534.0,50.723,9.22,467.666,0.1805,0.457,0.6609
CHCT,Community Healthcare Trust,Real Estate,601050,NYSE,TN,2015-05-21,2025-12-31,0.035,121.229,66.959,27.711,0.0,,26.559,27.188,5.102,53.669,0.0,56.43,990.757,561.37,536.195,3.34,429.387,28.471,16.42,467.494,-0.0378,0.28,0.4134
CDZI,Cadiz Inc,Utilities,551040,NASDAQ,CA,,2025-12-31,0.031,16.313,11.163,29.484,,-24.334,-25.598,9.255,-34.151,0.0,7.576,-18.93,140.914,117.658,104.209,8.599,23.254,83.214,5.61,466.831,0.0788,0.634,1.1701
KE,Kimball Electronics Inc,Information Technology,452030,NASDAQ,IN,,2025-06-30,5.7,1486.727,1345.624,49.975,17.5,91.128,54.134,18.178,16.984,0.0,33.276,183.937,1077.312,507.428,158.956,89.967,569.884,24.219,19.23,465.731,0.4853,0.483,1.1908
LEGH,Legacy Housing Corp,Consumer Discretionary,252010,NASDAQ,TX,2018-12-14,2025-12-31,0.592,164.567,84.79,29.441,,50.336,48.574,0.028,41.809,0.0,9.001,37.152,580.337,51.723,2.539,8.478,528.614,23.812,19.52,464.81,-0.2091,0.329,0.4547
ASIX,Advansix Inc,Materials,151010,NYSE,NJ,,2025-12-31,1.41,1522.233,1305.916,104.75,8.7,111.567,34.19,15.264,49.286,17.176,116.445,122.863,1706.148,890.932,382.694,19.766,815.216,26.864,17.3,464.747,-0.3726,0.424,1.1151
EU,Encore Energy Corp,Energy,101020,NASDAQ,TX,,2025-12-31,0.168,43.155,28.572,70.077,,-55.494,-65.766,3.392,-56.856,0.0,31.592,-24.992,430.422,172.042,113.249,95.994,229.245,187.354,2.48,464.638,-0.2727,0.944,1.5438
NUS,Nu Skin Enterprises  -Cl A,Consumer Staples,303020,NYSE,UT,1996-11-21,2025-12-31,8.6,1485.159,400.632,940.521,10.8,144.006,90.877,9.004,160.204,11.834,34.277,80.286,1405.313,600.073,306.613,239.841,805.24,48.2,9.62,463.684,0.4326,0.628,1.0153
BMBL,Bumble Inc,Communication Services,502030,NASDAQ,TX,2021-02-11,2025-12-31,0.58,965.658,280.169,405.386,121.513,280.103,254.247,47.597,-693.138,0.0,11.682,250.366,1425.078,743.969,599.406,175.76,569.993,129.613,3.57,462.718,-0.5614,0.763,1.3941
CBNK,Capital Bancorp Inc,Financials,401010,NASDAQ,MD,2018-09-26,2025-12-31,0.459,310.058,80.032,83.561,,146.465,143.995,,57.17,7.296,2.374,69.721,3606.207,3204.45,56.634,255.565,401.757,16.373,28.17,461.227,0.0026,0.276,0.629
CIVB,Civista Bancshares Inc,Financials,401010,NASDAQ,OH,,2025-12-31,0.526,254.952,85.779,72.775,,96.398,86.519,,46.212,11.836,1.158,43.273,4336.453,3792.979,286.566,78.485,543.474,20.747,22.22,460.998,0.0907,0.322,0.6139
CLNE,Clean Energy Fuels Corp,Energy,101020,NASDAQ,CA,2007-05-25,2025-12-31,0.503,424.833,309.532,111.838,,3.463,-39.495,27.882,-222.024,0.0,59.884,85.529,1056.716,491.649,325.628,158.308,559.421,219.332,2.1,460.597,-0.1633,0.713,1.5675
YORW,York Water Co,Utilities,551040,NASDAQ,PA,,2025-12-31,0.129,77.488,22.667,12.875,,41.946,27.705,10.262,20.058,12.766,48.725,29.86,680.888,440.541,232.23,0.001,240.347,14.447,31.84,459.992,0.0008,0.23,-0.0958
DHIL,Diamond Hill Investment Grp,Financials,402030,NASDAQ,OH,1995-10-10,2025-12-31,0.12,167.361,126.538,,,40.823,39.636,0.0,48.762,27.186,2.435,-6.618,260.404,83.974,6.398,42.423,176.425,2.706,169.5,458.667,0.1786,0.507,0.6946
ETON,Eton Pharmaceuticals,Health Care,352020,NASDAQ,IL,2018-11-13,2025-12-31,0.044,79.95,28.113,42.627,7.765,9.21,5.166,4.781,-4.601,0.0,0.333,10.524,92.114,65.96,31.083,25.942,26.154,27.047,16.91,457.365,0.2695,0.604,0.9805
PACK,Ranpak Holdings Corp,Materials,151030,NYSE,OH,2018-01-18,2025-12-31,0.8,395.0,233.6,119.0,4.1,42.4,-24.3,34.3,-38.3,0.0,30.3,23.1,1124.9,590.0,430.0,63.0,534.9,84.386,5.41,456.528,-0.2137,0.883,1.9075
IMXI,International Money Expr Inc,Financials,402010,NASDAQ,FL,,2025-12-31,1.27,520.616,522.55,,,-1.934,-19.095,11.836,32.671,0.0,21.074,36.887,517.691,356.637,216.515,168.682,161.054,29.719,15.36,456.484,-0.2626,0.718,0.6178
HBCP,Home Bancorp Inc,Financials,401010,NASDAQ,LA,2008-10-03,2025-12-31,0.494,209.233,61.652,63.503,,84.078,80.767,,46.062,8.988,10.166,54.508,3492.626,3057.532,67.281,141.605,435.094,7.831,57.8,452.632,0.2788,0.297,0.773
FBIZ,First Business Finl Srv Inc,Financials,401010,NASDAQ,WI,,2025-12-31,0.371,279.247,119.275,71.558,,88.414,88.414,,50.319,9.686,0.595,61.696,4081.887,3710.302,259.412,39.485,359.593,8.325,54.3,452.047,0.2009,0.293,0.7613
KRT,Karat Packaging Inc,Industrials,201070,NASDAQ,CA,2021-04-15,2025-12-31,0.696,467.743,289.333,126.624,,51.786,40.921,2.055,31.478,36.1,0.756,33.815,287.686,130.816,79.859,37.88,149.417,19.962,22.57,450.542,-0.2018,0.356,0.7161
STKL,Sunopta Inc,Consumer Staples,302020,NASDAQ,MN,,2025-12-31,1.331,817.715,667.662,65.205,,84.848,45.314,24.208,15.768,0.0,28.429,49.661,694.659,508.639,372.151,0.169,170.797,118.252,3.8,449.358,-0.5065,0.627,1.179
PEPG,Pepgen Inc,Health Care,352010,NASDAQ,MA,2022-05-06,2025-12-31,0.056,0.0,0.0,91.514,71.043,-91.514,-92.911,0.0,-89.655,0.0,0.264,-81.635,173.907,26.463,17.004,148.456,147.444,68.875,6.51,448.376,0.7177,1.941,1.2296
MSBI,Midland States Bancorp Inc,Financials,401010,NASDAQ,IL,2016-05-24,2025-12-31,0.861,476.047,210.912,121.623,,143.512,133.13,,-124.281,27.679,5.346,125.679,6513.42,5947.921,441.366,127.811,454.951,21.17,21.17,448.169,-0.0686,0.407,0.6993
PANL,Pangaea Logistics Solutions,Industrials,203030,NASDAQ,RI,,2025-12-31,0.17,632.041,520.551,31.071,,80.419,37.944,25.532,19.369,16.327,6.487,53.726,928.096,453.36,372.208,103.626,429.333,64.974,6.88,447.021,0.3458,0.468,1.0948
EB,Eventbrite Inc,Communication Services,502020,NYSE,CA,2018-09-20,2025-12-31,0.636,291.843,85.651,214.912,72.577,-8.72,-22.627,5.508,-10.515,0.0,3.959,17.725,647.22,468.079,144.807,407.509,179.141,100.43,4.45,446.914,0.3244,0.978,0.8545
XRN,Chiron Real Estate Inc,Real Estate,601050,NYSE,MD,,2025-12-31,0.03,148.058,89.659,18.884,0.0,39.515,24.498,31.754,-5.836,44.113,0.0,73.61,1242.465,712.4,667.29,12.445,385.664,13.235,33.74,446.549,-0.0407,0.325,0.5886
EVH,Evolent Health Inc,Health Care,351030,NYSE,VA,2015-06-05,2025-12-31,4.2,1876.229,1476.346,298.614,,101.269,-14.582,57.471,-534.51,0.0,34.088,38.843,1899.236,1484.042,989.698,177.99,415.194,111.632,4.0,446.528,-0.6444,0.672,0.5976
PRTH,Priority Technlgy Hldngs Inc,Financials,402010,NASDAQ,GA,,2025-12-31,1.2,953.009,688.502,61.449,,203.058,142.275,87.962,55.681,0.0,24.926,100.005,2398.804,2491.176,1046.462,93.649,-100.415,81.907,5.45,446.393,-0.5362,0.71,1.6419
MITK,Mitek Systems Inc,Information Technology,451030,NASDAQ,CA,,2025-09-30,0.595,179.691,25.471,117.583,35.284,36.637,21.179,9.779,8.796,0.0,1.155,55.34,459.109,218.851,159.486,193.011,240.258,45.637,9.77,445.873,-0.0521,0.382,0.9753
KIDS,Orthopediatrics Corp,Health Care,351010,NASDAQ,IN,2017-10-12,2025-12-31,0.602,236.348,63.687,181.473,9.102,-8.812,-28.999,5.996,-39.648,0.0,11.11,-4.851,508.63,162.034,117.074,62.915,346.596,25.094,17.76,445.669,-0.2338,0.462,1.0386
SLDB,Solid Biosciences Inc,Health Care,352010,NASDAQ,MA,2018-01-26,2025-12-31,0.121,0.0,0.0,177.57,140.325,-177.57,-179.206,,-174.325,0.0,1.153,-156.289,232.54,52.53,21.161,189.072,180.01,78.968,5.64,445.38,0.41,1.022,1.5426
ADCT,Adc Therapeutics Sa,Health Care,352010,NYSE,,2020-05-15,2025-12-31,0.193,81.357,5.798,183.233,104.005,-107.674,-108.379,51.633,-142.623,0.0,0.264,-141.174,323.15,508.984,450.603,261.338,-185.834,125.749,3.53,443.894,0.7739,0.899,1.4817
COFS,Choiceone Financial Services,Financials,401010,NASDAQ,MI,,2025-12-31,0.598,227.624,80.701,62.051,,84.872,65.002,,28.176,16.949,6.627,31.814,4410.551,3945.198,313.248,87.988,465.353,15.001,29.52,442.83,-0.1397,0.285,0.6936
SBC,Sbc Medical Group Hldngs Inc,Health Care,351020,NASDAQ,CA,2022-08-05,2025-12-31,0.863,173.607,43.743,59.797,,70.067,67.487,0.161,50.986,0.0,2.37,24.668,380.448,117.143,51.636,164.093,248.282,102.577,4.31,442.107,-0.2248,0.771,0.2356
FUFU,Bitfufu Inc,Information Technology,451030,NASDAQ,,2021-11-18,2025-12-31,0.029,477.532,420.64,16.376,2.543,40.516,12.557,8.562,-31.252,0.0,9.057,-112.929,357.58,207.976,109.812,27.761,144.101,166.614,2.64,439.861,-0.4667,0.713,1.0188
SIGA,Siga Technologies Inc,Health Care,352020,NASDAQ,NY,1997-09-09,2025-12-31,0.049,94.575,29.704,40.606,19.956,24.265,23.702,0.0,23.279,43.512,0.355,43.471,219.467,20.645,0.759,154.966,198.822,71.611,6.11,437.543,0.1225,0.496,0.6264
MNPR,Monopar Therapeutics Inc,Health Care,352010,NASDAQ,IL,2019-12-19,2025-12-31,0.022,0.0,0.0,16.704,9.904,-16.704,-16.704,0.0,-13.717,0.0,0.0,-12.201,140.718,2.89,0.246,140.399,137.828,6.692,65.3,436.988,1.9682,1.043,1.5566
EXOD,Exodus Movement Inc,Information Technology,451030,NYSE American,NE,,2025-12-31,0.215,121.551,59.177,57.983,,4.391,0.638,0.57,-11.353,0.0,0.267,-25.561,266.762,19.352,0.0,4.938,247.41,29.544,14.79,436.956,-0.5179,1.346,1.6048
OWLT,Owlet Inc,Health Care,351010,NYSE,UT,,2025-12-31,0.114,105.708,51.789,60.984,14.076,-7.065,-7.586,3.418,-39.678,0.0,0.273,-10.792,85.631,50.176,13.117,41.011,19.042,26.945,16.19,436.24,2.6382,0.782,1.0888
DRTS,Alpha Tau Medical Ltd,Health Care,351010,NASDAQ,,2021-01-15,2025-12-31,0.13,0.0,0.0,41.056,32.065,-41.056,-42.288,0.419,-42.627,0.0,6.075,-26.681,105.652,28.553,13.726,73.126,77.099,88.01,4.95,435.65,0.5968,0.59,0.611
FRPH,Frp Holdings Inc,Real Estate,602010,NASDAQ,FL,,2025-12-31,0.025,42.846,11.841,10.531,,20.474,9.533,5.781,3.33,0.0,51.137,29.677,735.145,279.488,192.554,105.361,428.513,19.11,22.79,435.517,-0.256,0.259,0.5074
CARE,Carter Bankshares Inc,Financials,401010,NASDAQ,VA,,2025-12-31,0.687,252.744,97.571,75.363,,79.81,71.951,,31.362,0.0,8.055,39.862,4851.922,4432.225,189.427,105.163,419.697,22.083,19.66,434.152,0.1177,0.275,0.7519
KOS,Kosmos Energy Ltd,Energy,101020,NYSE,TX,2011-05-11,2025-12-31,0.216,1288.352,1088.617,97.584,,102.151,-454.623,270.34,-699.786,0.0,314.408,134.012,4696.626,4168.036,3064.974,91.518,528.59,478.327,0.907,434.034,-0.7347,0.767,1.6779
BSRR,Sierra Bancorp/Ca,Financials,401010,NASDAQ,CA,1994-11-02,2025-12-31,0.469,201.977,52.797,63.592,,85.588,82.938,,42.327,13.734,1.532,33.705,3829.279,3464.416,542.122,135.628,364.863,13.274,32.68,433.794,0.1704,0.31,0.8231
PSTL,Postal Realty Trust Inc,Real Estate,601040,NYSE,NY,2019-05-15,2025-12-31,0.042,95.83,45.427,17.192,0.0,,33.211,16.108,14.149,23.962,0.0,44.505,759.057,399.496,363.205,2.097,285.199,26.876,16.14,433.779,0.3278,0.242,0.2016
CYH,Community Health Systems Inc,Health Care,351020,NYSE,TN,1991-03-07,2025-12-31,57.0,12485.0,10693.0,284.0,0.0,1508.0,1082.0,879.0,509.0,0.0,335.0,543.0,13204.0,14041.0,11043.0,260.0,-1394.0,138.627,3.12,432.516,0.0435,0.685,1.1704
TWFG,Twfg Inc,Financials,403010,NASDAQ,TX,2024-07-18,2025-12-31,0.4,248.512,171.144,22.02,,55.348,36.995,0.287,7.963,0.0,0.356,53.501,372.335,55.685,9.346,167.9,83.382,15.029,28.77,432.384,-0.0659,0.39,0.5555
EOLS,Evolus Inc,Health Care,352020,NASDAQ,CA,2018-02-08,2025-12-31,0.334,297.176,96.908,230.362,9.576,-30.094,-37.6,16.66,-51.641,0.0,3.441,-42.265,225.868,248.974,154.996,53.826,-23.106,65.008,6.65,432.303,-0.3976,0.669,1.2363
FDMT,4D Molecular Ther Inc,Health Care,352010,NASDAQ,CA,2020-12-11,2025-12-31,0.196,85.209,236.862,,195.696,-151.653,-156.347,0.0,-140.109,0.0,0.536,-109.082,566.711,61.047,21.413,402.655,505.664,57.608,7.5,432.06,0.3465,0.999,1.2609
ASC,Ardmore Shipping Corp,Energy,101020,NYSE,,2013-08-01,2025-12-31,0.057,310.197,198.534,25.073,,86.59,47.183,6.112,41.014,12.186,121.003,81.649,788.724,154.387,128.87,46.845,634.337,40.731,10.59,431.341,-0.1035,0.389,0.3724
CWBC,Community West Bancshares,Financials,401010,NASDAQ,CA,,2025-12-31,0.338,196.198,53.284,61.271,,81.643,77.362,,38.168,9.162,2.509,46.12,3690.317,3280.729,154.135,118.984,409.588,19.163,22.5,431.168,0.1909,0.256,0.7392
VERI,Veritone Inc,Information Technology,451030,NASDAQ,CA,2017-05-12,2025-12-31,0.446,92.192,29.608,111.05,20.711,-48.466,-75.64,10.224,-111.732,0.0,4.978,-53.205,182.28,114.156,47.222,27.426,68.124,92.627,4.65,430.716,0.4177,1.309,1.8934
RXST,Rxsight Inc,Health Care,351010,NASDAQ,CA,2021-07-30,2025-12-31,0.461,134.479,28.204,151.2,38.549,-44.925,-48.191,0.019,-38.944,0.0,3.83,-15.511,311.814,36.131,11.04,228.128,275.683,41.242,10.42,429.742,-0.6969,0.814,1.3092
CMTG,Claros Mortgage Trust Inc,Financials,402040,NYSE,NY,2021-11-03,2025-12-31,0.0,492.694,609.283,,0.0,,-116.589,338.221,-489.069,0.0,0.0,-30.46,4721.759,3189.864,3145.027,190.785,1531.895,140.219,3.06,429.07,-0.323,0.692,1.0701
DIN,Dine Brands Global Inc,Consumer Discretionary,253010,NYSE,CA,1991-07-12,2025-12-31,,879.3,489.0,244.0,0.0,146.3,103.4,78.0,17.1,25.5,35.7,89.0,1737.7,2011.6,1619.2,179.7,-273.9,13.327,32.14,428.33,0.1417,0.494,1.0404
AKBA,Akebia Therapeutics Inc,Health Care,352010,NASDAQ,MA,2014-03-20,2025-12-31,0.194,236.196,38.193,160.428,62.359,37.575,36.306,28.879,-5.345,0.0,0.291,67.992,376.565,343.955,211.298,186.543,32.61,265.425,1.61,427.334,-0.1526,0.846,1.081
CTNM,Contineum Therapeutics Inc,Health Care,352020,NASDAQ,CA,2024-04-05,2025-12-31,0.051,0.0,0.0,67.736,51.522,-67.736,-68.059,0.0,-59.978,0.0,0.231,-55.312,276.642,15.653,8.25,262.896,260.989,37.32,11.43,426.568,-0.2198,0.962,0.3173
IMRX,Immuneering Corp,Health Care,352010,NASDAQ,MA,2021-07-30,2025-12-31,0.053,0.0,0.0,59.022,42.049,-59.022,-59.376,0.0,-56.025,0.0,0.142,-45.345,231.985,13.501,3.824,172.831,218.484,64.648,6.58,425.384,1.9909,1.154,0.904
MTW,Manitowoc Co,Industrials,201060,NYSE,WI,,2025-12-31,4.7,2240.9,1776.3,342.9,55.8,121.7,58.7,39.2,7.2,0.0,37.5,22.2,1818.2,1123.0,529.7,77.3,695.2,35.473,11.99,425.321,0.3133,0.518,1.4124
MLR,Miller Industries Inc/Tn,Industrials,201060,NYSE,TN,1994-08-02,2025-12-31,1.535,790.271,655.194,86.283,8.2,48.794,34.109,7.06,23.014,9.154,13.707,98.72,589.667,169.097,33.577,44.682,420.57,11.372,37.37,424.972,-0.4173,0.353,0.976
NRC,Nrc Health,Health Care,351020,NASDAQ,NE,1997-10-10,2025-12-31,0.357,137.39,52.371,48.024,,36.995,29.371,5.312,11.6,11.834,10.706,26.45,134.878,120.888,80.24,4.139,13.99,22.637,18.77,424.896,0.1008,0.5,0.7007
HSHP,Himalaya Shipping Ltd,Industrials,203030,NYSE,,,2025-12-31,0.003,131.9,29.6,4.9,,97.4,68.2,51.4,17.7,26.5,0.0,51.7,863.9,702.2,689.2,32.4,161.7,46.65,9.1,424.515,1.0215,0.41,0.7904
TRC,Tejon Ranch Co,Real Estate,602010,NYSE,CA,,2025-12-31,0.07,49.591,37.462,10.669,,1.46,-4.554,,0.075,0.0,63.21,6.132,630.469,139.913,93.942,24.894,475.198,26.917,15.77,424.481,-0.0082,0.245,0.2988
OLP,One Liberty Properties Inc,Real Estate,601025,NYSE,NY,,2025-12-31,0.009,98.928,51.74,16.267,0.0,,30.921,23.803,25.474,39.172,0.0,37.52,857.57,557.773,519.931,15.084,299.603,20.916,20.29,424.386,-0.1946,0.218,0.4065
SGHT,Sight Sciences Inc,Health Care,351010,NASDAQ,CA,2021-07-15,2025-12-31,0.186,77.363,10.21,100.962,14.606,-33.809,-34.296,5.142,-38.426,0.0,0.224,-29.694,115.3,51.358,40.775,92.265,63.942,53.494,7.93,424.207,1.1786,0.82,1.3716
SFST,Southern First Bankshares,Financials,401010,NASDAQ,SC,1999-10-28,2025-12-31,0.315,224.619,109.48,54.789,,60.35,56.043,,30.366,0.0,0.581,30.457,4403.494,4034.837,286.613,269.583,368.657,8.213,51.52,423.134,0.2961,0.34,0.7998
NGS,Natural Gas Services Group,Energy,101010,NYSE,TX,2002-10-22,2025-12-31,0.259,172.315,71.778,22.411,,78.126,41.47,16.037,19.928,2.665,121.487,62.927,586.786,312.07,232.373,0.0,274.716,12.573,33.65,423.081,0.2652,0.461,1.3311
VFF,Village Farms Intl Inc,Consumer Staples,302020,NASDAQ,FL,,2025-12-31,1.128,215.937,111.876,60.293,,43.768,27.389,2.892,32.441,0.0,18.219,84.434,423.096,113.034,38.707,86.252,299.898,115.722,3.65,422.385,3.7341,0.96,1.2079
LTBR,Lightbridge Corp,Energy,101020,NASDAQ,VA,,2025-12-31,0.013,0.0,0.0,23.227,9.21,-23.227,-23.227,0.0,-19.58,0.0,0.0,-14.281,203.835,0.848,0.0,201.862,202.987,33.407,12.64,422.264,1.6723,1.412,2.4323
OCGN,Ocugen Inc,Health Care,352010,NASDAQ,PA,,2025-12-31,0.116,4.413,64.94,,39.75,-60.527,-62.916,5.188,-67.846,0.0,0.185,-56.964,43.516,55.682,33.144,18.571,-12.166,312.38,1.35,421.713,0.677,0.761,1.3624
JOUT,Johnson Outdoors Inc  -Cl A,Consumer Discretionary,252020,NASDAQ,WI,,2025-09-30,1.3,592.415,363.695,224.149,32.202,4.571,-16.056,0.224,-34.294,13.53,15.975,56.206,604.103,185.684,48.684,176.399,418.419,10.373,40.39,418.965,0.3427,0.382,0.8019
BMRC,Bank Of Marin Bancorp,Financials,401010,NASDAQ,CA,,2025-12-31,0.311,75.778,42.756,55.967,,-22.945,-25.084,,-35.675,16.126,1.819,39.076,3904.778,3510.124,69.313,225.303,394.654,16.103,26.01,418.839,0.1418,0.307,0.7516
PSFE,Paysafe Limited,Financials,402010,NYSE,,,2025-12-31,2.9,1701.388,741.197,601.432,15.778,358.759,82.393,137.708,-182.507,0.0,12.579,236.155,4803.633,4148.596,2658.058,274.871,655.037,51.676,8.09,418.059,-0.5269,0.682,1.8509
LXRX,Lexicon Pharmaceuticals Inc,Health Care,352020,NASDAQ,TX,2000-04-07,2025-12-31,0.081,49.803,98.093,,61.121,-48.29,-48.911,,-50.341,0.0,0.0,-67.851,184.987,77.449,62.237,96.23,107.538,363.466,1.15,417.986,0.5572,1.276,0.8426
CMCO,Columbus Mckinnon Corp,Industrials,201060,NASDAQ,NC,1996-02-22,2026-03-31,7.3,1193.451,764.621,263.408,21.409,165.422,88.384,61.145,-229.535,8.055,17.859,-146.211,4784.703,3336.074,2488.725,96.562,658.882,28.748,14.53,417.708,-0.5293,0.696,1.499
ZUMZ,Zumiez Inc,Consumer Discretionary,255040,NASDAQ,WA,2005-05-06,2026-01-31,9.0,929.057,594.834,292.288,0.0,41.935,20.641,,13.377,0.0,11.061,53.474,644.171,319.886,199.329,160.624,324.285,16.971,24.61,417.656,0.3589,0.55,1.5664
FPI,Farmland Partners Inc,Real Estate,601080,NYSE,CO,2014-04-11,2025-12-31,0.012,52.865,32.252,14.693,0.0,,5.92,9.627,31.545,21.818,0.0,17.426,719.065,181.095,161.011,9.293,459.353,43.093,9.69,417.571,-0.1411,0.231,0.4501
MAGN,Magnera Corp,Materials,151050,NYSE,NC,,2025-09-30,8.5,3204.0,2695.0,193.0,20.0,316.0,110.0,141.0,-159.0,0.0,67.0,103.0,3989.0,2925.0,2015.0,305.0,1064.0,35.6,11.72,417.232,-0.1668,0.682,1.6266
SRTA,Strata Critical Medical Inc,Health Care,351020,NASDAQ,NY,,2025-12-31,0.601,197.141,152.286,55.131,3.052,-10.276,-18.461,,41.347,0.0,9.595,-48.914,325.472,46.4,3.307,61.495,279.072,86.702,4.81,417.037,0.1318,0.692,1.7328
PUBM,Pubmatic Inc,Communication Services,502010,NASDAQ,CA,2020-12-09,2025-12-31,1.03,282.926,59.316,197.1,33.82,26.51,-17.259,,-14.462,0.0,34.856,81.059,680.195,417.606,44.207,145.518,262.589,46.887,8.87,415.888,-0.3962,0.755,1.3268
KOPN,Kopin Corp,Information Technology,453010,NASDAQ,MA,1992-04-15,2025-12-31,0.145,39.324,30.456,22.991,6.692,-14.123,-14.953,0.0,2.607,0.0,1.437,-15.538,108.394,36.721,1.48,61.627,64.117,176.904,2.34,413.955,0.7206,1.009,2.6449
BYRN,Byrna Technologies Inc,Industrials,201010,NASDAQ,MA,,2025-11-30,0.159,118.12,44.535,59.632,0.3,13.953,11.838,0.0,9.687,0.0,7.623,-1.572,84.488,18.731,2.346,15.481,65.757,22.679,18.25,413.892,-0.4172,0.746,1.3833
CCSI,Consensus Cloud Solution Inc,Information Technology,451030,NASDAQ,CA,,2025-12-31,0.52,349.696,51.868,128.856,7.464,168.972,150.239,38.509,84.527,0.0,30.233,136.086,663.815,650.042,570.699,74.685,13.773,18.958,21.82,413.664,-0.0855,0.475,1.2005
CAL,Caleres Inc,Consumer Discretionary,255040,NYSE,MO,,2026-01-31,10.0,2757.853,1493.096,1157.515,,107.242,42.663,18.464,-6.692,9.448,63.744,103.177,1965.79,1356.834,891.131,42.969,601.851,33.85,12.22,413.647,-0.4644,0.63,1.5386
AIOT,Powerfleet Inc,Information Technology,452030,NASDAQ,NJ,1999-06-30,2026-03-31,2.658,443.777,145.373,208.043,18.359,90.361,30.081,23.664,-20.552,0.0,21.618,30.461,955.565,473.95,296.915,40.818,475.494,134.158,3.08,413.207,-0.2012,0.722,2.2614
NATH,Nathan'S Famous Inc,Consumer Discretionary,253010,NASDAQ,NY,,2026-03-31,0.129,162.063,113.133,14.693,0.0,34.237,33.312,2.857,20.02,18.403,0.37,18.234,53.651,67.874,52.086,24.404,-14.223,4.094,100.73,412.389,0.247,0.338,0.5436
FCEL,Fuelcell Energy Inc,Industrials,201040,NASDAQ,CT,1992-06-25,2025-10-31,0.424,158.162,144.17,94.822,43.379,-80.83,-121.23,11.078,-187.899,0.0,18.601,-125.291,932.146,201.005,132.529,294.7,662.179,46.03,8.95,411.968,-0.1914,1.035,1.3127
SLQT,Selectquote Inc,Financials,403010,NYSE,KS,2020-05-21,2025-06-30,4.269,1526.594,919.007,514.419,38.681,93.168,72.708,79.385,47.58,0.0,2.191,-11.666,1249.356,673.838,417.514,35.733,351.144,172.817,2.38,411.304,-0.621,0.841,1.2109
FET,Forum Energy Tech Inc,Energy,101010,NYSE,TX,2012-04-12,2025-12-31,1.7,791.474,538.683,199.905,,52.886,19.131,18.312,-9.66,0.0,6.015,70.402,752.455,461.312,231.67,34.661,291.143,11.097,36.95,410.034,1.3854,0.602,1.4341
FRBA,First Bank,Financials,401010,NASDAQ,NJ,,2025-12-31,0.336,245.43,110.517,54.934,,79.979,75.766,,43.659,5.98,2.904,65.564,3958.036,3514.534,283.995,309.967,443.502,24.8,16.46,408.208,0.1884,0.261,0.6615
GBLI,Global Indemnity Group Llc,Financials,403010,NASDAQ,PA,2003-12-16,2025-12-31,0.286,448.698,411.138,,,37.56,31.898,0.0,25.333,20.004,0.0,9.065,1720.762,1014.172,8.331,760.613,702.59,14.351,28.38,407.281,-0.1755,0.331,0.1871
KMDA,Kamada Ltd,Health Care,352010,NASDAQ,,,2025-12-31,0.462,180.46,93.224,46.087,12.995,41.149,26.233,0.864,20.198,11.534,9.846,25.49,378.71,109.64,11.561,75.469,269.07,57.686,7.06,407.263,0.1934,0.387,0.7886
HELE,Helen Of Troy Ltd,Consumer Discretionary,252010,NASDAQ,TX,,2026-02-28,1.854,1786.29,960.396,661.03,54.0,164.864,111.569,56.884,-898.982,0.0,39.226,171.136,2115.548,1317.351,840.734,21.486,798.197,23.077,17.64,407.078,-0.6448,0.704,1.2607
AMCX,Amc Global Media Inc,Communication Services,502010,NASDAQ,NY,2011-07-01,2025-12-31,1.738,2311.801,1141.393,818.341,,352.067,257.642,172.353,89.4,0.0,33.303,305.67,3936.881,2923.132,1852.199,502.379,981.871,42.699,9.52,406.494,-0.0384,0.491,0.9496
LCTX,Lineage Cell Therapeutics In,Health Care,352010,NYSE American,CA,1992-03-05,2025-12-31,0.077,14.556,0.146,35.49,17.729,-21.08,-21.779,,-63.533,0.0,0.522,-18.919,112.584,69.238,2.419,55.781,44.549,243.122,1.67,406.014,2.3234,0.817,0.9881
KRNY,Kearny Financial Corp,Financials,401010,NASDAQ,NJ,2005-02-24,2025-06-30,0.557,343.528,191.899,98.097,,53.532,48.651,,26.075,27.657,3.383,24.771,7740.45,6994.488,1269.409,167.269,745.962,62.621,6.46,404.532,0.1197,0.325,0.8094
OIS,Oil States Intl Inc,Energy,101010,NYSE,TX,2001-02-09,2025-12-31,2.172,668.988,535.734,90.425,5.1,42.829,-4.61,7.713,-109.377,0.0,31.191,105.123,883.431,310.24,74.98,69.914,573.191,59.656,6.77,403.871,0.338,0.611,1.79
CLPT,Clearpoint Neuro Inc,Health Care,351010,NASDAQ,CA,,2025-12-31,0.172,36.971,13.297,46.456,13.897,-22.782,-23.764,2.388,-25.54,0.0,0.522,-23.925,97.747,69.727,58.232,45.923,28.02,29.369,13.68,401.768,-0.1105,0.976,1.9445
EAF,Graftech International Ltd,Industrials,201040,NYSE,OH,1995-08-09,2025-12-31,1.071,504.134,464.587,54.97,6.475,-15.423,-77.066,97.765,-219.835,0.0,38.885,-81.616,1028.789,1288.417,1099.482,138.427,-259.628,25.82,15.51,400.468,-0.1035,1.089,2.1211
ALT,Altimmune Inc,Health Care,352010,NASDAQ,MD,,2025-12-31,0.057,0.041,91.818,,66.432,-91.777,-91.889,1.636,-88.093,0.0,0.011,-67.535,279.929,55.037,35.688,273.498,224.892,110.883,3.61,400.288,-0.4993,0.888,1.336
ULH,Universal Logistics Hldgs,Industrials,203040,NASDAQ,MI,2005-02-11,2025-12-31,10.525,1558.397,1250.73,101.356,,206.311,60.064,49.017,-99.873,11.057,224.175,183.046,1771.988,1231.633,971.372,37.197,540.355,26.33,15.19,399.953,-0.6628,0.646,1.338
MG,Mistras Group Inc,Industrials,202020,NYSE,NJ,2009-10-08,2025-12-31,4.8,724.024,497.143,140.904,1.028,85.977,54.969,14.643,16.837,0.0,24.674,32.981,578.781,343.136,242.617,28.008,235.104,31.567,12.65,399.323,0.3962,0.461,0.8675
KROS,Keros Therapeutics Inc,Health Care,352010,NASDAQ,MA,2020-04-08,2025-12-31,0.078,244.061,171.929,,129.643,72.132,70.623,0.0,87.014,0.0,1.551,107.505,338.021,34.889,16.883,287.415,303.132,19.544,20.36,397.916,0.2862,0.505,0.1213
FPH,Five Point Holdings Llc,Real Estate,602010,NYSE,CA,2017-05-10,2025-12-31,0.09,110.02,51.091,59.017,,-0.088,-5.788,56.1,70.966,0.0,0.217,105.23,3249.003,860.407,453.337,426.538,843.245,71.124,5.59,397.583,0.4788,0.579,0.7489
ORN,Orion Group Holdings Inc,Industrials,201030,NYSE,TX,2007-12-20,2025-12-31,2.076,852.26,724.384,91.484,,36.392,14.13,8.863,2.488,0.0,38.862,28.066,414.652,255.62,50.382,3.285,159.032,39.901,9.94,396.616,0.3561,0.622,1.3337
CVGW,Calavo Growers Inc,Consumer Staples,302020,NASDAQ,CA,,2025-10-31,1.969,648.434,577.871,41.263,,29.3,22.4,0.827,19.796,14.297,2.151,21.542,292.249,83.691,23.466,61.155,206.94,17.855,22.21,396.56,-0.1193,0.408,0.1964
CERS,Cerus Corp,Health Care,351010,NASDAQ,CA,1997-01-30,2025-12-31,0.275,233.798,92.419,148.634,67.72,-7.255,-8.681,8.343,-15.627,0.0,3.729,4.837,221.859,156.894,96.946,82.879,64.224,192.142,2.06,395.813,0.3377,0.683,1.6241
CTGO,Contango Silver & Gold Inc,Materials,151040,NYSE American,AK,,2025-12-31,0.015,0.0,0.0,19.368,,-19.368,-19.509,7.599,-36.087,0.0,0.162,25.734,171.951,146.853,33.858,64.944,25.098,14.966,26.41,395.252,1.6357,0.611,0.6819
RYAM,Rayonier Advanced Materials,Materials,151010,NYSE,FL,,2025-12-31,2.325,1466.397,1213.654,83.942,7.0,168.801,34.843,97.953,-420.674,0.0,115.599,23.911,1758.355,1430.433,805.841,75.393,316.556,67.006,5.89,394.665,-0.2861,0.509,1.2218
WEST,Westrock Coffee Co,Consumer Staples,302020,NASDAQ,AR,2021-08-06,2025-12-31,1.393,1188.952,982.352,185.469,,21.131,-34.705,56.729,-90.445,0.0,88.8,-19.014,1175.978,904.343,683.111,71.039,-1.868,96.866,4.07,394.245,-0.366,0.632,1.2154
TRDA,Entrada Theraputis Inc,Health Care,352010,NASDAQ,MA,2021-10-29,2025-12-31,0.152,25.421,179.223,,142.269,-153.802,-157.898,0.0,-143.75,0.0,1.041,-128.512,377.378,71.245,50.932,296.356,306.133,38.284,10.28,393.56,-0.4054,0.618,1.0993
EPRX,Eupraxia Pharmaceuticals Inc,Health Care,352010,NASDAQ,BC,2021-03-09,2025-12-31,0.049,0.0,0.0,38.271,21.332,-38.271,-38.435,0.0,-38.576,0.0,0.589,-28.552,86.15,5.704,0.154,80.564,52.303,51.939,7.55,392.139,1.3817,0.606,0.827
EVGO,Evgo Inc,Consumer Discretionary,255040,NASDAQ,CA,,2025-12-31,0.376,384.086,231.755,176.868,12.2,-24.537,-110.663,9.763,-41.574,0.0,116.707,-7.728,964.83,578.886,311.21,200.519,-116.921,134.718,2.91,392.029,-0.2815,0.684,1.0585
ATGL,Alpha Technology Group Ltd,Information Technology,451020,NASDAQ,,2023-10-31,2025-09-30,0.028,0.951,0.483,7.815,,-7.347,-7.434,0.147,-9.049,0.0,0.101,-1.691,4.48,1.328,0.643,3.974,3.152,16.463,23.8,391.819,0.4183,2.04,0.2327
TROO,Troops Inc,Information Technology,452030,NASDAQ,,,2025-12-31,0.047,17.096,13.238,17.895,,-14.037,-16.331,0.0,-27.905,0.0,0.117,0.807,69.066,20.042,0.004,4.019,49.024,122.16,3.2,390.912,0.9512,1.479,0.3429
TECX,Tectonic Therapeutic Inc,Health Care,352010,NASDAQ,MA,2018-06-21,2025-12-31,0.06,0.0,0.0,82.508,63.489,-82.508,-83.883,0.063,-74.151,0.0,0.208,-60.078,261.038,9.709,1.276,254.385,251.329,18.738,20.86,390.875,-0.5482,1.495,1.9591
BRBS,Blue Ridge Bankshares Inc,Financials,401010,NYSE American,VA,,2025-12-31,0.302,150.809,54.912,51.093,,44.804,42.524,,10.709,29.14,1.679,13.625,2432.589,2108.898,171.949,117.8,323.691,91.475,4.27,390.598,0.4011,0.309,0.6428
TTGT,Techtarget Inc,Communication Services,502010,NASDAQ,MA,2007-05-17,2025-12-31,1.85,486.791,180.727,233.246,10.837,72.818,-32.208,9.28,-1008.306,0.0,0.387,16.337,937.308,342.689,111.252,40.626,594.619,72.291,5.4,390.371,-0.7275,0.73,1.6251
ONIT,Onity Group Inc,Financials,402010,NYSE,FL,1996-09-25,2025-12-31,4.3,1202.5,478.1,286.2,,438.2,432.8,,189.5,0.0,2.9,-748.0,16170.6,15492.8,14701.6,264.6,627.9,8.522,45.79,390.222,0.4911,0.416,0.9933
IBEX,Ibex Ltd,Industrials,202020,NASDAQ,DC,2020-08-07,2025-06-30,33.0,558.273,385.692,109.854,,62.727,45.495,1.634,36.864,0.0,18.375,45.668,273.215,138.906,69.755,15.35,134.309,13.358,29.1,388.718,0.7766,0.524,0.5402
RZLT,Rezolute Inc,Health Care,352010,NASDAQ,CA,,2025-06-30,0.071,0.0,0.0,79.863,61.527,-79.863,-79.894,0.0,-74.412,0.0,0.0,-69.075,175.49,13.363,1.615,167.858,162.127,86.996,4.46,388.002,-0.5184,1.215,0.8158
BSVN,Bank7 Corp,Financials,401010,NASDAQ,OK,2018-09-20,2025-12-31,0.125,137.261,41.585,26.492,,69.184,68.065,,43.069,9.643,4.74,46.136,1963.64,1712.645,2.146,255.092,250.995,9.463,40.98,387.794,-0.1001,0.282,0.7002
THM,International Tower Hill Min,Materials,151040,NYSE American,BC,,2025-12-31,0.003,0.0,0.0,4.529,,-4.529,-4.529,0.0,-4.638,0.0,0.0,-3.631,56.896,0.498,0.0,1.353,56.398,207.885,1.86,386.666,3.0843,0.964,0.8384
ZURA,Zura Bio Limited,Health Care,352010,NASDAQ,NV,2021-07-14,2025-12-31,0.04,0.0,0.0,79.797,42.082,-79.797,-79.846,0.0,-100.184,0.0,0.113,-64.815,113.948,12.41,0.0,109.407,101.538,73.681,5.24,386.088,1.096,1.136,1.5013
ESEA,Euroseas Ltd,Industrials,203030,NASDAQ,,2007-01-31,2025-12-31,0.0,234.439,61.079,14.798,,158.562,129.95,15.348,136.967,18.979,77.052,141.133,700.456,237.012,216.811,177.024,463.444,7.056,54.6,385.258,0.7673,0.413,0.8147
KWY,Kingsway Corp,Financials,403010,NYSE,IL,1996-10-08,2025-12-31,0.607,137.338,76.17,58.068,,3.1,-6.125,5.449,-10.731,0.0,1.618,-0.003,231.499,197.087,78.016,23.596,15.169,28.626,13.45,385.02,0.6069,0.412,0.5481
BOC,Boston Omaha Corp,Communication Services,502010,NYSE,NE,,2025-12-31,0.422,114.376,73.35,20.001,,21.025,-3.964,2.33,-12.428,0.0,27.898,17.858,713.072,177.0,108.426,96.439,516.136,31.038,12.37,383.94,-0.1276,0.301,0.4393
GPRK,Geopark Ltd,Energy,101020,NYSE,,,2025-12-31,0.382,492.518,141.059,79.123,,272.336,139.767,68.127,49.667,24.203,98.358,14.705,1040.447,794.65,579.542,100.318,245.797,51.707,7.41,383.149,-0.1448,0.574,0.9707
SMRT,Smartrent Inc,Information Technology,452030,NYSE,AZ,,2025-12-31,0.418,152.326,97.67,85.536,26.224,-30.88,-39.116,0.378,-60.558,0.0,3.553,-21.575,320.925,88.786,7.02,104.55,232.139,189.677,2.02,383.148,0.1543,0.699,1.6422
OBT,Orange County Bancorp Inc,Financials,401010,NASDAQ,NY,1998-12-11,2025-12-31,0.235,152.372,38.674,43.144,,70.554,68.725,,41.614,7.099,2.516,43.849,2659.377,2375.013,38.902,204.232,284.364,13.368,28.55,381.656,0.0504,0.36,0.8707
MEC,Mayville Engnering Cmpny Inc,Industrials,201060,NYSE,WI,2019-05-09,2025-12-31,2.4,546.487,459.453,43.566,,43.468,2.182,10.215,-8.11,0.0,11.648,38.562,563.64,322.903,239.105,1.502,240.737,20.318,18.72,380.353,0.1908,0.473,0.7709
RCKT,Rocket Pharmaceuticals Inc,Health Care,352010,NASDAQ,NJ,,2025-12-31,0.202,0.0,0.0,217.491,142.015,-217.491,-228.516,1.891,-223.123,0.0,0.44,-190.014,330.449,53.228,24.877,188.929,277.221,108.32,3.51,380.203,-0.7208,1.066,1.2542
TITN,Titan Machinery Inc,Industrials,201070,NASDAQ,ND,2007-12-06,2026-01-31,3.359,2427.107,2033.951,360.537,0.0,32.619,-2.681,43.083,-54.174,0.0,22.357,137.452,1616.928,1037.63,833.169,28.164,579.298,23.364,16.27,380.132,0.0644,0.516,1.2133
EGY,Vaalco Energy Inc,Energy,101020,NYSE,TX,,2025-12-31,0.281,359.272,158.177,42.109,,158.986,49.008,8.243,-41.391,26.48,255.89,212.667,913.375,469.878,146.302,59.036,443.497,104.258,3.64,379.499,-0.1084,0.449,1.002
CBAN,Colony Bankcorp Inc,Financials,401010,NYSE,GA,1998-02-23,2025-12-31,0.537,190.232,62.551,59.17,,68.511,64.811,,28.253,8.038,1.354,-5.545,3735.401,3359.481,268.431,257.64,375.92,21.252,17.82,378.711,0.136,0.294,0.744
GCBC,Greene County Bancorp Inc,Financials,401010,NASDAQ,NY,1998-12-31,2025-06-30,0.212,132.328,58.9,27.835,,45.593,44.528,,31.138,4.475,0.691,27.978,3040.609,2801.772,130.422,184.503,238.837,17.027,22.22,378.34,-0.1853,0.36,0.4442
NATR,Natures Sunshine Prods Inc,Consumer Staples,303020,NASDAQ,UT,,2025-12-31,0.806,480.144,118.576,317.996,1.9,43.572,29.728,0.098,19.521,0.0,6.48,35.321,261.146,99.593,18.9,93.891,161.553,17.508,21.58,377.823,0.472,0.504,0.2197
HVT,Haverty Furniture,Consumer Discretionary,255040,NYSE,GA,,2025-12-31,2.392,758.995,298.498,415.505,0.0,44.992,21.17,0.162,19.73,20.837,19.672,52.644,649.052,341.123,216.417,131.872,307.929,16.144,23.36,377.124,0.1118,0.398,0.8334
NXH,Neighborhood Intelligenc Inc,Consumer Discretionary,255040,NASDAQ,UT,2002-05-30,2025-12-31,0.389,1044.616,786.19,299.966,0.0,-41.54,-57.818,1.174,-84.621,0.0,7.407,-56.701,425.478,207.534,22.071,202.219,217.583,68.863,5.46,375.992,0.1227,1.02,2.2201
WTBA,West Bancorporation Inc,Financials,401010,NASDAQ,IA,,2025-12-31,,198.489,103.244,37.553,,57.692,53.176,,32.56,16.914,3.326,46.479,4142.244,3876.259,380.546,471.086,265.985,16.941,22.19,375.921,0.0768,0.293,0.7154
PDLB,Ponce Financial Group Inc,Financials,401010,NASDAQ,NY,2017-10-02,2025-12-31,0.216,193.652,89.497,47.175,,56.98,52.162,,28.703,0.0,0.978,55.594,3223.97,2682.421,625.453,126.154,316.549,22.968,16.35,375.527,0.2577,0.263,0.601
CRML,Critical Metals Corp,Materials,151040,NASDAQ,NY,2021-11-04,2025-06-30,0.004,0.0,0.0,48.759,,-48.759,-48.77,0.551,-51.872,0.0,1.042,-14.497,171.722,79.799,0.026,7.297,91.923,104.79,3.58,375.148,0.0221,1.807,1.0007
ENGN,Engene Therapeutics Inc,Health Care,352010,NASDAQ,QC,2021-12-10,2025-10-31,0.082,0.0,0.0,122.656,94.48,-122.656,-123.165,2.994,-117.302,0.0,1.485,-99.239,221.468,53.758,31.612,193.815,167.71,52.019,7.21,375.057,0.3579,0.908,0.5629
PALI,Palisade Bio Inc,Health Care,352010,NASDAQ,CO,,2025-12-31,0.014,0.0,0.0,17.702,10.192,-17.702,-17.705,0.01,-16.781,0.0,0.0,-10.847,134.344,4.964,0.071,133.385,129.378,159.444,2.35,374.693,0.4242,1.237,0.728
DVLT,Datavault Ai Inc,Information Technology,453010,NASDAQ,OR,2018-07-27,2025-12-31,0.194,39.089,8.551,52.175,16.498,-21.637,-31.975,19.982,-78.994,0.0,0.38,-23.61,274.704,36.73,15.314,2.004,237.974,573.438,0.652,373.939,-0.6819,1.877,0.7795
PERI,Perion Network Ltd,Communication Services,502010,NASDAQ,,2006-01-31,2025-12-31,0.511,439.927,51.8,384.03,34.653,4.097,-13.58,1.561,-7.933,0.0,3.8,41.927,913.758,237.752,22.358,314.08,676.006,39.025,9.58,373.859,0.1311,0.434,0.9155
JACK,Jack In The Box Inc,Consumer Discretionary,253010,NASDAQ,CA,1987-02-24,2025-09-30,5.046,1465.314,1039.384,169.92,0.0,256.01,197.696,80.606,-80.719,16.736,97.05,162.358,2593.421,3531.692,3122.82,81.813,-938.271,18.893,19.77,373.515,-0.5384,0.664,0.9882
MTRX,Matrix Service Co,Industrials,201030,NASDAQ,TX,1990-09-26,2025-06-30,2.239,769.286,719.597,71.173,,-21.484,-31.496,0.518,-29.462,0.0,7.685,117.471,600.256,457.54,21.427,224.641,142.716,27.61,13.51,373.011,-0.0226,0.513,1.4307
BYND,Beyond Meat Inc,Consumer Staples,302020,NASDAQ,CA,2019-05-02,2025-12-31,0.589,275.496,245.232,215.024,23.235,-184.76,-211.043,14.028,219.024,0.0,12.308,-144.931,614.747,615.744,502.906,208.24,-0.997,453.688,0.82,372.024,-0.7819,2.292,1.1482
TLS,Telos Corp/Md,Information Technology,451030,NASDAQ,VA,2020-11-19,2025-12-31,0.525,164.805,92.528,84.521,7.057,-12.244,-23.464,0.553,-36.546,0.0,0.739,30.182,139.864,43.914,8.059,53.18,95.95,72.773,5.1,371.142,0.4912,1.01,1.7049
RM,Regional Management Corp,Financials,402020,NYSE,SC,2012-03-28,2025-12-31,2.112,645.598,492.407,,,153.191,142.591,84.814,44.412,12.173,4.763,309.07,2103.93,1730.838,1688.141,122.208,373.092,9.554,38.75,370.218,0.1814,0.409,1.1201
LWAY,Lifeway Foods Inc,Consumer Staples,302020,NASDAQ,IL,1987-09-29,2025-12-31,0.295,212.496,150.85,41.494,,20.152,16.172,0.077,13.859,0.0,27.361,10.948,105.61,19.791,0.466,5.571,85.819,15.232,24.23,369.071,-0.023,0.406,0.3879
NEXN,Nexxen International Ltd,Communication Services,502010,NASDAQ,,2021-06-18,2025-12-31,0.909,364.78,54.979,212.708,58.059,97.093,33.969,2.2,25.043,0.0,12.118,110.109,756.073,281.402,31.931,133.757,474.671,56.284,6.54,368.097,-0.3765,0.601,1.2736
LSAK,Lesaka Technologies Inc,Financials,402010,NASDAQ,,,2025-06-30,3.728,659.702,486.547,131.512,0.5,41.643,7.922,21.453,-87.504,0.0,17.199,-9.122,653.71,392.327,235.374,76.639,165.585,81.249,4.49,364.808,-0.1248,0.404,0.2437
NC,Nacco Industries  -Cl A,Energy,101020,NYSE,OH,,2025-12-31,1.7,277.198,210.361,77.851,,-11.014,-40.128,7.254,17.574,7.335,53.286,50.909,661.228,231.985,111.315,49.708,429.243,7.427,49.04,364.22,0.6878,0.4,0.7725
IPI,Intrepid Potash Inc,Materials,151010,NYSE,CO,2008-04-22,2025-12-31,0.478,298.328,204.211,36.705,,57.412,15.508,0.759,11.185,0.0,30.239,55.779,632.179,140.75,5.309,83.562,491.429,13.132,27.73,364.15,0.265,0.491,0.83
AUNA,Auna S A,Health Care,351020,NYSE,,2024-03-22,2025-12-31,15.254,1303.512,775.688,288.672,,239.152,173.035,143.598,29.015,0.0,25.565,196.926,2169.32,1644.278,1086.739,108.696,475.819,74.013,4.92,364.144,-0.2828,0.368,0.393
GNE,Genie Energy Ltd,Utilities,551010,NYSE,NJ,,2025-12-31,0.202,501.971,471.607,,,30.364,29.359,0.67,24.006,8.023,8.174,46.335,389.38,144.934,9.61,226.413,250.902,26.421,13.78,364.081,-0.0994,0.386,0.4539
VENU,Venu Holding Corp,Consumer Discretionary,253010,NYSE American,CO,2024-11-27,2025-12-31,0.28,17.897,12.45,52.3,0.0,-46.853,-53.031,4.994,-44.094,0.0,141.655,7.649,370.555,171.704,107.432,41.306,122.741,43.166,8.42,363.458,-0.0798,0.818,0.6308
CDRO,Codere Online Luxembourg Sa,Consumer Discretionary,253010,NASDAQ,,2020-12-08,2025-12-31,0.369,247.044,29.358,208.9,,8.786,8.029,,1.517,0.0,0.1,19.383,94.941,61.246,4.611,58.686,33.517,45.25,8.03,363.357,0.245,0.428,0.9066
NCMI,National Cinemedia Inc,Communication Services,502010,NASDAQ,CO,2007-02-08,2025-12-31,0.248,243.2,131.3,82.2,3.1,29.7,-8.2,0.6,-10.6,11.6,5.6,8.4,490.6,115.2,22.8,37.6,375.4,93.354,3.89,363.147,-0.399,0.464,0.7389
ACRS,Aclaris Therapeutics Inc,Health Care,352020,NASDAQ,PA,2015-10-07,2025-12-31,0.073,7.826,6.83,74.617,52.645,-73.621,-74.075,0.0,-64.923,0.0,0.111,-47.113,160.46,57.378,2.116,90.751,103.082,120.499,3.01,362.702,0.2137,0.661,0.8365
CD,Chaince Digital Holdings Inc,Financials,402030,NASDAQ,NY,2015-04-08,2025-12-31,0.013,1.867,0.663,4.515,0.147,-3.311,-3.314,0.134,-5.098,0.0,-1.0,-2.41,46.595,2.563,1.051,36.064,44.032,72.883,4.97,362.229,-0.2723,1.718,1.832
BWFG,Bankwell Financial Group Inc,Financials,401010,NASDAQ,CT,,2025-12-31,0.167,207.715,100.432,40.409,,66.874,62.79,,35.198,6.267,1.144,28.273,3359.859,3058.37,190.649,224.921,301.489,7.9,45.82,361.978,0.5032,0.296,0.9309
MBI,Mbia Inc,Financials,403010,NYSE,NY,1987-07-01,2025-12-31,0.057,106.0,64.0,,,,42.0,197.0,-177.0,0.0,0.0,38.0,2013.0,4243.0,1842.0,480.0,-2237.0,50.51,7.16,361.652,0.1084,0.591,0.8023
CBIO,Crescent Biopharma Inc,Health Care,352010,NASDAQ,MA,2014-01-10,2025-12-31,0.044,10.844,163.392,,138.086,-152.548,-152.632,2.185,-153.942,0.0,0.919,-71.532,240.293,37.281,1.644,213.192,203.012,30.447,11.86,361.101,-0.5237,0.772,1.1418
ACTG,Acacia Research Corp,Financials,402010,NASDAQ,NY,1996-07-08,2025-12-31,0.986,285.232,163.214,70.527,,51.491,6.409,8.989,21.682,0.0,16.694,75.242,770.956,186.924,104.671,330.086,543.45,96.475,3.74,360.816,-0.1382,0.418,0.7191
LXFR,Luxfer Holdings Plc,Industrials,201060,NYSE,CA,2012-10-03,2025-12-31,1.4,384.6,285.5,53.4,4.3,45.7,35.8,3.1,7.7,13.9,7.8,34.0,369.7,143.3,51.6,10.7,226.4,26.64,13.53,360.439,0.0793,0.364,1.1355
CTRN,Citi Trends Inc,Consumer Discretionary,255040,NASDAQ,GA,2005-05-18,2026-01-31,4.7,819.962,495.32,311.65,0.0,12.992,-5.49,0.342,5.207,0.0,20.33,20.954,471.171,354.851,223.318,66.092,116.32,8.346,43.15,360.13,0.5832,0.598,1.2917
CZNC,Citizens & Northern Corp,Financials,401010,NASDAQ,PA,,2025-12-31,0.46,170.069,53.437,53.246,,63.386,61.023,,23.427,17.991,1.905,32.003,3132.469,2790.755,193.051,46.056,341.714,17.823,20.17,359.49,0.1484,0.265,0.5333
TRAK,Repositrak Inc,Information Technology,451030,NYSE,UT,1998-11-19,2025-06-30,0.069,22.606,3.964,11.445,,7.197,6.228,0.049,6.978,1.296,0.016,8.42,55.329,5.81,0.51,28.569,49.516,18.283,19.65,359.261,-0.4384,0.367,0.8976
USNA,Usana Health Sciences Inc,Consumer Staples,303020,NYSE,UT,1996-07-25,2025-12-31,1.57,925.257,199.726,639.07,10.693,86.461,53.302,0.842,10.76,0.0,13.823,22.349,742.915,156.643,31.956,158.38,533.104,18.281,19.63,358.856,-0.4531,0.464,0.8047
LZM,Lifezone Metals Ltd,Materials,151040,NYSE,,2021-10-21,2025-12-31,0.085,1.057,0.534,17.231,0.127,-16.708,-18.198,10.398,-13.628,0.0,21.863,-15.593,175.752,102.919,53.253,20.145,73.832,83.784,4.27,357.758,-0.3856,0.648,1.1818
TBN,Tamboran Resources Corp,Energy,101020,NYSE,,2021-07-01,2025-06-30,0.047,0.0,0.0,31.861,,-31.861,-32.989,,-36.901,0.0,110.128,-29.637,446.462,57.01,26.396,45.161,287.721,16.717,21.32,356.406,0.2973,0.544,0.5858
ORBS,Eightco Holdings Inc,Consumer Discretionary,255030,NASDAQ,PA,,2025-12-31,0.009,32.981,30.108,23.895,,-21.022,-23.361,4.082,-262.013,0.0,0.002,-10.974,250.193,17.975,10.74,58.501,232.633,205.63,1.73,355.74,-0.21,30.255,1.8211
RMNI,Rimini Street Inc,Information Technology,451030,NASDAQ,NV,,2025-12-31,1.98,421.536,163.074,221.566,,36.896,33.035,6.151,37.098,0.0,4.571,60.221,423.112,450.141,91.014,120.315,-27.029,91.603,3.88,355.42,0.4532,0.655,0.9249
RC,Ready Capital Corp,Financials,402040,NYSE,NY,,2025-12-31,0.442,637.658,398.255,,0.0,,239.403,514.125,-228.915,65.522,0.0,432.117,7769.796,6118.168,5936.791,249.534,1432.654,163.01,2.18,355.362,-0.6507,0.489,0.9595
SSP,Ew Scripps  -Cl A,Communication Services,502010,NASDAQ,OH,1988-06-29,2025-12-31,4.6,2150.585,1274.517,563.001,,313.067,162.235,220.968,-100.877,0.0,46.577,53.1,5008.628,3762.536,2730.709,27.923,826.933,89.014,3.99,355.166,0.8054,1.131,1.4374
RLMD,Relmada Therapeutics Inc,Health Care,352020,NASDAQ,FL,,2025-12-31,0.017,0.0,0.0,59.1,26.879,-59.1,-59.1,0.0,-57.385,0.0,0.0,-45.787,94.003,7.491,0.0,93.006,86.512,73.334,4.83,354.203,8.2885,1.521,0.8863
FBRX,Forte Biosciences Inc,Health Care,352010,NASDAQ,TX,,2025-12-31,0.019,0.0,0.0,70.593,58.247,-70.593,-70.657,0.0,-69.375,0.0,0.116,-50.882,82.779,21.788,0.0,76.957,60.991,12.948,27.27,353.092,0.2008,1.231,0.8188
RBB,Rbb Bancorp,Financials,401010,NASDAQ,CA,2017-07-26,2025-12-31,0.369,232.799,119.202,52.7,,60.897,57.219,,31.948,11.264,0.798,43.387,4208.294,3684.884,290.086,212.917,523.338,17.057,20.64,352.056,0.0443,0.305,0.742
STLN,Starling Oncology Inc,Health Care,351020,NASDAQ,CA,2020-03-11,2025-12-31,0.641,502.729,426.294,105.574,,-29.139,-36.083,11.276,-60.606,0.0,3.2,-24.587,164.656,180.376,103.751,33.565,-15.72,98.863,3.56,351.952,10.521,1.154,1.6147
DCTH,Delcath Systems Inc,Health Care,351010,NASDAQ,NY,,2025-12-31,0.156,85.231,11.559,72.774,29.246,0.898,0.66,,2.7,0.0,1.547,22.516,123.632,12.413,0.936,91.036,111.219,34.692,10.1,350.389,-0.1611,0.6,1.4065
OSG,Octave Specialty Group Inc,Financials,403010,NYSE,NY,1991-07-11,2025-12-31,0.483,251.222,100.02,159.018,,-7.816,-49.768,18.64,-261.692,0.0,0.0,-52.283,2223.317,1137.151,127.412,248.264,715.79,45.005,7.78,350.139,-0.385,0.601,0.8388
WNC,Wabash National Corp,Industrials,201060,NYSE,IN,1991-11-08,2025-12-31,4.7,1542.754,1421.892,156.263,5.9,-35.401,-97.536,21.316,211.451,13.469,24.711,11.666,1171.181,802.639,479.355,31.923,367.358,40.436,8.65,349.771,-0.4808,0.609,1.0358
TLSI,Trisalus Life Sciences Inc,Health Care,352010,NASDAQ,CO,2020-12-18,2025-12-31,0.102,45.151,6.339,65.132,14.965,-26.32,-26.946,5.544,-39.227,0.0,0.918,-18.012,35.331,69.192,34.441,20.439,-33.861,49.998,6.98,348.986,0.3932,0.608,0.2616
ATNI,Atn International Inc,Communication Services,501010,NASDAQ,MA,1991-11-14,2025-12-31,2.1,727.975,318.392,228.083,,181.5,43.616,47.822,-14.906,19.008,100.342,133.935,1673.254,1032.454,693.953,117.549,444.292,15.257,22.8,347.86,0.4384,0.489,0.4356
LAND,Gladstone Land Corp,Real Estate,601080,NASDAQ,VA,2013-01-29,2025-12-31,0.0,90.821,59.538,7.683,0.0,23.6,23.1,23.043,13.529,20.466,0.0,6.993,1239.172,568.886,534.678,27.177,670.27,38.015,9.15,347.837,-0.107,0.289,0.4467
ELA,Envela Corp,Consumer Discretionary,255040,NYSE American,TX,,2025-12-31,0.276,241.021,187.096,33.949,0.0,19.976,18.109,0.407,14.597,0.0,1.201,2.581,96.023,28.963,19.86,18.155,67.06,25.963,13.38,347.385,0.8635,0.537,0.6215
AURA,Aura Biosciences Inc,Health Care,352010,NASDAQ,MA,2021-10-29,2025-12-31,0.113,0.0,0.0,111.662,90.3,-111.662,-112.791,0.0,-106.191,0.0,0.447,-84.742,169.43,32.517,17.377,144.241,136.913,63.588,5.45,346.555,-0.337,0.591,0.9743
APPS,Digital Turbine Inc,Information Technology,451030,NASDAQ,TX,,2026-03-31,0.62,565.251,290.609,168.513,40.476,106.129,34.668,58.58,-37.732,0.0,30.619,41.805,841.654,649.493,368.891,37.96,192.061,120.315,2.88,346.507,1.9586,1.481,2.5104
BGS,B&G Foods Inc,Consumer Staples,302020,NYSE,NJ,,2025-12-31,2.497,1828.687,1380.4,183.831,,264.456,198.233,153.169,-43.257,60.755,30.647,101.396,2834.795,2381.87,2001.409,56.293,452.925,79.977,4.3,343.901,-0.2702,0.565,0.1603
FRST,Primis Financial Corp,Financials,401010,NASDAQ,VA,2006-11-01,2025-12-31,0.593,229.877,101.303,93.411,,35.163,25.808,,61.443,9.873,1.734,10.767,4047.388,3624.492,200.827,143.607,422.896,24.695,13.91,343.507,0.2388,0.347,0.9097
VHI,Valhi Inc,Materials,151010,NYSE,TX,,2025-12-31,2.263,2077.0,1711.3,305.9,17.0,59.8,-6.6,59.0,-57.6,9.1,46.6,-35.5,2632.3,1268.6,611.6,225.5,1023.2,28.5,12.05,343.425,-0.474,0.491,0.8181
MTC,Mmtec Inc,Information Technology,451030,NASDAQ,,2019-01-08,2025-12-31,0.031,0.808,0.633,27.781,0.04,-27.606,-27.69,8.686,-56.075,0.0,0.0,-3.694,18.418,3.899,3.521,8.185,14.519,99.588,3.42,340.591,1.1783,6.387,1.0538
FMAO,Farmers & Merchants Bcp/Oh,Financials,401010,NASDAQ,OH,,2025-12-31,0.474,190.679,71.342,50.924,,68.413,63.009,,33.309,12.214,1.767,36.739,3434.382,3063.52,305.768,99.216,370.862,13.748,24.72,339.851,-0.1289,0.397,0.7565
BNED,Barnes & Noble Education Inc,Consumer Discretionary,255040,NYSE,NJ,,2026-04-30,7.241,1714.77,1348.602,288.573,0.0,77.595,44.841,15.866,16.872,0.0,16.196,50.057,739.897,445.458,223.505,25.84,294.439,34.43,9.86,339.48,-0.0847,0.676,1.5016
ONTF,On24 Inc,Information Technology,451030,NYSE,CA,2021-02-03,2025-12-31,0.391,139.312,29.843,136.713,32.972,-27.244,-32.087,0.163,-28.853,0.0,3.484,7.452,228.36,88.911,5.692,167.529,139.449,42.588,7.96,339.0,0.2322,0.536,0.9139
GUTS,Fractyl Health Inc,Health Care,351010,NASDAQ,MA,2024-02-02,2025-12-31,0.1,0.0,95.687,,74.536,-95.687,-96.816,,-140.954,0.0,0.557,-90.328,121.402,111.944,61.646,81.54,9.458,153.372,2.2,337.418,0.068,1.158,0.5263
SITC,Site Centers Corp,Real Estate,601070,NYSE,OH,1993-02-02,2025-12-31,0.155,118.221,199.206,43.72,0.0,,-124.705,15.383,177.861,355.741,0.0,19.613,418.737,83.972,34.33,122.815,334.765,52.462,6.42,336.806,-0.1484,0.288,0.8035
CMRC,Commerce.Com Inc,Information Technology,451020,NASDAQ,TX,2020-08-05,2025-12-31,1.079,342.349,68.819,265.852,73.021,7.678,-4.73,10.323,-19.342,0.0,8.598,25.491,308.791,269.437,165.517,143.001,39.354,81.649,4.12,336.394,-0.3268,0.471,1.1383
ACCO,Acco Brands Corp,Industrials,202010,NYSE,IL,,2025-12-31,4.7,1524.7,998.1,346.7,22.0,179.9,107.1,45.8,41.3,27.0,17.9,68.7,2253.0,1588.4,920.8,64.4,664.6,90.136,3.73,336.207,-0.2313,0.416,1.0828
AVTX,Avalo Therapeutics Inc,Health Care,352010,NASDAQ,PA,2015-10-15,2025-12-31,0.033,0.059,72.64,,50.084,-72.581,-72.925,,-78.259,0.0,0.0,-51.458,116.458,33.409,0.427,98.373,83.049,18.513,18.16,336.196,1.4442,0.909,0.7415
ASLE,Aersale Corp,Industrials,201010,NASDAQ,FL,,2025-12-31,0.704,335.286,210.178,89.984,,35.124,15.79,8.33,8.575,0.0,10.241,-22.969,640.472,216.041,144.833,4.379,424.431,47.222,7.11,335.748,0.1286,0.477,0.7714
ELLO,Ellomay Capital Ltd,Utilities,551050,NYSE American,,1995-10-06,2025-12-31,0.029,50.284,22.791,10.588,0.0,16.905,-2.444,27.921,-2.504,0.0,114.862,2.86,990.392,796.497,748.221,103.64,165.068,13.781,24.3,334.878,0.4954,0.672,0.6517
MLP,Maui Land & Pineapple Co,Real Estate,602010,NYSE,HI,1972-04-03,2025-12-31,0.02,19.457,18.125,4.744,0.0,-3.412,-4.547,0.216,-10.579,0.0,2.559,2.075,47.968,14.905,4.706,5.295,33.063,19.755,16.94,334.65,-0.2293,0.446,1.1029
USCB,Uscb Financial Holdings Inc,Financials,401010,NASDAQ,FL,,2025-12-31,0.205,152.079,64.154,37.497,,50.428,49.809,,26.1,7.829,0.303,42.805,2791.54,2574.357,203.069,38.477,217.183,18.138,18.42,334.102,0.0616,0.325,0.7093
TBRG,Trubridge Inc,Health Care,351030,NASDAQ,AL,2002-05-21,2025-12-31,3.5,346.836,162.974,123.854,32.557,60.008,33.731,12.316,4.354,0.0,1.321,36.966,402.528,224.567,166.743,24.85,177.961,14.988,22.07,330.785,0.1192,0.368,0.6958
VALU,Value Line Inc,Financials,402030,NASDAQ,NY,,2026-04-30,0.106,33.447,28.121,,,5.326,4.031,0.0,21.63,12.452,0.0,18.583,151.916,44.026,2.274,86.466,107.89,9.386,35.19,330.293,-0.2485,0.381,0.7515
RNGR,Ranger Energy Services,Energy,101010,NYSE,TX,2017-08-11,2025-12-31,2.3,546.9,456.6,28.8,,61.5,15.2,1.2,12.3,5.6,26.1,69.0,419.3,119.2,41.9,10.3,300.1,23.563,13.98,329.411,-0.0798,0.46,1.2361
ZIP,Ziprecruiter Inc,Communication Services,502030,NYSE,CA,2021-05-26,2025-12-31,0.8,448.952,44.327,410.321,124.565,-5.696,-18.158,29.629,-32.994,0.0,1.078,10.958,569.743,646.944,557.681,409.137,-77.201,84.402,3.9,329.168,-0.4613,0.69,1.3456
PBFS,Pioneer Bancorp Inc,Financials,401010,NASDAQ,NY,2019-07-18,2025-12-31,0.269,126.12,34.077,41.57,,50.473,48.574,,20.287,0.0,2.317,11.117,2150.684,1826.823,54.421,133.675,323.861,24.41,13.48,329.047,0.1701,0.211,0.3688
MVBF,Mvb Financial Corp,Financials,401010,NASDAQ,WV,,2025-12-31,0.403,200.735,76.652,79.354,,44.729,42.13,,26.94,8.707,1.915,4.028,3308.918,2974.95,103.493,244.125,333.968,12.716,25.83,328.454,0.2871,0.291,0.6262
BBCP,Concrete Pumping Holdings,Industrials,201030,NASDAQ,CO,2017-07-27,2025-10-31,1.53,392.867,202.552,95.241,,95.074,41.531,31.57,6.373,53.132,46.787,64.315,879.542,589.753,441.401,44.394,264.789,51.273,6.39,327.634,0.1287,0.524,0.7475
SMC,Summit Midstream Corp,Energy,101020,NYSE,TX,2012-09-28,2025-12-31,0.296,562.091,298.278,61.018,,202.795,88.636,97.559,-5.938,0.0,89.042,133.595,2387.609,1299.757,1053.52,19.679,435.647,12.262,26.68,327.15,-0.2938,0.52,1.1041
PTLO,Portillo'S Inc,Consumer Discretionary,253010,NASDAQ,IL,2021-10-21,2025-12-31,7.89,732.066,573.664,79.468,0.0,78.934,49.822,22.808,19.345,0.0,90.435,71.911,1606.534,1109.261,670.295,19.963,467.797,71.972,4.54,326.753,-0.517,0.571,1.0617
FVR,Frontview Reit Inc,Real Estate,601070,NYSE,TX,2024-10-02,2025-12-31,0.022,67.115,53.303,10.938,0.0,,2.874,18.016,-3.829,17.486,0.0,42.132,854.443,361.219,314.251,13.518,391.195,22.111,14.76,326.358,-0.1317,0.367,0.7549
HYLN,Hyliion Holdings Corp,Industrials,201040,NYSE American,TX,,2025-12-31,0.113,3.475,3.305,59.268,42.467,-59.098,-65.054,0.0,-57.188,0.0,23.74,-46.549,203.559,11.55,4.372,92.365,192.009,177.269,1.84,326.175,-0.295,0.925,1.644
ARTNA,Artesian Resources  -Cl A,Utilities,551040,NASDAQ,DE,,2025-12-31,0.274,112.941,63.522,,,49.419,35.613,8.686,22.822,12.677,58.845,40.346,851.229,601.307,182.646,0.052,249.922,10.316,31.61,326.089,0.0383,0.222,-0.102
NEWT,Newtekone Inc,Financials,402010,NASDAQ,FL,,2025-12-31,0.572,383.329,245.869,,,137.46,136.792,56.636,60.512,20.488,0.106,-579.241,2744.819,2347.249,822.762,327.12,349.389,28.658,11.35,325.268,-0.0488,0.356,1.1334
NFE,New Fortress Energy Inc,Energy,101020,NASDAQ,NY,2019-01-31,2025-12-31,1.295,1504.037,2293.177,,,-789.14,-1031.486,1117.41,-1843.606,1.304,650.811,-583.382,10555.623,10245.992,8574.657,397.942,182.647,284.553,1.14,324.39,-0.9246,1.515,2.1165
VOXR,Vox Royalty Corp,Materials,151040,NASDAQ,CO,,2025-12-31,0.007,16.622,7.552,,,9.07,2.346,0.844,5.886,2.974,17.742,10.737,123.396,16.35,6.7,8.085,107.046,68.365,4.74,324.05,1.0522,0.506,0.3689
TRON,Tron Inc,Consumer Discretionary,252020,NASDAQ,FL,,2025-12-31,,4.741,3.543,3.38,,-2.182,-2.517,0.03,-16.811,0.0,0.069,-1.443,211.433,1.117,0.684,10.455,210.316,261.315,1.24,324.031,0.9714,5.672,2.8775
OOMA,Ooma Inc,Information Technology,451030,NYSE,CA,2015-07-17,2026-01-31,1.42,273.602,98.885,155.987,50.259,18.73,7.729,,6.459,0.0,5.592,27.69,227.537,134.621,73.159,20.144,92.916,27.442,11.75,322.444,-0.1657,0.374,0.7356
BCML,Baycom Corp,Financials,401010,NASDAQ,CA,,2025-12-31,0.327,141.475,45.003,48.814,,47.658,44.667,,23.931,9.859,1.746,31.831,2593.677,2255.123,22.385,206.514,338.554,10.888,29.4,320.107,0.1304,0.298,0.7115
SOPH,Sophia Genetics Sa,Health Care,351030,NASDAQ,,2021-07-23,2025-12-31,0.415,77.271,19.928,118.634,35.193,-61.291,-70.82,4.554,-78.999,0.0,0.574,-35.893,163.031,115.886,63.02,70.289,47.145,68.486,4.67,319.83,0.5212,0.834,1.2367
ACIU,Ac Immune Sa,Health Care,352010,NASDAQ,,2016-09-23,2025-12-31,0.122,4.506,88.314,,71.174,-83.808,-86.965,0.241,-88.844,0.0,1.135,-87.35,194.534,137.929,5.727,115.285,56.605,101.742,3.14,319.47,0.163,0.754,0.8797
QUAD,Quad/Graphics Inc,Industrials,202010,NYSE,WI,2010-07-06,2025-12-31,10.1,2419.9,1896.6,325.9,2.9,197.4,118.8,50.5,27.0,15.1,45.2,95.9,1252.9,1124.3,444.0,63.3,128.6,50.9,6.27,319.143,-0.0522,0.549,0.9758
NGNE,Neurogene Inc,Health Care,352010,NASDAQ,NY,2014-03-07,2025-12-31,0.131,0.0,0.0,100.116,75.011,-100.116,-103.208,0.005,-90.351,0.0,1.183,-77.173,288.604,23.717,9.891,269.013,264.887,15.49,20.6,319.094,-0.0989,1.088,1.9212
CAMP,Camp4 Therapeutics Corp,Health Care,352010,NASDAQ,MA,2024-10-11,2025-12-31,0.048,3.498,53.92,,38.202,-50.422,-52.061,,-80.403,0.0,0.279,-29.553,117.808,70.104,1.974,110.863,47.704,51.903,6.13,318.165,0.1743,1.376,0.8996
PROK,Prokidney Corp,Health Care,352010,NASDAQ,NC,2021-06-30,2025-12-31,0.231,0.893,159.86,,114.123,-158.967,-164.689,0.004,-68.986,0.0,15.196,-120.117,335.574,34.781,4.036,270.017,-1011.213,141.807,2.24,317.648,0.3254,5.302,2.0371
NVEC,Nve Corp,Information Technology,453010,NASDAQ,MN,1990-05-04,2026-03-31,0.042,26.331,5.14,4.811,3.16,16.38,15.92,0.0,15.199,19.349,2.189,16.658,60.38,2.131,0.907,19.839,58.249,4.837,65.5,316.823,-0.2267,0.448,1.2336
LRMR,Larimar Therapeutics Inc,Health Care,352010,NASDAQ,PA,,2025-12-31,0.071,0.0,0.0,172.147,154.224,-172.147,-172.497,0.0,-165.673,0.0,0.091,-113.201,145.842,67.757,4.067,136.852,78.085,83.09,3.81,316.573,-0.0155,1.012,1.4491
DBI,Designer Brands Inc,Consumer Discretionary,255040,NYSE,OH,1991-06-10,2026-01-31,13.0,2892.671,1575.102,1204.27,0.0,113.299,54.22,45.338,-8.374,9.652,31.605,109.86,1947.633,1659.873,1237.849,50.871,282.486,49.795,6.34,315.7,0.465,0.984,1.9555
XOMA,Xoma Royalty Corp,Health Care,352010,NASDAQ,CA,,2025-12-31,0.014,52.149,37.793,,1.712,14.356,11.384,13.031,31.712,0.0,0.0,2.871,272.698,168.738,131.555,88.731,83.892,11.859,26.59,315.331,0.0118,0.523,0.8613
ALLO,Allogene Therapeutics,Health Care,352010,NASDAQ,CA,2018-10-11,2025-12-31,0.152,0.0,191.168,,150.152,-191.168,-203.527,1.075,-190.886,0.0,0.386,-149.246,415.905,123.363,83.253,250.21,292.542,229.414,1.37,314.297,-0.3568,0.985,1.2237
LOCO,El Pollo Loco Holdings Inc,Consumer Discretionary,253010,NASDAQ,CA,2014-07-25,2025-12-31,4.034,490.046,381.25,47.795,0.0,61.001,45.035,4.47,26.486,0.0,22.635,48.076,606.648,315.571,241.006,6.228,291.077,29.957,10.46,313.35,-0.0936,0.362,0.4722
FLWS,1-800-Flowers.Com,Consumer Discretionary,255040,NASDAQ,NY,1999-08-03,2025-06-30,3.9,1685.658,1026.761,647.045,,11.852,-41.766,15.438,-199.993,0.0,41.463,-26.363,772.617,504.335,271.326,46.502,268.282,63.619,4.92,313.005,-0.519,0.809,1.1507
GCO,Genesco Inc,Consumer Discretionary,255040,NYSE,TN,,2026-01-31,16.0,2436.096,1255.921,1109.536,0.0,70.639,17.314,4.798,13.269,0.0,62.054,145.76,1392.978,825.934,521.383,105.405,566.209,10.789,28.93,312.126,-0.4206,0.726,1.8739
NMRA,Neumora Therapeutics Inc,Health Care,352020,NASDAQ,MA,2023-09-15,2025-12-31,0.096,0.0,0.0,235.948,181.065,-235.948,-236.156,2.772,-236.928,0.0,0.0,-206.44,191.047,87.176,55.009,182.53,103.871,174.26,1.79,311.925,-0.8311,1.294,1.3363
ALDX,Aldeyra Therapeutics Inc,Health Care,352010,NASDAQ,MA,2014-05-02,2025-12-31,0.008,0.0,0.0,35.266,25.663,-35.266,-35.266,1.905,-33.847,0.0,0.0,-33.346,72.059,27.809,15.531,70.041,44.25,60.163,5.18,311.644,0.0381,1.137,1.0141
PLBC,Plumas Bancorp,Financials,401010,NASDAQ,NV,,2025-12-31,0.246,106.633,20.727,35.172,,50.734,47.899,,29.617,7.72,1.311,21.587,2238.523,1977.447,147.897,80.616,261.076,6.959,44.69,310.998,-0.0272,0.294,0.4909
CADL,Candel Theraptcs Inc,Health Care,352010,NASDAQ,MA,2021-07-27,2025-12-31,0.055,0.0,0.0,47.115,30.496,-47.115,-47.96,2.119,-38.182,0.0,0.587,-38.311,125.195,73.273,49.034,119.731,51.922,54.898,5.65,310.174,-0.3491,0.812,1.8461
LNKB,Linkbancorp Inc,Financials,401010,NASDAQ,PA,,2025-12-31,0.319,175.411,68.468,48.645,,58.298,52.359,,33.511,11.158,1.461,25.266,3070.929,2764.497,192.845,52.293,306.432,37.458,8.26,309.403,0.1502,0.323,0.7674
FSBW,Fs Bancorp Inc,Financials,401010,NASDAQ,WA,2012-07-10,2025-12-31,0.581,219.523,76.386,64.91,,78.227,78.227,,33.346,10.262,20.374,72.313,3196.847,2889.153,184.855,28.219,307.694,7.508,41.17,309.104,0.0375,0.291,0.6539
PCB,Pcb Bancorp,Financials,401010,NASDAQ,CA,,2025-12-31,0.265,209.372,97.686,45.793,,65.893,61.6,,37.453,11.465,2.193,26.589,3281.771,2891.745,52.996,207.142,320.885,14.23,21.65,308.08,0.1118,0.284,0.7725
BNTC,Benitec Biopharma Inc,Health Care,352010,NASDAQ,CA,,2025-06-30,0.019,0.0,41.699,,18.332,-41.699,-41.765,,-37.917,0.0,0.018,-23.588,99.592,2.297,0.849,97.857,97.295,26.25,11.7,307.125,0.0665,0.675,0.6852
MPX,Marine Products Corp,Consumer Discretionary,252020,NYSE,GA,,2025-12-31,0.698,244.419,194.506,32.247,1.5,17.666,14.528,0.09,11.383,19.595,1.541,16.464,147.232,22.267,0.153,43.512,124.965,34.998,8.76,306.582,0.0194,0.355,0.8151
VUZI,Vuzix Corp,Information Technology,452030,NASDAQ,NY,,2025-12-31,0.088,6.281,6.642,28.866,12.626,-29.227,-32.377,0.0,-32.273,0.0,2.013,-18.789,40.072,5.39,1.003,21.15,24.682,81.1,3.78,306.558,-0.0406,1.08,2.521
AVNW,Aviat Networks Inc,Information Technology,452010,NASDAQ,TX,2007-01-29,2025-06-30,0.923,434.606,286.942,117.647,35.768,30.017,21.972,6.058,1.341,0.0,12.97,5.721,633.296,370.113,90.921,59.69,263.183,12.74,24.05,306.397,0.1806,0.517,1.2331
FHTX,Foghorn Therapeutics Inc,Health Care,352010,NASDAQ,MA,2020-10-23,2025-12-31,0.106,30.909,109.684,,85.466,-78.775,-82.107,0.0,-74.283,0.0,0.05,-86.099,198.103,306.603,41.27,160.144,-108.5,56.657,5.4,305.948,0.1441,0.789,1.4086
SKYH,Sky Harbour Group Corp,Industrials,203050,NYSE,NY,2020-10-22,2025-12-31,0.112,27.54,25.456,23.817,,-21.733,-28.027,8.136,18.818,0.0,84.174,-2.336,593.176,421.21,373.581,48.477,127.743,33.99,8.97,304.89,-0.2481,0.418,0.8881
MCFT,Mastercraft Boat Hldngs In,Consumer Discretionary,252020,NASDAQ,TN,2015-07-17,2025-06-30,0.7,284.203,219.559,43.174,6.5,21.47,11.891,1.169,7.043,0.0,9.198,35.593,259.948,76.362,0.0,79.444,183.386,16.407,18.58,304.842,-0.0084,0.459,1.0812
NECB,Northeast Community Bancorp,Financials,401010,NASDAQ,NY,2006-07-06,2025-12-31,0.146,158.211,53.284,27.044,,77.883,76.714,,44.413,13.404,1.747,52.588,2063.508,1711.808,75.23,81.275,351.7,13.442,22.61,303.924,-0.035,0.29,0.7594
WSBF,Waterstone Financial Inc,Financials,402010,NASDAQ,WI,,2025-12-31,0.593,201.295,57.98,86.813,,56.502,54.607,,26.402,10.641,1.165,24.183,2259.507,1910.115,412.258,71.107,349.392,18.36,16.55,303.858,0.2875,0.254,0.5097
XRX,Xerox Holdings Corp,Information Technology,452020,NASDAQ,CT,,2025-12-31,22.9,7022.0,4632.0,1816.0,178.0,574.0,243.0,322.0,-1029.0,27.0,91.0,224.0,9823.0,9150.0,4582.0,543.0,444.0,128.044,2.37,303.464,-0.7052,0.682,1.7052
PKOH,Park Ohio Holdings Corp,Industrials,201060,NASDAQ,OH,,2025-12-31,6.3,1599.1,1294.9,189.6,,114.6,81.6,47.5,23.8,7.2,40.3,41.3,1419.6,1036.8,670.3,44.8,380.9,14.402,20.94,301.578,-0.1826,0.438,1.1987
IPST,Ip Strategy Holdings Inc,Consumer Staples,302010,NASDAQ,WA,2024-11-22,2025-12-31,0.021,10.12,4.395,17.012,,-11.287,-12.351,1.642,-137.715,0.0,0.075,-15.328,108.758,10.542,4.742,0.245,98.216,193.022,1.56,301.114,-0.9547,1.579,1.2239
KELYA,Kelly Services Inc  -Cl A,Industrials,202020,NASDAQ,MI,,2025-12-31,379.9,4250.9,3397.9,751.3,,101.7,59.7,12.4,-254.1,11.0,8.5,122.6,2250.6,1274.1,159.1,33.0,976.5,34.2,8.8,300.96,-0.3523,0.402,0.6901
GLSI,Greenwich Lifescie Inc,Health Care,352010,NASDAQ,TX,2020-09-25,2025-12-31,,0.0,0.0,19.446,17.22,-19.446,-19.448,0.0,-19.358,0.0,0.0,-9.913,6.178,5.825,0.0,6.178,0.353,14.298,21.01,300.401,0.8709,0.668,0.862
